/home/lc/projekty/OpenKomodoIDE/mozilla/build.py:166: SyntaxWarning: invalid escape sequence '\d'
  changenum = int(re.match("(\d+)", changestr).group(1))
/home/lc/projekty/OpenKomodoIDE/mozilla/build.py:434: SyntaxWarning: invalid escape sequence '\d'
  patterns = [re.compile("\d+\.\d+")]
/home/lc/projekty/OpenKomodoIDE/mozilla/build.py:1173: SyntaxWarning: invalid escape sequence '\d'
  if not re.match("^\d+\.\d+$", optarg):
/home/lc/projekty/OpenKomodoIDE/mozilla/build.py:1635: SyntaxWarning: invalid escape sequence '\%'
  %%MOZ_OBJDIR%%\%s
/home/lc/projekty/OpenKomodoIDE/mozilla/build.py:3023: SyntaxWarning: invalid escape sequence '\w'
  _remote_path_re = re.compile("(\w+@)?\w+:/(?!/)")
build: info: target: mozilla
build: info: Using system autoconf for Firefox 140 ESR
perl: warning: Setting locale failed.
perl: warning: Please check that your locale settings:
	LANGUAGE = (unset),
	LC_ALL = "en_US.UTF-8",
	LC_CTYPE = (unset),
	LC_NUMERIC = (unset),
	LC_COLLATE = (unset),
	LC_TIME = (unset),
	LC_MESSAGES = (unset),
	LC_MONETARY = (unset),
	LC_ADDRESS = (unset),
	LC_IDENTIFICATION = (unset),
	LC_MEASUREMENT = (unset),
	LC_PAPER = (unset),
	LC_TELEPHONE = (unset),
	LC_NAME = (unset),
	LANG = "C.UTF-8"
    are supported and installed on your system.
perl: warning: Falling back to a fallback locale ("C.UTF-8").
build: info: Using modern autoconf version 2.72 for Firefox 140 ESR
build: info: running 'python mach mach-commands' in '/home/lc/projekty/OpenKomodoIDE/mozilla/build/moz14000-ko14.10/mozilla'
sh: 1: python: Permission denied
build: info: running 'python3 mach --log-file /home/lc/projekty/OpenKomodoIDE/mozilla/build/moz14000-ko14.10/mozilla/mach.log build ' in '/home/lc/projekty/OpenKomodoIDE/mozilla/build/moz14000-ko14.10/mozilla'
/home/lc/projekty/OpenKomodoIDE/mozilla/build/moz-state/srcdirs/mozilla-a75811c90ce1/_virtualenvs/mach/lib/python3.13/site-packages/psutil/_pslinux.py:513: RuntimeWarning: shared, active, inactive memory stats couldn't be determined and were set to 0
  warnings.warn(msg, RuntimeWarning)
/home/lc/projekty/OpenKomodoIDE/mozilla/build/moz-state/srcdirs/mozilla-a75811c90ce1/_virtualenvs/mach/lib/python3.13/site-packages/psutil/_pslinux.py:547: RuntimeWarning: 'sin' and 'sout' swap memory stats couldn't be determined and were set to 0 ([Errno 2] No such file or directory: '/proc/vmstat')
  warnings.warn(msg, RuntimeWarning)
 0:01.29 W Clobber not needed.
 0:01.39 W Adding make options from /home/lc/projekty/OpenKomodoIDE/mozilla/build/moz14000-ko14.10/mozilla/.mozconfig
    MOZ_OBJDIR=/home/lc/projekty/OpenKomodoIDE/mozilla/build/moz14000-ko14.10/mozilla/obj-x86_64-pc-linux-gnu
    OBJDIR=/home/lc/projekty/OpenKomodoIDE/mozilla/build/moz14000-ko14.10/mozilla/obj-x86_64-pc-linux-gnu
    FOUND_MOZCONFIG=/home/lc/projekty/OpenKomodoIDE/mozilla/build/moz14000-ko14.10/mozilla/.mozconfig
    export FOUND_MOZCONFIG
 0:01.39 /bin/gmake -f client.mk -j8 -s
 0:02.28 ./buildid.h.stub
 0:02.28 ./source-repo.h.stub
 0:02.49 ./application.ini.stub
 0:02.62 ./application.ini.h.stub
 0:02.84 browser/app
 0:02.98 third_party/sqlite3/src
 0:03.01 config/external/icu/i18n
 0:03.01 media/libvpx
 0:03.03 config/external/icu/common
 0:03.07 media/libaom
 0:03.45 devtools/shared/heapsnapshot
 0:08.29 /home/lc/projekty/OpenKomodoIDE/mozilla/build/moz14000-ko14.10/mozilla/intl/icu/source/common/ucnv.cpp: In function 'UConverter* ucnv_clone_77(const UConverter*, UErrorCode*)':
 0:08.29 /home/lc/projekty/OpenKomodoIDE/mozilla/build/moz14000-ko14.10/mozilla/intl/icu/source/common/ucnv.cpp:326:26: warning: 'UConverter* ucnv_safeClone_77(const UConverter*, void*, int32_t*, UErrorCode*)' is deprecated [-Wdeprecated-declarations]
 0:08.29   326 |     return ucnv_safeClone(cnv, nullptr, nullptr, status);
 0:08.29 In file included from /home/lc/projekty/OpenKomodoIDE/mozilla/build/moz14000-ko14.10/mozilla/obj-x86_64-pc-linux-gnu/dist/include/unicode/platform.h:25,
 0:08.29                  from /home/lc/projekty/OpenKomodoIDE/mozilla/build/moz14000-ko14.10/mozilla/obj-x86_64-pc-linux-gnu/dist/include/unicode/ptypes.h:46,
 0:08.29                  from /home/lc/projekty/OpenKomodoIDE/mozilla/build/moz14000-ko14.10/mozilla/obj-x86_64-pc-linux-gnu/dist/include/unicode/umachine.h:46,
 0:08.29                  from /home/lc/projekty/OpenKomodoIDE/mozilla/build/moz14000-ko14.10/mozilla/intl/icu/source/common/unicode/utypes.h:38,
 0:08.29                  from /home/lc/projekty/OpenKomodoIDE/mozilla/build/moz14000-ko14.10/mozilla/intl/icu/source/common/ucnv.cpp:24:
 0:08.29 /home/lc/projekty/OpenKomodoIDE/mozilla/build/moz14000-ko14.10/mozilla/obj-x86_64-pc-linux-gnu/dist/include/unicode/urename.h:710:49: note: declared here
 0:08.29   710 | #define ucnv_safeClone U_ICU_ENTRY_POINT_RENAME(ucnv_safeClone)
 0:08.29       |                                                 ^~~~~~~~~~~~~~
 0:08.29 /home/lc/projekty/OpenKomodoIDE/mozilla/build/moz14000-ko14.10/mozilla/obj-x86_64-pc-linux-gnu/dist/include/unicode/uvernum.h:121:50: note: in definition of macro 'U_DEF_ICU_ENTRY_POINT_RENAME'
 0:08.29   121 | #       define U_DEF_ICU_ENTRY_POINT_RENAME(x,y) x ## y
 0:08.29       |                                                  ^
 0:08.29 /home/lc/projekty/OpenKomodoIDE/mozilla/build/moz14000-ko14.10/mozilla/obj-x86_64-pc-linux-gnu/dist/include/unicode/uvernum.h:123:47: note: in expansion of macro 'U_DEF2_ICU_ENTRY_POINT_RENAME'
 0:08.29   123 | #       define U_ICU_ENTRY_POINT_RENAME(x)    U_DEF2_ICU_ENTRY_POINT_RENAME(x,U_ICU_VERSION_SUFFIX)
 0:08.29       |                                               ^~~~~~~~~~~~~~~~~~~~~~~~~~~~~
 0:08.29 /home/lc/projekty/OpenKomodoIDE/mozilla/build/moz14000-ko14.10/mozilla/obj-x86_64-pc-linux-gnu/dist/include/unicode/urename.h:710:24: note: in expansion of macro 'U_ICU_ENTRY_POINT_RENAME'
 0:08.29   710 | #define ucnv_safeClone U_ICU_ENTRY_POINT_RENAME(ucnv_safeClone)
 0:08.30       |                        ^~~~~~~~~~~~~~~~~~~~~~~~
 0:08.30 /home/lc/projekty/OpenKomodoIDE/mozilla/build/moz14000-ko14.10/mozilla/intl/icu/source/common/ucnv.cpp:158:1: note: in expansion of macro 'ucnv_safeClone'
 0:08.30   158 | ucnv_safeClone(const UConverter* cnv, void *stackBuffer, int32_t *pBufferSize, UErrorCode *status)
 0:08.30       | ^~~~~~~~~~~~~~
 0:08.30 /home/lc/projekty/OpenKomodoIDE/mozilla/build/moz14000-ko14.10/mozilla/intl/icu/source/common/ucnv.cpp: In function 'void ucnv_setSubstString_77(UConverter*, const char16_t*, int32_t, UErrorCode*)':
 0:08.30 /home/lc/projekty/OpenKomodoIDE/mozilla/build/moz14000-ko14.10/mozilla/intl/icu/source/common/ucnv.cpp:492:27: warning: 'UConverter* ucnv_safeClone_77(const UConverter*, void*, int32_t*, UErrorCode*)' is deprecated [-Wdeprecated-declarations]
 0:08.30   492 |     clone = ucnv_safeClone(cnv, cloneBuffer, &cloneSize, err);
 0:08.30 /home/lc/projekty/OpenKomodoIDE/mozilla/build/moz14000-ko14.10/mozilla/obj-x86_64-pc-linux-gnu/dist/include/unicode/urename.h:710:49: note: declared here
 0:08.30   710 | #define ucnv_safeClone U_ICU_ENTRY_POINT_RENAME(ucnv_safeClone)
 0:08.30       |                                                 ^~~~~~~~~~~~~~
 0:08.30 /home/lc/projekty/OpenKomodoIDE/mozilla/build/moz14000-ko14.10/mozilla/obj-x86_64-pc-linux-gnu/dist/include/unicode/uvernum.h:121:50: note: in definition of macro 'U_DEF_ICU_ENTRY_POINT_RENAME'
 0:08.30   121 | #       define U_DEF_ICU_ENTRY_POINT_RENAME(x,y) x ## y
 0:08.30       |                                                  ^
 0:08.30 /home/lc/projekty/OpenKomodoIDE/mozilla/build/moz14000-ko14.10/mozilla/obj-x86_64-pc-linux-gnu/dist/include/unicode/uvernum.h:123:47: note: in expansion of macro 'U_DEF2_ICU_ENTRY_POINT_RENAME'
 0:08.30   123 | #       define U_ICU_ENTRY_POINT_RENAME(x)    U_DEF2_ICU_ENTRY_POINT_RENAME(x,U_ICU_VERSION_SUFFIX)
 0:08.30       |                                               ^~~~~~~~~~~~~~~~~~~~~~~~~~~~~
 0:08.30 /home/lc/projekty/OpenKomodoIDE/mozilla/build/moz14000-ko14.10/mozilla/obj-x86_64-pc-linux-gnu/dist/include/unicode/urename.h:710:24: note: in expansion of macro 'U_ICU_ENTRY_POINT_RENAME'
 0:08.30   710 | #define ucnv_safeClone U_ICU_ENTRY_POINT_RENAME(ucnv_safeClone)
 0:08.30       |                        ^~~~~~~~~~~~~~~~~~~~~~~~
 0:08.30 /home/lc/projekty/OpenKomodoIDE/mozilla/build/moz14000-ko14.10/mozilla/intl/icu/source/common/ucnv.cpp:158:1: note: in expansion of macro 'ucnv_safeClone'
 0:08.30   158 | ucnv_safeClone(const UConverter* cnv, void *stackBuffer, int32_t *pBufferSize, UErrorCode *status)
 0:08.30       | ^~~~~~~~~~~~~~
 0:08.48 docshell/base
 0:10.44 warning: implicit autoref creates a reference to the dereference of a raw pointer
 0:10.44     --> third_party/rust/allocator-api2/src/stable/vec/mod.rs:1902:30
 0:10.44      |
 0:10.44 1902 |         let count = unsafe { (*other).len() };
 0:10.44      |                              ^^-----^^^^^^^
 0:10.44      |                                |
 0:10.44      |                                this raw pointer has type `*const [T]`
 0:10.44      |
 0:10.44      = note: creating a reference requires the pointer target to be valid and imposes aliasing requirements
 0:10.44 note: autoref is being applied to this expression, resulting in: `&[T]`
 0:10.44     --> third_party/rust/allocator-api2/src/stable/vec/mod.rs:1902:30
 0:10.44      |
 0:10.44 1902 |         let count = unsafe { (*other).len() };
 0:10.44      |                              ^^^^^^^^
 0:10.44 note: method calls to `len` require a reference
 0:10.44     --> /rustc/ded5c06cf21d2b93bffd5d884aa6e96934ee4234/library/core/src/slice/mod.rs:114:5
 0:10.44      = note: `#[warn(dangerous_implicit_autorefs)]` on by default
 0:10.44 help: try using a raw pointer method instead; or if this reference is intentional, make it explicit
 0:10.44      |
 0:10.44 1902 |         let count = unsafe { (&(*other)).len() };
 0:10.44      |                              ++        +
 0:10.44 warning: `allocator-api2` (lib) generated 1 warning
 0:10.44 warning: hiding a lifetime that's elided elsewhere is confusing
 0:10.44     --> xpcom/rust/nsstring/src/lib.rs:644:38
 0:10.44      |
 0:10.44  644 |               pub unsafe fn bulk_write(&mut self,
 0:10.44      |                                        ^^^^^^^^^ the lifetime is elided here
 0:10.44 ...
 0:10.44  647 |                                        allow_shrinking: bool) -> Result<$BulkWriteHandle, ()> {
 0:10.44      |                                                                         ^^^^^^^^^^^^^^^^ the same lifetime is hidden here
 0:10.44 ...
 0:10.44 1082 | / define_string_types! {
 0:10.44 1083 | |     char_t = u8;
 0:10.45 1084 | |
 0:10.45 1085 | |     AString = nsACString;
 0:10.45 ...    |
 0:10.45 1103 | |     start_bulk_write = Gecko_StartBulkWriteCString;
 0:10.45 1104 | | }
 0:10.45      | |_- in this macro invocation
 0:10.45      |
 0:10.45      = help: the same lifetime is referred to in inconsistent ways, making the signature confusing
 0:10.45      = note: `#[warn(mismatched_lifetime_syntaxes)]` on by default
 0:10.45      = note: this warning originates in the macro `define_string_types` (in Nightly builds, run with -Z macro-backtrace for more info)
 0:10.45 help: use `'_` for type paths
 0:10.45      |
 0:10.45  647 |                                      allow_shrinking: bool) -> Result<$BulkWriteHandle<'_>, ()> {
 0:10.45      |                                                                                       ++++
 0:10.45 warning: hiding a lifetime that's elided elsewhere is confusing
 0:10.45     --> xpcom/rust/nsstring/src/lib.rs:208:22
 0:10.45      |
 0:10.45  208 |               fn adapt(&self) -> $StringAdapter;
 0:10.45      |                        ^^^^^     ^^^^^^^^^^^^^^ the same lifetime is hidden here
 0:10.45      |                        |
 0:10.45      |                        the lifetime is elided here
 0:10.45 ...
 0:10.45 1082 | / define_string_types! {
 0:10.45 1083 | |     char_t = u8;
 0:10.45 1084 | |
 0:10.45 1085 | |     AString = nsACString;
 0:10.45 ...    |
 0:10.45 1103 | |     start_bulk_write = Gecko_StartBulkWriteCString;
 0:10.45 1104 | | }
 0:10.45      | |_- in this macro invocation
 0:10.45      |
 0:10.45      = help: the same lifetime is referred to in inconsistent ways, making the signature confusing
 0:10.45      = note: this warning originates in the macro `string_like` which comes from the expansion of the macro `define_string_types` (in Nightly builds, run with -Z macro-backtrace for more info)
 0:10.45 help: use `'_` for type paths
 0:10.45      |
 0:10.45  208 |             fn adapt(&self) -> $StringAdapter<'_>;
 0:10.45      |                                              ++++
 0:10.45 warning: hiding a lifetime that's elided elsewhere is confusing
 0:10.45     --> xpcom/rust/nsstring/src/lib.rs:212:22
 0:10.45      |
 0:10.45  212 |               fn adapt(&self) -> $StringAdapter {
 0:10.45      |                        ^^^^^     ^^^^^^^^^^^^^^ the same lifetime is hidden here
 0:10.45      |                        |
 0:10.45      |                        the lifetime is elided here
 0:10.45 ...
 0:10.45 1082 | / define_string_types! {
 0:10.45 1083 | |     char_t = u8;
 0:10.45 1084 | |
 0:10.45 1085 | |     AString = nsACString;
 0:10.45 ...    |
 0:10.45 1103 | |     start_bulk_write = Gecko_StartBulkWriteCString;
 0:10.45 1104 | | }
 0:10.45      | |_- in this macro invocation
 0:10.45      |
 0:10.45      = help: the same lifetime is referred to in inconsistent ways, making the signature confusing
 0:10.45      = note: this warning originates in the macro `string_like` which comes from the expansion of the macro `define_string_types` (in Nightly builds, run with -Z macro-backtrace for more info)
 0:10.45 help: use `'_` for type paths
 0:10.45      |
 0:10.45  212 |             fn adapt(&self) -> $StringAdapter<'_> {
 0:10.45      |                                              ++++
 0:10.45 warning: hiding a lifetime that's elided elsewhere is confusing
 0:10.45     --> xpcom/rust/nsstring/src/lib.rs:219:22
 0:10.45      |
 0:10.45  219 |               fn adapt(&self) -> $StringAdapter {
 0:10.45      |                        ^^^^^     ^^^^^^^^^^^^^^ the same lifetime is hidden here
 0:10.45      |                        |
 0:10.45      |                        the lifetime is elided here
 0:10.45 ...
 0:10.45 1082 | / define_string_types! {
 0:10.45 1083 | |     char_t = u8;
 0:10.45 1084 | |
 0:10.45 1085 | |     AString = nsACString;
 0:10.45 ...    |
 0:10.45 1103 | |     start_bulk_write = Gecko_StartBulkWriteCString;
 0:10.45 1104 | | }
 0:10.45      | |_- in this macro invocation
 0:10.45      |
 0:10.45      = help: the same lifetime is referred to in inconsistent ways, making the signature confusing
 0:10.45      = note: this warning originates in the macro `string_like` which comes from the expansion of the macro `define_string_types` (in Nightly builds, run with -Z macro-backtrace for more info)
 0:10.45 help: use `'_` for type paths
 0:10.45      |
 0:10.45  219 |             fn adapt(&self) -> $StringAdapter<'_> {
 0:10.45      |                                              ++++
 0:10.45 warning: hiding a lifetime that's elided elsewhere is confusing
 0:10.45     --> xpcom/rust/nsstring/src/lib.rs:225:22
 0:10.45      |
 0:10.45  225 |               fn adapt(&self) -> $StringAdapter {
 0:10.45      |                        ^^^^^     ^^^^^^^^^^^^^^ the same lifetime is hidden here
 0:10.45      |                        |
 0:10.45      |                        the lifetime is elided here
 0:10.45 ...
 0:10.45 1082 | / define_string_types! {
 0:10.45 1083 | |     char_t = u8;
 0:10.45 1084 | |
 0:10.45 1085 | |     AString = nsACString;
 0:10.45 ...    |
 0:10.45 1103 | |     start_bulk_write = Gecko_StartBulkWriteCString;
 0:10.45 1104 | | }
 0:10.45      | |_- in this macro invocation
 0:10.45      |
 0:10.45      = help: the same lifetime is referred to in inconsistent ways, making the signature confusing
 0:10.45      = note: this warning originates in the macro `string_like` which comes from the expansion of the macro `define_string_types` (in Nightly builds, run with -Z macro-backtrace for more info)
 0:10.45 help: use `'_` for type paths
 0:10.45      |
 0:10.45  225 |             fn adapt(&self) -> $StringAdapter<'_> {
 0:10.45      |                                              ++++
 0:10.45 warning: hiding a lifetime that's elided elsewhere is confusing
 0:10.45     --> xpcom/rust/nsstring/src/lib.rs:231:22
 0:10.45      |
 0:10.45  231 |               fn adapt(&self) -> $StringAdapter {
 0:10.45      |                        ^^^^^     ^^^^^^^^^^^^^^ the same lifetime is hidden here
 0:10.45      |                        |
 0:10.45      |                        the lifetime is elided here
 0:10.45 ...
 0:10.45 1082 | / define_string_types! {
 0:10.45 1083 | |     char_t = u8;
 0:10.45 1084 | |
 0:10.45 1085 | |     AString = nsACString;
 0:10.45 ...    |
 0:10.45 1103 | |     start_bulk_write = Gecko_StartBulkWriteCString;
 0:10.45 1104 | | }
 0:10.45      | |_- in this macro invocation
 0:10.46      |
 0:10.46      = help: the same lifetime is referred to in inconsistent ways, making the signature confusing
 0:10.46      = note: this warning originates in the macro `string_like` which comes from the expansion of the macro `define_string_types` (in Nightly builds, run with -Z macro-backtrace for more info)
 0:10.46 help: use `'_` for type paths
 0:10.46      |
 0:10.46  231 |             fn adapt(&self) -> $StringAdapter<'_> {
 0:10.46      |                                              ++++
 0:10.46 warning: hiding a lifetime that's elided elsewhere is confusing
 0:10.46     --> xpcom/rust/nsstring/src/lib.rs:237:22
 0:10.46      |
 0:10.46  237 |               fn adapt(&self) -> $StringAdapter {
 0:10.46      |                        ^^^^^     ^^^^^^^^^^^^^^ the same lifetime is hidden here
 0:10.46      |                        |
 0:10.46      |                        the lifetime is elided here
 0:10.46 ...
 0:10.46 1082 | / define_string_types! {
 0:10.46 1083 | |     char_t = u8;
 0:10.46 1084 | |
 0:10.46 1085 | |     AString = nsACString;
 0:10.46 ...    |
 0:10.46 1103 | |     start_bulk_write = Gecko_StartBulkWriteCString;
 0:10.46 1104 | | }
 0:10.46      | |_- in this macro invocation
 0:10.46      |
 0:10.46      = help: the same lifetime is referred to in inconsistent ways, making the signature confusing
 0:10.46      = note: this warning originates in the macro `string_like` which comes from the expansion of the macro `define_string_types` (in Nightly builds, run with -Z macro-backtrace for more info)
 0:10.46 help: use `'_` for type paths
 0:10.46      |
 0:10.46  237 |             fn adapt(&self) -> $StringAdapter<'_> {
 0:10.46      |                                              ++++
 0:10.46 warning: hiding a lifetime that's elided elsewhere is confusing
 0:10.46     --> xpcom/rust/nsstring/src/lib.rs:243:22
 0:10.46      |
 0:10.46  243 |               fn adapt(&self) -> $StringAdapter {
 0:10.46      |                        ^^^^^     ^^^^^^^^^^^^^^ the same lifetime is hidden here
 0:10.46      |                        |
 0:10.46      |                        the lifetime is elided here
 0:10.46 ...
 0:10.46 1082 | / define_string_types! {
 0:10.46 1083 | |     char_t = u8;
 0:10.46 1084 | |
 0:10.46 1085 | |     AString = nsACString;
 0:10.46 ...    |
 0:10.46 1103 | |     start_bulk_write = Gecko_StartBulkWriteCString;
 0:10.46 1104 | | }
 0:10.46      | |_- in this macro invocation
 0:10.46      |
 0:10.46      = help: the same lifetime is referred to in inconsistent ways, making the signature confusing
 0:10.46      = note: this warning originates in the macro `string_like` which comes from the expansion of the macro `define_string_types` (in Nightly builds, run with -Z macro-backtrace for more info)
 0:10.46 help: use `'_` for type paths
 0:10.46      |
 0:10.46  243 |             fn adapt(&self) -> $StringAdapter<'_> {
 0:10.46      |                                              ++++
 0:10.46 warning: hiding a lifetime that's elided elsewhere is confusing
 0:10.46     --> xpcom/rust/nsstring/src/lib.rs:249:22
 0:10.46      |
 0:10.46  249 |               fn adapt(&self) -> $StringAdapter {
 0:10.46      |                        ^^^^^     ^^^^^^^^^^^^^^ the same lifetime is hidden here
 0:10.46      |                        |
 0:10.46      |                        the lifetime is elided here
 0:10.46 ...
 0:10.46 1082 | / define_string_types! {
 0:10.46 1083 | |     char_t = u8;
 0:10.46 1084 | |
 0:10.46 1085 | |     AString = nsACString;
 0:10.46 ...    |
 0:10.46 1103 | |     start_bulk_write = Gecko_StartBulkWriteCString;
 0:10.46 1104 | | }
 0:10.46      | |_- in this macro invocation
 0:10.46      |
 0:10.46      = help: the same lifetime is referred to in inconsistent ways, making the signature confusing
 0:10.46      = note: this warning originates in the macro `string_like` which comes from the expansion of the macro `define_string_types` (in Nightly builds, run with -Z macro-backtrace for more info)
 0:10.46 help: use `'_` for type paths
 0:10.46      |
 0:10.46  249 |             fn adapt(&self) -> $StringAdapter<'_> {
 0:10.46      |                                              ++++
 0:10.46 warning: hiding a lifetime that's elided elsewhere is confusing
 0:10.46     --> xpcom/rust/nsstring/src/lib.rs:255:22
 0:10.46      |
 0:10.46  255 |               fn adapt(&self) -> $StringAdapter {
 0:10.46      |                        ^^^^^     ^^^^^^^^^^^^^^ the same lifetime is hidden here
 0:10.46      |                        |
 0:10.46      |                        the lifetime is elided here
 0:10.46 ...
 0:10.46 1082 | / define_string_types! {
 0:10.46 1083 | |     char_t = u8;
 0:10.46 1084 | |
 0:10.46 1085 | |     AString = nsACString;
 0:10.46 ...    |
 0:10.46 1103 | |     start_bulk_write = Gecko_StartBulkWriteCString;
 0:10.46 1104 | | }
 0:10.46      | |_- in this macro invocation
 0:10.46      |
 0:10.46      = help: the same lifetime is referred to in inconsistent ways, making the signature confusing
 0:10.46      = note: this warning originates in the macro `string_like` which comes from the expansion of the macro `define_string_types` (in Nightly builds, run with -Z macro-backtrace for more info)
 0:10.46 help: use `'_` for type paths
 0:10.46      |
 0:10.46  255 |             fn adapt(&self) -> $StringAdapter<'_> {
 0:10.46      |                                              ++++
 0:10.46 warning: hiding a lifetime that's elided elsewhere is confusing
 0:10.46     --> xpcom/rust/nsstring/src/lib.rs:1110:20
 0:10.46      |
 0:10.46 1110 |     pub fn to_utf8(&self) -> borrow::Cow<str> {
 0:10.46      |                    ^^^^^     ^^^^^^^^^^^^^^^^ the same lifetime is hidden here
 0:10.46      |                    |
 0:10.46      |                    the lifetime is elided here
 0:10.46      |
 0:10.46      = help: the same lifetime is referred to in inconsistent ways, making the signature confusing
 0:10.46 help: use `'_` for type paths
 0:10.46      |
 0:10.46 1110 |     pub fn to_utf8(&self) -> borrow::Cow<'_, str> {
 0:10.46      |                                          +++
 0:10.46 warning: hiding a lifetime that's elided elsewhere is confusing
 0:10.46     --> xpcom/rust/nsstring/src/lib.rs:1187:14
 0:10.46      |
 0:10.46 1187 |     fn adapt(&self) -> nsCStringAdapter {
 0:10.46      |              ^^^^^     ^^^^^^^^^^^^^^^^ the same lifetime is hidden here
 0:10.46      |              |
 0:10.46      |              the lifetime is elided here
 0:10.46      |
 0:10.46      = help: the same lifetime is referred to in inconsistent ways, making the signature confusing
 0:10.46 help: use `'_` for type paths
 0:10.46      |
 0:10.46 1187 |     fn adapt(&self) -> nsCStringAdapter<'_> {
 0:10.46      |                                        ++++
 0:10.46 warning: hiding a lifetime that's elided elsewhere is confusing
 0:10.46     --> xpcom/rust/nsstring/src/lib.rs:1193:14
 0:10.46      |
 0:10.46 1193 |     fn adapt(&self) -> nsCStringAdapter {
 0:10.46      |              ^^^^^     ^^^^^^^^^^^^^^^^ the same lifetime is hidden here
 0:10.46      |              |
 0:10.46      |              the lifetime is elided here
 0:10.46      |
 0:10.46      = help: the same lifetime is referred to in inconsistent ways, making the signature confusing
 0:10.46 help: use `'_` for type paths
 0:10.46      |
 0:10.46 1193 |     fn adapt(&self) -> nsCStringAdapter<'_> {
 0:10.46      |                                        ++++
 0:10.46 warning: hiding a lifetime that's elided elsewhere is confusing
 0:10.46     --> xpcom/rust/nsstring/src/lib.rs:1199:14
 0:10.46      |
 0:10.46 1199 |     fn adapt(&self) -> nsCStringAdapter {
 0:10.46      |              ^^^^^     ^^^^^^^^^^^^^^^^ the same lifetime is hidden here
 0:10.46      |              |
 0:10.46      |              the lifetime is elided here
 0:10.46      |
 0:10.47      = help: the same lifetime is referred to in inconsistent ways, making the signature confusing
 0:10.47 help: use `'_` for type paths
 0:10.47      |
 0:10.47 1199 |     fn adapt(&self) -> nsCStringAdapter<'_> {
 0:10.47      |                                        ++++
 0:10.47 warning: hiding a lifetime that's elided elsewhere is confusing
 0:10.47     --> xpcom/rust/nsstring/src/lib.rs:208:22
 0:10.47      |
 0:10.47  208 |               fn adapt(&self) -> $StringAdapter;
 0:10.47      |                        ^^^^^     ^^^^^^^^^^^^^^ the same lifetime is hidden here
 0:10.47      |                        |
 0:10.47      |                        the lifetime is elided here
 0:10.47 ...
 0:10.47 1210 | / string_like! {
 0:10.47 1211 | |     char_t = u8;
 0:10.47 1212 | |
 0:10.47 1213 | |     AString = nsACString;
 0:10.47 ...    |
 0:10.47 1218 | |     StringAdapter = nsCStringAdapter;
 0:10.47 1219 | | }
 0:10.47      | |_- in this macro invocation
 0:10.47      |
 0:10.47      = help: the same lifetime is referred to in inconsistent ways, making the signature confusing
 0:10.47      = note: this warning originates in the macro `string_like` (in Nightly builds, run with -Z macro-backtrace for more info)
 0:10.47 help: use `'_` for type paths
 0:10.47      |
 0:10.47  208 |             fn adapt(&self) -> $StringAdapter<'_>;
 0:10.47      |                                              ++++
 0:10.47 warning: hiding a lifetime that's elided elsewhere is confusing
 0:10.47     --> xpcom/rust/nsstring/src/lib.rs:212:22
 0:10.47      |
 0:10.47  212 |               fn adapt(&self) -> $StringAdapter {
 0:10.47      |                        ^^^^^     ^^^^^^^^^^^^^^ the same lifetime is hidden here
 0:10.47      |                        |
 0:10.47      |                        the lifetime is elided here
 0:10.47 ...
 0:10.47 1210 | / string_like! {
 0:10.47 1211 | |     char_t = u8;
 0:10.47 1212 | |
 0:10.47 1213 | |     AString = nsACString;
 0:10.47 ...    |
 0:10.47 1218 | |     StringAdapter = nsCStringAdapter;
 0:10.47 1219 | | }
 0:10.47      | |_- in this macro invocation
 0:10.47      |
 0:10.47      = help: the same lifetime is referred to in inconsistent ways, making the signature confusing
 0:10.47      = note: this warning originates in the macro `string_like` (in Nightly builds, run with -Z macro-backtrace for more info)
 0:10.47 help: use `'_` for type paths
 0:10.47      |
 0:10.47  212 |             fn adapt(&self) -> $StringAdapter<'_> {
 0:10.47      |                                              ++++
 0:10.47 warning: hiding a lifetime that's elided elsewhere is confusing
 0:10.47     --> xpcom/rust/nsstring/src/lib.rs:219:22
 0:10.47      |
 0:10.47  219 |               fn adapt(&self) -> $StringAdapter {
 0:10.47      |                        ^^^^^     ^^^^^^^^^^^^^^ the same lifetime is hidden here
 0:10.47      |                        |
 0:10.47      |                        the lifetime is elided here
 0:10.47 ...
 0:10.47 1210 | / string_like! {
 0:10.47 1211 | |     char_t = u8;
 0:10.47 1212 | |
 0:10.47 1213 | |     AString = nsACString;
 0:10.47 ...    |
 0:10.47 1218 | |     StringAdapter = nsCStringAdapter;
 0:10.47 1219 | | }
 0:10.47      | |_- in this macro invocation
 0:10.47      |
 0:10.47      = help: the same lifetime is referred to in inconsistent ways, making the signature confusing
 0:10.47      = note: this warning originates in the macro `string_like` (in Nightly builds, run with -Z macro-backtrace for more info)
 0:10.47 help: use `'_` for type paths
 0:10.47      |
 0:10.47  219 |             fn adapt(&self) -> $StringAdapter<'_> {
 0:10.47      |                                              ++++
 0:10.47 warning: hiding a lifetime that's elided elsewhere is confusing
 0:10.47     --> xpcom/rust/nsstring/src/lib.rs:225:22
 0:10.47      |
 0:10.47  225 |               fn adapt(&self) -> $StringAdapter {
 0:10.47      |                        ^^^^^     ^^^^^^^^^^^^^^ the same lifetime is hidden here
 0:10.47      |                        |
 0:10.47      |                        the lifetime is elided here
 0:10.47 ...
 0:10.47 1210 | / string_like! {
 0:10.47 1211 | |     char_t = u8;
 0:10.47 1212 | |
 0:10.47 1213 | |     AString = nsACString;
 0:10.47 ...    |
 0:10.47 1218 | |     StringAdapter = nsCStringAdapter;
 0:10.47 1219 | | }
 0:10.47      | |_- in this macro invocation
 0:10.47      |
 0:10.47      = help: the same lifetime is referred to in inconsistent ways, making the signature confusing
 0:10.47      = note: this warning originates in the macro `string_like` (in Nightly builds, run with -Z macro-backtrace for more info)
 0:10.47 help: use `'_` for type paths
 0:10.47      |
 0:10.47  225 |             fn adapt(&self) -> $StringAdapter<'_> {
 0:10.47      |                                              ++++
 0:10.47 warning: hiding a lifetime that's elided elsewhere is confusing
 0:10.47     --> xpcom/rust/nsstring/src/lib.rs:231:22
 0:10.47      |
 0:10.47  231 |               fn adapt(&self) -> $StringAdapter {
 0:10.47      |                        ^^^^^     ^^^^^^^^^^^^^^ the same lifetime is hidden here
 0:10.47      |                        |
 0:10.47      |                        the lifetime is elided here
 0:10.47 ...
 0:10.47 1210 | / string_like! {
 0:10.47 1211 | |     char_t = u8;
 0:10.47 1212 | |
 0:10.47 1213 | |     AString = nsACString;
 0:10.47 ...    |
 0:10.47 1218 | |     StringAdapter = nsCStringAdapter;
 0:10.47 1219 | | }
 0:10.47      | |_- in this macro invocation
 0:10.47      |
 0:10.47      = help: the same lifetime is referred to in inconsistent ways, making the signature confusing
 0:10.47      = note: this warning originates in the macro `string_like` (in Nightly builds, run with -Z macro-backtrace for more info)
 0:10.47 help: use `'_` for type paths
 0:10.47      |
 0:10.47  231 |             fn adapt(&self) -> $StringAdapter<'_> {
 0:10.47      |                                              ++++
 0:10.47 warning: hiding a lifetime that's elided elsewhere is confusing
 0:10.47     --> xpcom/rust/nsstring/src/lib.rs:237:22
 0:10.47      |
 0:10.47  237 |               fn adapt(&self) -> $StringAdapter {
 0:10.47      |                        ^^^^^     ^^^^^^^^^^^^^^ the same lifetime is hidden here
 0:10.47      |                        |
 0:10.47      |                        the lifetime is elided here
 0:10.47 ...
 0:10.47 1210 | / string_like! {
 0:10.47 1211 | |     char_t = u8;
 0:10.47 1212 | |
 0:10.47 1213 | |     AString = nsACString;
 0:10.47 ...    |
 0:10.47 1218 | |     StringAdapter = nsCStringAdapter;
 0:10.47 1219 | | }
 0:10.47      | |_- in this macro invocation
 0:10.47      |
 0:10.47      = help: the same lifetime is referred to in inconsistent ways, making the signature confusing
 0:10.47      = note: this warning originates in the macro `string_like` (in Nightly builds, run with -Z macro-backtrace for more info)
 0:10.47 help: use `'_` for type paths
 0:10.47      |
 0:10.47  237 |             fn adapt(&self) -> $StringAdapter<'_> {
 0:10.47      |                                              ++++
 0:10.47 warning: hiding a lifetime that's elided elsewhere is confusing
 0:10.47     --> xpcom/rust/nsstring/src/lib.rs:243:22
 0:10.47      |
 0:10.47  243 |               fn adapt(&self) -> $StringAdapter {
 0:10.47      |                        ^^^^^     ^^^^^^^^^^^^^^ the same lifetime is hidden here
 0:10.47      |                        |
 0:10.47      |                        the lifetime is elided here
 0:10.47 ...
 0:10.47 1210 | / string_like! {
 0:10.47 1211 | |     char_t = u8;
 0:10.47 1212 | |
 0:10.47 1213 | |     AString = nsACString;
 0:10.47 ...    |
 0:10.47 1218 | |     StringAdapter = nsCStringAdapter;
 0:10.47 1219 | | }
 0:10.47      | |_- in this macro invocation
 0:10.48      |
 0:10.48      = help: the same lifetime is referred to in inconsistent ways, making the signature confusing
 0:10.48      = note: this warning originates in the macro `string_like` (in Nightly builds, run with -Z macro-backtrace for more info)
 0:10.48 help: use `'_` for type paths
 0:10.48      |
 0:10.48  243 |             fn adapt(&self) -> $StringAdapter<'_> {
 0:10.48      |                                              ++++
 0:10.48 warning: hiding a lifetime that's elided elsewhere is confusing
 0:10.48     --> xpcom/rust/nsstring/src/lib.rs:249:22
 0:10.48      |
 0:10.48  249 |               fn adapt(&self) -> $StringAdapter {
 0:10.48      |                        ^^^^^     ^^^^^^^^^^^^^^ the same lifetime is hidden here
 0:10.48      |                        |
 0:10.48      |                        the lifetime is elided here
 0:10.48 ...
 0:10.48 1210 | / string_like! {
 0:10.48 1211 | |     char_t = u8;
 0:10.48 1212 | |
 0:10.48 1213 | |     AString = nsACString;
 0:10.48 ...    |
 0:10.48 1218 | |     StringAdapter = nsCStringAdapter;
 0:10.48 1219 | | }
 0:10.48      | |_- in this macro invocation
 0:10.48      |
 0:10.48      = help: the same lifetime is referred to in inconsistent ways, making the signature confusing
 0:10.48      = note: this warning originates in the macro `string_like` (in Nightly builds, run with -Z macro-backtrace for more info)
 0:10.48 help: use `'_` for type paths
 0:10.48      |
 0:10.48  249 |             fn adapt(&self) -> $StringAdapter<'_> {
 0:10.48      |                                              ++++
 0:10.48 warning: hiding a lifetime that's elided elsewhere is confusing
 0:10.48     --> xpcom/rust/nsstring/src/lib.rs:255:22
 0:10.48      |
 0:10.48  255 |               fn adapt(&self) -> $StringAdapter {
 0:10.48      |                        ^^^^^     ^^^^^^^^^^^^^^ the same lifetime is hidden here
 0:10.48      |                        |
 0:10.48      |                        the lifetime is elided here
 0:10.48 ...
 0:10.48 1210 | / string_like! {
 0:10.48 1211 | |     char_t = u8;
 0:10.48 1212 | |
 0:10.48 1213 | |     AString = nsACString;
 0:10.48 ...    |
 0:10.48 1218 | |     StringAdapter = nsCStringAdapter;
 0:10.48 1219 | | }
 0:10.48      | |_- in this macro invocation
 0:10.48      |
 0:10.48      = help: the same lifetime is referred to in inconsistent ways, making the signature confusing
 0:10.48      = note: this warning originates in the macro `string_like` (in Nightly builds, run with -Z macro-backtrace for more info)
 0:10.48 help: use `'_` for type paths
 0:10.48      |
 0:10.48  255 |             fn adapt(&self) -> $StringAdapter<'_> {
 0:10.48      |                                              ++++
 0:10.48 warning: hiding a lifetime that's elided elsewhere is confusing
 0:10.48     --> xpcom/rust/nsstring/src/lib.rs:644:38
 0:10.48      |
 0:10.48  644 |               pub unsafe fn bulk_write(&mut self,
 0:10.48      |                                        ^^^^^^^^^ the lifetime is elided here
 0:10.48 ...
 0:10.48  647 |                                        allow_shrinking: bool) -> Result<$BulkWriteHandle, ()> {
 0:10.48      |                                                                         ^^^^^^^^^^^^^^^^ the same lifetime is hidden here
 0:10.48 ...
 0:10.48 1225 | / define_string_types! {
 0:10.48 1226 | |     char_t = u16;
 0:10.48 1227 | |
 0:10.48 1228 | |     AString = nsAString;
 0:10.48 ...    |
 0:10.48 1246 | |     start_bulk_write = Gecko_StartBulkWriteString;
 0:10.48 1247 | | }
 0:10.48      | |_- in this macro invocation
 0:10.48      |
 0:10.48      = help: the same lifetime is referred to in inconsistent ways, making the signature confusing
 0:10.48      = note: this warning originates in the macro `define_string_types` (in Nightly builds, run with -Z macro-backtrace for more info)
 0:10.48 help: use `'_` for type paths
 0:10.48      |
 0:10.48  647 |                                      allow_shrinking: bool) -> Result<$BulkWriteHandle<'_>, ()> {
 0:10.48      |                                                                                       ++++
 0:10.48 warning: hiding a lifetime that's elided elsewhere is confusing
 0:10.48     --> xpcom/rust/nsstring/src/lib.rs:208:22
 0:10.48      |
 0:10.48  208 |               fn adapt(&self) -> $StringAdapter;
 0:10.48      |                        ^^^^^     ^^^^^^^^^^^^^^ the same lifetime is hidden here
 0:10.48      |                        |
 0:10.48      |                        the lifetime is elided here
 0:10.48 ...
 0:10.48 1225 | / define_string_types! {
 0:10.48 1226 | |     char_t = u16;
 0:10.48 1227 | |
 0:10.48 1228 | |     AString = nsAString;
 0:10.48 ...    |
 0:10.48 1246 | |     start_bulk_write = Gecko_StartBulkWriteString;
 0:10.48 1247 | | }
 0:10.48      | |_- in this macro invocation
 0:10.48      |
 0:10.48      = help: the same lifetime is referred to in inconsistent ways, making the signature confusing
 0:10.48      = note: this warning originates in the macro `string_like` which comes from the expansion of the macro `define_string_types` (in Nightly builds, run with -Z macro-backtrace for more info)
 0:10.48 help: use `'_` for type paths
 0:10.48      |
 0:10.48  208 |             fn adapt(&self) -> $StringAdapter<'_>;
 0:10.48      |                                              ++++
 0:10.48 warning: hiding a lifetime that's elided elsewhere is confusing
 0:10.48     --> xpcom/rust/nsstring/src/lib.rs:212:22
 0:10.48      |
 0:10.48  212 |               fn adapt(&self) -> $StringAdapter {
 0:10.48      |                        ^^^^^     ^^^^^^^^^^^^^^ the same lifetime is hidden here
 0:10.48      |                        |
 0:10.48      |                        the lifetime is elided here
 0:10.48 ...
 0:10.48 1225 | / define_string_types! {
 0:10.48 1226 | |     char_t = u16;
 0:10.48 1227 | |
 0:10.48 1228 | |     AString = nsAString;
 0:10.48 ...    |
 0:10.48 1246 | |     start_bulk_write = Gecko_StartBulkWriteString;
 0:10.48 1247 | | }
 0:10.48      | |_- in this macro invocation
 0:10.48      |
 0:10.48      = help: the same lifetime is referred to in inconsistent ways, making the signature confusing
 0:10.48      = note: this warning originates in the macro `string_like` which comes from the expansion of the macro `define_string_types` (in Nightly builds, run with -Z macro-backtrace for more info)
 0:10.48 help: use `'_` for type paths
 0:10.48      |
 0:10.48  212 |             fn adapt(&self) -> $StringAdapter<'_> {
 0:10.48      |                                              ++++
 0:10.48 warning: hiding a lifetime that's elided elsewhere is confusing
 0:10.48     --> xpcom/rust/nsstring/src/lib.rs:219:22
 0:10.48      |
 0:10.48  219 |               fn adapt(&self) -> $StringAdapter {
 0:10.48      |                        ^^^^^     ^^^^^^^^^^^^^^ the same lifetime is hidden here
 0:10.48      |                        |
 0:10.48      |                        the lifetime is elided here
 0:10.48 ...
 0:10.48 1225 | / define_string_types! {
 0:10.48 1226 | |     char_t = u16;
 0:10.48 1227 | |
 0:10.48 1228 | |     AString = nsAString;
 0:10.48 ...    |
 0:10.48 1246 | |     start_bulk_write = Gecko_StartBulkWriteString;
 0:10.48 1247 | | }
 0:10.48      | |_- in this macro invocation
 0:10.48      |
 0:10.48      = help: the same lifetime is referred to in inconsistent ways, making the signature confusing
 0:10.48      = note: this warning originates in the macro `string_like` which comes from the expansion of the macro `define_string_types` (in Nightly builds, run with -Z macro-backtrace for more info)
 0:10.48 help: use `'_` for type paths
 0:10.48      |
 0:10.48  219 |             fn adapt(&self) -> $StringAdapter<'_> {
 0:10.48      |                                              ++++
 0:10.48 warning: hiding a lifetime that's elided elsewhere is confusing
 0:10.48     --> xpcom/rust/nsstring/src/lib.rs:225:22
 0:10.48      |
 0:10.48  225 |               fn adapt(&self) -> $StringAdapter {
 0:10.48      |                        ^^^^^     ^^^^^^^^^^^^^^ the same lifetime is hidden here
 0:10.48      |                        |
 0:10.48      |                        the lifetime is elided here
 0:10.48 ...
 0:10.48 1225 | / define_string_types! {
 0:10.48 1226 | |     char_t = u16;
 0:10.48 1227 | |
 0:10.48 1228 | |     AString = nsAString;
 0:10.48 ...    |
 0:10.49 1246 | |     start_bulk_write = Gecko_StartBulkWriteString;
 0:10.49 1247 | | }
 0:10.49      | |_- in this macro invocation
 0:10.49      |
 0:10.49      = help: the same lifetime is referred to in inconsistent ways, making the signature confusing
 0:10.49      = note: this warning originates in the macro `string_like` which comes from the expansion of the macro `define_string_types` (in Nightly builds, run with -Z macro-backtrace for more info)
 0:10.49 help: use `'_` for type paths
 0:10.49      |
 0:10.49  225 |             fn adapt(&self) -> $StringAdapter<'_> {
 0:10.49      |                                              ++++
 0:10.49 warning: hiding a lifetime that's elided elsewhere is confusing
 0:10.49     --> xpcom/rust/nsstring/src/lib.rs:231:22
 0:10.49      |
 0:10.49  231 |               fn adapt(&self) -> $StringAdapter {
 0:10.49      |                        ^^^^^     ^^^^^^^^^^^^^^ the same lifetime is hidden here
 0:10.49      |                        |
 0:10.49      |                        the lifetime is elided here
 0:10.49 ...
 0:10.49 1225 | / define_string_types! {
 0:10.49 1226 | |     char_t = u16;
 0:10.49 1227 | |
 0:10.49 1228 | |     AString = nsAString;
 0:10.49 ...    |
 0:10.49 1246 | |     start_bulk_write = Gecko_StartBulkWriteString;
 0:10.49 1247 | | }
 0:10.49      | |_- in this macro invocation
 0:10.49      |
 0:10.49      = help: the same lifetime is referred to in inconsistent ways, making the signature confusing
 0:10.49      = note: this warning originates in the macro `string_like` which comes from the expansion of the macro `define_string_types` (in Nightly builds, run with -Z macro-backtrace for more info)
 0:10.49 help: use `'_` for type paths
 0:10.49      |
 0:10.49  231 |             fn adapt(&self) -> $StringAdapter<'_> {
 0:10.49      |                                              ++++
 0:10.49 warning: hiding a lifetime that's elided elsewhere is confusing
 0:10.49     --> xpcom/rust/nsstring/src/lib.rs:237:22
 0:10.49      |
 0:10.49  237 |               fn adapt(&self) -> $StringAdapter {
 0:10.49      |                        ^^^^^     ^^^^^^^^^^^^^^ the same lifetime is hidden here
 0:10.49      |                        |
 0:10.49      |                        the lifetime is elided here
 0:10.49 ...
 0:10.49 1225 | / define_string_types! {
 0:10.49 1226 | |     char_t = u16;
 0:10.49 1227 | |
 0:10.49 1228 | |     AString = nsAString;
 0:10.49 ...    |
 0:10.49 1246 | |     start_bulk_write = Gecko_StartBulkWriteString;
 0:10.49 1247 | | }
 0:10.49      | |_- in this macro invocation
 0:10.49      |
 0:10.49      = help: the same lifetime is referred to in inconsistent ways, making the signature confusing
 0:10.49      = note: this warning originates in the macro `string_like` which comes from the expansion of the macro `define_string_types` (in Nightly builds, run with -Z macro-backtrace for more info)
 0:10.49 help: use `'_` for type paths
 0:10.49      |
 0:10.49  237 |             fn adapt(&self) -> $StringAdapter<'_> {
 0:10.49      |                                              ++++
 0:10.49 warning: hiding a lifetime that's elided elsewhere is confusing
 0:10.49     --> xpcom/rust/nsstring/src/lib.rs:243:22
 0:10.49      |
 0:10.49  243 |               fn adapt(&self) -> $StringAdapter {
 0:10.49      |                        ^^^^^     ^^^^^^^^^^^^^^ the same lifetime is hidden here
 0:10.49      |                        |
 0:10.49      |                        the lifetime is elided here
 0:10.49 ...
 0:10.49 1225 | / define_string_types! {
 0:10.49 1226 | |     char_t = u16;
 0:10.49 1227 | |
 0:10.49 1228 | |     AString = nsAString;
 0:10.49 ...    |
 0:10.49 1246 | |     start_bulk_write = Gecko_StartBulkWriteString;
 0:10.49 1247 | | }
 0:10.49      | |_- in this macro invocation
 0:10.49      |
 0:10.49      = help: the same lifetime is referred to in inconsistent ways, making the signature confusing
 0:10.49      = note: this warning originates in the macro `string_like` which comes from the expansion of the macro `define_string_types` (in Nightly builds, run with -Z macro-backtrace for more info)
 0:10.49 help: use `'_` for type paths
 0:10.49      |
 0:10.49  243 |             fn adapt(&self) -> $StringAdapter<'_> {
 0:10.49      |                                              ++++
 0:10.49 warning: hiding a lifetime that's elided elsewhere is confusing
 0:10.49     --> xpcom/rust/nsstring/src/lib.rs:249:22
 0:10.49      |
 0:10.49  249 |               fn adapt(&self) -> $StringAdapter {
 0:10.49      |                        ^^^^^     ^^^^^^^^^^^^^^ the same lifetime is hidden here
 0:10.49      |                        |
 0:10.49      |                        the lifetime is elided here
 0:10.49 ...
 0:10.49 1225 | / define_string_types! {
 0:10.49 1226 | |     char_t = u16;
 0:10.49 1227 | |
 0:10.49 1228 | |     AString = nsAString;
 0:10.49 ...    |
 0:10.49 1246 | |     start_bulk_write = Gecko_StartBulkWriteString;
 0:10.49 1247 | | }
 0:10.49      | |_- in this macro invocation
 0:10.49      |
 0:10.49      = help: the same lifetime is referred to in inconsistent ways, making the signature confusing
 0:10.49      = note: this warning originates in the macro `string_like` which comes from the expansion of the macro `define_string_types` (in Nightly builds, run with -Z macro-backtrace for more info)
 0:10.49 help: use `'_` for type paths
 0:10.49      |
 0:10.49  249 |             fn adapt(&self) -> $StringAdapter<'_> {
 0:10.49      |                                              ++++
 0:10.49 warning: hiding a lifetime that's elided elsewhere is confusing
 0:10.49     --> xpcom/rust/nsstring/src/lib.rs:255:22
 0:10.49      |
 0:10.49  255 |               fn adapt(&self) -> $StringAdapter {
 0:10.49      |                        ^^^^^     ^^^^^^^^^^^^^^ the same lifetime is hidden here
 0:10.49      |                        |
 0:10.49      |                        the lifetime is elided here
 0:10.49 ...
 0:10.49 1225 | / define_string_types! {
 0:10.49 1226 | |     char_t = u16;
 0:10.49 1227 | |
 0:10.49 1228 | |     AString = nsAString;
 0:10.49 ...    |
 0:10.49 1246 | |     start_bulk_write = Gecko_StartBulkWriteString;
 0:10.49 1247 | | }
 0:10.49      | |_- in this macro invocation
 0:10.49      |
 0:10.49      = help: the same lifetime is referred to in inconsistent ways, making the signature confusing
 0:10.49      = note: this warning originates in the macro `string_like` which comes from the expansion of the macro `define_string_types` (in Nightly builds, run with -Z macro-backtrace for more info)
 0:10.49 help: use `'_` for type paths
 0:10.49      |
 0:10.49  255 |             fn adapt(&self) -> $StringAdapter<'_> {
 0:10.49      |                                              ++++
 0:10.49 warning: `nsstring` (lib) generated 33 warnings (run `cargo fix --lib -p nsstring` to apply 33 suggestions)
 0:10.49 warning: hiding a lifetime that's elided elsewhere is confusing
 0:10.49    --> third_party/rust/bindgen/lib.rs:968:21
 0:10.49     |
 0:10.49 968 |     fn rustfmt_path(&self) -> io::Result<Cow<PathBuf>> {
 0:10.49     |                     ^^^^^                ^^^^^^^^^^^^ the same lifetime is hidden here
 0:10.49     |                     |
 0:10.49     |                     the lifetime is elided here
 0:10.49     |
 0:10.49     = help: the same lifetime is referred to in inconsistent ways, making the signature confusing
 0:10.49     = note: `#[warn(mismatched_lifetime_syntaxes)]` on by default
 0:10.49 help: use `'_` for type paths
 0:10.49     |
 0:10.49 968 |     fn rustfmt_path(&self) -> io::Result<Cow<'_, PathBuf>> {
 0:10.49     |                                              +++
 0:10.49 warning: hiding a lifetime that's elided elsewhere is confusing
 0:10.49    --> third_party/rust/bindgen/clang.rs:946:26
 0:10.49     |
 0:10.49 946 |     pub(crate) fn tokens(&self) -> RawTokens {
 0:10.49     |                          ^^^^^     ^^^^^^^^^ the same lifetime is hidden here
 0:10.49     |                          |
 0:10.49     |                          the lifetime is elided here
 0:10.49     |
 0:10.49     = help: the same lifetime is referred to in inconsistent ways, making the signature confusing
 0:10.49 help: use `'_` for type paths
 0:10.49     |
 0:10.49 946 |     pub(crate) fn tokens(&self) -> RawTokens<'_> {
 0:10.49     |                                             ++++
 0:10.49 warning: hiding a lifetime that's elided elsewhere is confusing
 0:10.49     --> third_party/rust/bindgen/clang.rs:1004:24
 0:10.49      |
 0:10.49 1004 |     pub(crate) fn iter(&self) -> ClangTokenIterator {
 0:10.49      |                        ^^^^^     ^^^^^^^^^^^^^^^^^^ the same lifetime is hidden here
 0:10.49      |                        |
 0:10.49      |                        the lifetime is elided here
 0:10.49      |
 0:10.49      = help: the same lifetime is referred to in inconsistent ways, making the signature confusing
 0:10.49 help: use `'_` for type paths
 0:10.49      |
 0:10.49 1004 |     pub(crate) fn iter(&self) -> ClangTokenIterator<'_> {
 0:10.49      |                                                    ++++
 0:10.49 warning: hiding a lifetime that's elided elsewhere is confusing
 0:10.49     --> third_party/rust/bindgen/ir/context.rs:1243:9
 0:10.49      |
 0:10.50 1243 |         &self,
 0:10.50      |         ^^^^^ the lifetime is elided here
 0:10.50 1244 |     ) -> traversal::AssertNoDanglingItemsTraversal {
 0:10.50      |          ^^^^^^^^^^^^^^^^^^^^^^^^^^^^^^^^^^^^^^^^^ the same lifetime is hidden here
 0:10.50      |
 0:10.50      = help: the same lifetime is referred to in inconsistent ways, making the signature confusing
 0:10.50 help: use `'_` for type paths
 0:10.50      |
 0:10.50 1244 |     ) -> traversal::AssertNoDanglingItemsTraversal<'_> {
 0:10.50      |                                                   ++++
 0:10.50 warning: hiding a lifetime that's elided elsewhere is confusing
 0:10.50    --> third_party/rust/bindgen/ir/ty.rs:246:28
 0:10.50     |
 0:10.50 246 |     fn sanitize_name(name: &str) -> Cow<str> {
 0:10.50     |                            ^^^^     ^^^^^^^^ the same lifetime is hidden here
 0:10.50     |                            |
 0:10.50     |                            the lifetime is elided here
 0:10.50     |
 0:10.50     = help: the same lifetime is referred to in inconsistent ways, making the signature confusing
 0:10.50 help: use `'_` for type paths
 0:10.50     |
 0:10.50 246 |     fn sanitize_name(name: &str) -> Cow<'_, str> {
 0:10.50     |                                         +++
 0:10.50 warning: `bindgen` (lib) generated 5 warnings (run `cargo fix --lib -p bindgen` to apply 5 suggestions)
 0:10.50 warning: hiding a lifetime that's elided elsewhere is confusing
 0:10.50   --> tools/profiler/rust-api/src/label.rs:29:16
 0:10.50    |
 0:10.50 29 |         label: &mut std::mem::MaybeUninit<mozilla::AutoProfilerLabel>,
 0:10.50    |                ^^^^^^^^^^^^^^^^^^^^^^^^^^^^^^^^^^^^^^^^^^^^^^^^^^^^^^ the lifetime is elided here
 0:10.50 30 |         category_pair: ProfilingCategoryPair,
 0:10.50 31 |     ) -> AutoProfilerLabel {
 0:10.50    |          ^^^^^^^^^^^^^^^^^ the same lifetime is hidden here
 0:10.50    |
 0:10.50    = help: the same lifetime is referred to in inconsistent ways, making the signature confusing
 0:10.50    = note: `#[warn(mismatched_lifetime_syntaxes)]` on by default
 0:10.50 help: use `'_` for type paths
 0:10.50    |
 0:10.50 31 |     ) -> AutoProfilerLabel<'_> {
 0:10.50    |                           ++++
 0:10.50 warning: `gecko-profiler` (lib) generated 1 warning (run `cargo fix --lib -p gecko-profiler` to apply 1 suggestion)
 0:10.50    Compiling firefox-on-glean v0.1.0 (/home/lc/projekty/OpenKomodoIDE/mozilla/build/moz14000-ko14.10/mozilla/toolkit/components/glean/api)
 0:14.69 In file included from /home/lc/projekty/OpenKomodoIDE/mozilla/build/moz14000-ko14.10/mozilla/obj-x86_64-pc-linux-gnu/dist/include/nsTArray.h:3375,
 0:14.69                  from /home/lc/projekty/OpenKomodoIDE/mozilla/build/moz14000-ko14.10/mozilla/obj-x86_64-pc-linux-gnu/dist/include/mozilla/dom/BindingDeclarations.h:25,
 0:14.69                  from /home/lc/projekty/OpenKomodoIDE/mozilla/build/moz14000-ko14.10/mozilla/obj-x86_64-pc-linux-gnu/dist/include/mozilla/devtools/HeapSnapshot.h:11,
 0:14.69                  from /home/lc/projekty/OpenKomodoIDE/mozilla/build/moz14000-ko14.10/mozilla/obj-x86_64-pc-linux-gnu/dist/include/mozilla/devtools/DominatorTree.h:9,
 0:14.69                  from /home/lc/projekty/OpenKomodoIDE/mozilla/build/moz14000-ko14.10/mozilla/devtools/shared/heapsnapshot/DominatorTree.cpp:6:
 0:14.69 In member function 'void nsTArray_base<Alloc, RelocationStrategy>::MoveConstructNonAutoArray(nsTArray_base<Allocator, RelocationStrategy>&, size_type, size_t) [with Allocator = nsTArrayInfallibleAllocator; Alloc = nsTArrayInfallibleAllocator; RelocationStrategy = nsTArray_RelocateUsingMemutils]',
 0:14.69     inlined from 'nsTArray_Impl<E, Alloc>::nsTArray_Impl(nsTArray_Impl<E, Allocator>&&) [with Allocator = nsTArrayInfallibleAllocator; E = long unsigned int; Alloc = nsTArrayInfallibleAllocator]' at /home/lc/projekty/OpenKomodoIDE/mozilla/build/moz14000-ko14.10/mozilla/obj-x86_64-pc-linux-gnu/dist/include/nsTArray.h:1073:36,
 0:14.69     inlined from 'nsTArray<long unsigned int>::nsTArray(nsTArray<long unsigned int>&&)' at /home/lc/projekty/OpenKomodoIDE/mozilla/build/moz14000-ko14.10/mozilla/obj-x86_64-pc-linux-gnu/dist/include/nsTArray.h:2745:21,
 0:14.69     inlined from 'constexpr void mozilla::Maybe<T>::emplace(Args&& ...) [with Args = {nsTArray<long unsigned int>}; T = nsTArray<long unsigned int>]' at /home/lc/projekty/OpenKomodoIDE/mozilla/build/moz14000-ko14.10/mozilla/obj-x86_64-pc-linux-gnu/dist/include/mozilla/Maybe.h:1016:3,
 0:14.69     inlined from 'void mozilla::dom::Nullable<T>::SetValue(T&&) [with T = nsTArray<long unsigned int>]' at /home/lc/projekty/OpenKomodoIDE/mozilla/build/moz14000-ko14.10/mozilla/obj-x86_64-pc-linux-gnu/dist/include/mozilla/dom/Nullable.h:51:19,
 0:14.69     inlined from 'void mozilla::devtools::DominatorTree::GetImmediatelyDominated(uint64_t, mozilla::dom::Nullable<nsTArray<long unsigned int> >&, mozilla::ErrorResult&)' at /home/lc/projekty/OpenKomodoIDE/mozilla/build/moz14000-ko14.10/mozilla/devtools/shared/heapsnapshot/DominatorTree.cpp:92:22:
 0:14.69 /home/lc/projekty/OpenKomodoIDE/mozilla/build/moz14000-ko14.10/mozilla/obj-x86_64-pc-linux-gnu/dist/include/nsTArray-inl.h:655:26: warning: array subscript 1 is outside array bounds of 'nsTArray<long unsigned int> [1]' [-Warray-bounds=]
 0:14.69   655 |     aOther.mHdr->mLength = 0;
 0:14.69       |     ~~~~~~~~~~~~~~~~~~~~~^~~
 0:14.69 /home/lc/projekty/OpenKomodoIDE/mozilla/build/moz14000-ko14.10/mozilla/devtools/shared/heapsnapshot/DominatorTree.cpp: In member function 'void mozilla::devtools::DominatorTree::GetImmediatelyDominated(uint64_t, mozilla::dom::Nullable<nsTArray<long unsigned int> >&, mozilla::ErrorResult&)':
 0:14.69 /home/lc/projekty/OpenKomodoIDE/mozilla/build/moz14000-ko14.10/mozilla/devtools/shared/heapsnapshot/DominatorTree.cpp:92:48: note: at offset 8 into object '<anonymous>' of size 8
 0:14.69    92 |   aOutResult.SetValue(nsTArray<uint64_t>(length));
 0:14.69       |                                                ^
 0:24.34 /home/lc/projekty/OpenKomodoIDE/mozilla/build/moz14000-ko14.10/mozilla/intl/icu/source/i18n/measunit_extra.cpp:13:9: warning: "UNISTR_FROM_STRING_EXPLICIT" redefined
 0:24.34    13 | #define UNISTR_FROM_STRING_EXPLICIT
 0:24.34       |         ^~~~~~~~~~~~~~~~~~~~~~~~~~~
 0:24.34 <command-line>: note: this is the location of the previous definition
 0:29.11 In file included from /home/lc/projekty/OpenKomodoIDE/mozilla/build/moz14000-ko14.10/mozilla/obj-x86_64-pc-linux-gnu/dist/include/mozilla/EffectCompositor.h:16,
 0:29.11                  from /home/lc/projekty/OpenKomodoIDE/mozilla/build/moz14000-ko14.10/mozilla/obj-x86_64-pc-linux-gnu/dist/include/nsDisplayList.h:30,
 0:29.11                  from /home/lc/projekty/OpenKomodoIDE/mozilla/build/moz14000-ko14.10/mozilla/obj-x86_64-pc-linux-gnu/dist/include/mozilla/layout/RemoteLayerTreeOwner.h:17,
 0:29.11                  from /home/lc/projekty/OpenKomodoIDE/mozilla/build/moz14000-ko14.10/mozilla/obj-x86_64-pc-linux-gnu/dist/include/mozilla/dom/BrowserParent.h:25,
 0:29.11                  from /home/lc/projekty/OpenKomodoIDE/mozilla/build/moz14000-ko14.10/mozilla/obj-x86_64-pc-linux-gnu/dist/include/mozilla/dom/BrowserHost.h:12,
 0:29.11                  from /home/lc/projekty/OpenKomodoIDE/mozilla/build/moz14000-ko14.10/mozilla/docshell/base/BrowsingContext.cpp:24,
 0:29.11                  from Unified_cpp_docshell_base0.cpp:11:
 0:29.11 /home/lc/projekty/OpenKomodoIDE/mozilla/build/moz14000-ko14.10/mozilla/obj-x86_64-pc-linux-gnu/dist/include/mozilla/PseudoElementHashEntry.h: In static member function 'static PLDHashNumber mozilla::PseudoElementHashEntry::HashKey(KeyTypePointer)':
 0:29.11 /home/lc/projekty/OpenKomodoIDE/mozilla/build/moz14000-ko14.10/mozilla/obj-x86_64-pc-linux-gnu/dist/include/mozilla/PseudoElementHashEntry.h:36: note: '-Wmisleading-indentation' is disabled from this point onwards, since column-tracking was disabled due to the size of the code/headers
 0:29.11    36 |     if (!aKey) return 0;
 0:29.11 /home/lc/projekty/OpenKomodoIDE/mozilla/build/moz14000-ko14.10/mozilla/obj-x86_64-pc-linux-gnu/dist/include/mozilla/PseudoElementHashEntry.h:36: note: adding '-flarge-source-files' will allow for more column-tracking support, at the expense of compilation time and memory
 0:33.72 /home/lc/projekty/OpenKomodoIDE/mozilla/build/moz14000-ko14.10/mozilla/intl/icu/source/i18n/number_asformat.cpp:10:9: warning: "UNISTR_FROM_STRING_EXPLICIT" redefined
 0:33.72    10 | #define UNISTR_FROM_STRING_EXPLICIT
 0:33.72       |         ^~~~~~~~~~~~~~~~~~~~~~~~~~~
 0:33.73 <command-line>: note: this is the location of the previous definition
 0:34.77 /home/lc/projekty/OpenKomodoIDE/mozilla/build/moz14000-ko14.10/mozilla/intl/icu/source/i18n/number_capi.cpp:10:9: warning: "UNISTR_FROM_STRING_EXPLICIT" redefined
 0:34.77    10 | #define UNISTR_FROM_STRING_EXPLICIT
 0:34.77       |         ^~~~~~~~~~~~~~~~~~~~~~~~~~~
 0:34.77 <command-line>: note: this is the location of the previous definition
 0:36.98 /home/lc/projekty/OpenKomodoIDE/mozilla/build/moz14000-ko14.10/mozilla/intl/icu/source/i18n/number_currencysymbols.cpp:10:9: warning: "UNISTR_FROM_STRING_EXPLICIT" redefined
 0:36.98    10 | #define UNISTR_FROM_STRING_EXPLICIT
 0:36.98       |         ^~~~~~~~~~~~~~~~~~~~~~~~~~~
 0:36.98 <command-line>: note: this is the location of the previous definition
 0:43.64 In file included from /home/lc/projekty/OpenKomodoIDE/mozilla/build/moz14000-ko14.10/mozilla/obj-x86_64-pc-linux-gnu/dist/include/nsTHashtable.h:24,
 0:43.64                  from /home/lc/projekty/OpenKomodoIDE/mozilla/build/moz14000-ko14.10/mozilla/obj-x86_64-pc-linux-gnu/dist/include/nsBaseHashtable.h:22,
 0:43.64                  from /home/lc/projekty/OpenKomodoIDE/mozilla/build/moz14000-ko14.10/mozilla/obj-x86_64-pc-linux-gnu/dist/include/nsTHashMap.h:13,
 0:43.64                  from /home/lc/projekty/OpenKomodoIDE/mozilla/build/moz14000-ko14.10/mozilla/obj-x86_64-pc-linux-gnu/dist/include/nsTHashSet.h:11,
 0:43.64                  from /home/lc/projekty/OpenKomodoIDE/mozilla/build/moz14000-ko14.10/mozilla/docshell/base/IHistory.h:12,
 0:43.64                  from /home/lc/projekty/OpenKomodoIDE/mozilla/build/moz14000-ko14.10/mozilla/docshell/base/BaseHistory.h:8,
 0:43.64                  from /home/lc/projekty/OpenKomodoIDE/mozilla/build/moz14000-ko14.10/mozilla/docshell/base/BaseHistory.cpp:7,
 0:43.64                  from Unified_cpp_docshell_base0.cpp:2:
 0:43.64 /home/lc/projekty/OpenKomodoIDE/mozilla/build/moz14000-ko14.10/mozilla/obj-x86_64-pc-linux-gnu/dist/include/mozilla/PodOperations.h: In instantiation of 'void mozilla::PodZero(T*) [with T = xpc::GlobalProperties]':
 0:43.64 /home/lc/projekty/OpenKomodoIDE/mozilla/build/moz14000-ko14.10/mozilla/js/xpconnect/src/xpcprivate.h:2177:0:   required from here
 0:43.64  2177 |   GlobalProperties() { mozilla::PodZero(this); }
 0:43.64 /home/lc/projekty/OpenKomodoIDE/mozilla/build/moz14000-ko14.10/mozilla/obj-x86_64-pc-linux-gnu/dist/include/mozilla/PodOperations.h:37:9: warning: 'void* memset(void*, int, size_t)' clearing an object of non-trivial type 'struct xpc::GlobalProperties'; use assignment or value-initialization instead [-Wclass-memaccess]
 0:43.64    37 |   memset(aT, 0, sizeof(T));
 0:43.64       |   ~~~~~~^~~~~~~~~~~~~~~~~~
 0:43.64 In file included from /home/lc/projekty/OpenKomodoIDE/mozilla/build/moz14000-ko14.10/mozilla/docshell/base/BrowsingContext.cpp:87:
 0:43.64 /home/lc/projekty/OpenKomodoIDE/mozilla/build/moz14000-ko14.10/mozilla/js/xpconnect/src/xpcprivate.h:2176: note: 'struct xpc::GlobalProperties' declared here
 0:43.64  2176 | struct GlobalProperties {
 0:45.67 In file included from /home/lc/projekty/OpenKomodoIDE/mozilla/build/moz14000-ko14.10/mozilla/layout/generic/nsIFrame.h:52,
 0:45.67                  from /home/lc/projekty/OpenKomodoIDE/mozilla/build/moz14000-ko14.10/mozilla/obj-x86_64-pc-linux-gnu/ipc/ipdl/_ipdlheaders/mozilla/dom/PBrowserBridgeParent.h:33,
 0:45.67                  from /home/lc/projekty/OpenKomodoIDE/mozilla/build/moz14000-ko14.10/mozilla/obj-x86_64-pc-linux-gnu/dist/include/mozilla/dom/BrowserBridgeParent.h:10,
 0:45.67                  from /home/lc/projekty/OpenKomodoIDE/mozilla/build/moz14000-ko14.10/mozilla/obj-x86_64-pc-linux-gnu/dist/include/mozilla/a11y/DocAccessibleParent.h:13,
 0:45.67                  from /home/lc/projekty/OpenKomodoIDE/mozilla/build/moz14000-ko14.10/mozilla/docshell/base/BrowsingContext.cpp:12:
 0:45.67 /home/lc/projekty/OpenKomodoIDE/mozilla/build/moz14000-ko14.10/mozilla/layout/base/FrameProperties.h: In instantiation of 'static mozilla::FrameProperties::PropertyType<T> mozilla::FrameProperties::ReinterpretHelper<T>::FromInternalValue(uint64_t) [with T = mozilla::SmallValueHolder<mozilla::FrameBidiData>; mozilla::FrameProperties::PropertyType<T> = mozilla::FrameBidiData; uint64_t = long unsigned int]':
 0:45.67 /home/lc/projekty/OpenKomodoIDE/mozilla/build/moz14000-ko14.10/mozilla/layout/base/FrameProperties.h:202:51:   required from 'mozilla::FrameProperties::PropertyType<T> mozilla::FrameProperties::Get(Descriptor<T>, bool*) const [with T = mozilla::SmallValueHolder<mozilla::FrameBidiData>; PropertyType<T> = mozilla::FrameBidiData; Descriptor<T> = const mozilla::FramePropertyDescriptor<mozilla::SmallValueHolder<mozilla::FrameBidiData> >*]'
 0:45.67   202 |     return ReinterpretHelper<T>::FromInternalValue(v);
 0:45.67       |            ~~~~~~~~~~~~~~~~~~~~~~~~~~~~~~~~~~~~~~~^~~
 0:45.67 /home/lc/projekty/OpenKomodoIDE/mozilla/build/moz14000-ko14.10/mozilla/layout/generic/nsIFrame.h:4451:27:   required from 'mozilla::FrameProperties::PropertyType<T> nsIFrame::GetProperty(mozilla::FrameProperties::Descriptor<T>, bool*) const [with T = mozilla::SmallValueHolder<mozilla::FrameBidiData>; mozilla::FrameProperties::PropertyType<T> = mozilla::FrameBidiData; mozilla::FrameProperties::Descriptor<T> = const mozilla::FramePropertyDescriptor<mozilla::SmallValueHolder<mozilla::FrameBidiData> >*]'
 0:45.67  4451 |     return mProperties.Get(aProperty, aFoundResult);
 0:45.67       |            ~~~~~~~~~~~~~~~^~~~~~~~~~~~~~~~~~~~~~~~~
 0:45.67 /home/lc/projekty/OpenKomodoIDE/mozilla/build/moz14000-ko14.10/mozilla/layout/generic/nsIFrame.h:1542:50:   required from here
 0:45.67  1542 |     mozilla::FrameBidiData bidiData = GetProperty(BidiDataProperty(), &exists);
 0:45.67       |                                       ~~~~~~~~~~~^~~~~~~~~~~~~~~~~~~~~~~~~~~~~
 0:45.67 /home/lc/projekty/OpenKomodoIDE/mozilla/build/moz14000-ko14.10/mozilla/layout/base/FrameProperties.h:302:13: warning: 'void* memcpy(void*, const void*, size_t)' copying an object of non-trivial type 'mozilla::FrameProperties::PropertyType<mozilla::SmallValueHolder<mozilla::FrameBidiData> >' {aka 'struct mozilla::FrameBidiData'} from an array of 'uint64_t' {aka 'long unsigned int'} [-Wclass-memaccess]
 0:45.67   302 |       memcpy(&value, &aInternalValue, sizeof(value));
 0:45.67       |       ~~~~~~^~~~~~~~~~~~~~~~~~~~~~~~~~~~~~~~~~~~~~~~
 0:45.67 /home/lc/projekty/OpenKomodoIDE/mozilla/build/moz14000-ko14.10/mozilla/layout/generic/nsIFrame.h:413:8: note: 'mozilla::FrameProperties::PropertyType<mozilla::SmallValueHolder<mozilla::FrameBidiData> >' {aka 'struct mozilla::FrameBidiData'} declared here
 0:45.67   413 | struct FrameBidiData {
 0:45.67       |        ^~~~~~~~~~~~~
 0:49.46 /home/lc/projekty/OpenKomodoIDE/mozilla/build/moz14000-ko14.10/mozilla/intl/icu/source/i18n/number_mapper.cpp:10:9: warning: "UNISTR_FROM_STRING_EXPLICIT" redefined
 0:49.46    10 | #define UNISTR_FROM_STRING_EXPLICIT
 0:49.46       |         ^~~~~~~~~~~~~~~~~~~~~~~~~~~
 0:49.46 <command-line>: note: this is the location of the previous definition
 0:50.56 /home/lc/projekty/OpenKomodoIDE/mozilla/build/moz14000-ko14.10/mozilla/intl/icu/source/i18n/number_mapper.cpp: In static member function 'static icu_77::number::impl::MacroProps icu_77::number::impl::NumberPropertyMapper::oldToNew(const icu_77::number::impl::DecimalFormatProperties&, const icu_77::DecimalFormatSymbols&, icu_77::number::impl::DecimalFormatWarehouse&, icu_77::number::impl::DecimalFormatProperties*, UErrorCode&)':
 0:50.56 /home/lc/projekty/OpenKomodoIDE/mozilla/build/moz14000-ko14.10/mozilla/intl/icu/source/i18n/number_mapper.cpp:135:49: warning: 'currencyUsage' may be used uninitialized [-Wmaybe-uninitialized]
 0:50.56   135 |         precision = Precision::constructCurrency(currencyUsage).withCurrency(currency);
 0:50.56       |                     ~~~~~~~~~~~~~~~~~~~~~~~~~~~~^~~~~~~~~~~~~~~
 0:50.56 /home/lc/projekty/OpenKomodoIDE/mozilla/build/moz14000-ko14.10/mozilla/intl/icu/source/i18n/number_mapper.cpp:78:20: note: 'currencyUsage' was declared here
 0:50.56    78 |     UCurrencyUsage currencyUsage;
 0:50.56       |                    ^~~~~~~~~~~~~
 0:51.94 /home/lc/projekty/OpenKomodoIDE/mozilla/build/moz14000-ko14.10/mozilla/intl/icu/source/i18n/number_multiplier.cpp:10:9: warning: "UNISTR_FROM_STRING_EXPLICIT" redefined
 0:51.94    10 | #define UNISTR_FROM_STRING_EXPLICIT
 0:51.94       |         ^~~~~~~~~~~~~~~~~~~~~~~~~~~
 0:51.94 <command-line>: note: this is the location of the previous definition
 0:56.25 /home/lc/projekty/OpenKomodoIDE/mozilla/build/moz14000-ko14.10/mozilla/intl/icu/source/i18n/number_patternstring.cpp:10:9: warning: "UNISTR_FROM_STRING_EXPLICIT" redefined
 0:56.26    10 | #define UNISTR_FROM_STRING_EXPLICIT
 0:56.26       |         ^~~~~~~~~~~~~~~~~~~~~~~~~~~
 0:56.26 <command-line>: note: this is the location of the previous definition
 0:56.26 /home/lc/projekty/OpenKomodoIDE/mozilla/build/moz14000-ko14.10/mozilla/intl/icu/source/i18n/number_patternstring.cpp:11:9: warning: "UNISTR_FROM_CHAR_EXPLICIT" redefined
 0:56.26    11 | #define UNISTR_FROM_CHAR_EXPLICIT
 0:56.26       |         ^~~~~~~~~~~~~~~~~~~~~~~~~
 0:56.26 <command-line>: note: this is the location of the previous definition
 1:02.05 /home/lc/projekty/OpenKomodoIDE/mozilla/build/moz14000-ko14.10/mozilla/intl/icu/source/i18n/number_skeletons.cpp:10:9: warning: "UNISTR_FROM_STRING_EXPLICIT" redefined
 1:02.05    10 | #define UNISTR_FROM_STRING_EXPLICIT
 1:02.05       |         ^~~~~~~~~~~~~~~~~~~~~~~~~~~
 1:02.05 <command-line>: note: this is the location of the previous definition
 1:06.75 /home/lc/projekty/OpenKomodoIDE/mozilla/build/moz14000-ko14.10/mozilla/intl/icu/source/i18n/number_utils.cpp:10:9: warning: "UNISTR_FROM_STRING_EXPLICIT" redefined
 1:06.75    10 | #define UNISTR_FROM_STRING_EXPLICIT
 1:06.75       |         ^~~~~~~~~~~~~~~~~~~~~~~~~~~
 1:06.75 <command-line>: note: this is the location of the previous definition
 1:09.80 /home/lc/projekty/OpenKomodoIDE/mozilla/build/moz14000-ko14.10/mozilla/intl/icu/source/i18n/numparse_affixes.cpp:10:9: warning: "UNISTR_FROM_STRING_EXPLICIT" redefined
 1:09.80    10 | #define UNISTR_FROM_STRING_EXPLICIT
 1:09.80       |         ^~~~~~~~~~~~~~~~~~~~~~~~~~~
 1:09.80 <command-line>: note: this is the location of the previous definition
 1:11.25 /home/lc/projekty/OpenKomodoIDE/mozilla/build/moz14000-ko14.10/mozilla/intl/icu/source/i18n/numparse_compositions.cpp:10:9: warning: "UNISTR_FROM_STRING_EXPLICIT" redefined
 1:11.25    10 | #define UNISTR_FROM_STRING_EXPLICIT
 1:11.25       |         ^~~~~~~~~~~~~~~~~~~~~~~~~~~
 1:11.25 <command-line>: note: this is the location of the previous definition
 1:11.98 /home/lc/projekty/OpenKomodoIDE/mozilla/build/moz14000-ko14.10/mozilla/intl/icu/source/i18n/numparse_currency.cpp:10:9: warning: "UNISTR_FROM_STRING_EXPLICIT" redefined
 1:11.98    10 | #define UNISTR_FROM_STRING_EXPLICIT
 1:11.98       |         ^~~~~~~~~~~~~~~~~~~~~~~~~~~
 1:11.98 <command-line>: note: this is the location of the previous definition
 1:13.10 /home/lc/projekty/OpenKomodoIDE/mozilla/build/moz14000-ko14.10/mozilla/intl/icu/source/i18n/numparse_decimal.cpp:10:9: warning: "UNISTR_FROM_STRING_EXPLICIT" redefined
 1:13.10    10 | #define UNISTR_FROM_STRING_EXPLICIT
 1:13.10       |         ^~~~~~~~~~~~~~~~~~~~~~~~~~~
 1:13.10 <command-line>: note: this is the location of the previous definition
 1:13.99 /home/lc/projekty/OpenKomodoIDE/mozilla/build/moz14000-ko14.10/mozilla/intl/icu/source/i18n/numparse_impl.cpp:10:9: warning: "UNISTR_FROM_STRING_EXPLICIT" redefined
 1:13.99    10 | #define UNISTR_FROM_STRING_EXPLICIT
 1:13.99       |         ^~~~~~~~~~~~~~~~~~~~~~~~~~~
 1:13.99 <command-line>: note: this is the location of the previous definition
 1:14.65 /home/lc/projekty/OpenKomodoIDE/mozilla/build/moz14000-ko14.10/mozilla/intl/icu/source/i18n/numparse_parsednumber.cpp:10:9: warning: "UNISTR_FROM_STRING_EXPLICIT" redefined
 1:14.65    10 | #define UNISTR_FROM_STRING_EXPLICIT
 1:14.65       |         ^~~~~~~~~~~~~~~~~~~~~~~~~~~
 1:14.65 <command-line>: note: this is the location of the previous definition
 1:15.19 /home/lc/projekty/OpenKomodoIDE/mozilla/build/moz14000-ko14.10/mozilla/intl/icu/source/i18n/numparse_scientific.cpp:10:9: warning: "UNISTR_FROM_STRING_EXPLICIT" redefined
 1:15.19    10 | #define UNISTR_FROM_STRING_EXPLICIT
 1:15.19       |         ^~~~~~~~~~~~~~~~~~~~~~~~~~~
 1:15.19 <command-line>: note: this is the location of the previous definition
 1:15.74 docshell/build
 1:15.85 /home/lc/projekty/OpenKomodoIDE/mozilla/build/moz14000-ko14.10/mozilla/intl/icu/source/i18n/numparse_symbols.cpp:10:9: warning: "UNISTR_FROM_STRING_EXPLICIT" redefined
 1:15.85    10 | #define UNISTR_FROM_STRING_EXPLICIT
 1:15.85       |         ^~~~~~~~~~~~~~~~~~~~~~~~~~~
 1:15.85 <command-line>: note: this is the location of the previous definition
 1:15.88 docshell/shistory
 1:16.63 /home/lc/projekty/OpenKomodoIDE/mozilla/build/moz14000-ko14.10/mozilla/intl/icu/source/i18n/numparse_validators.cpp:10:9: warning: "UNISTR_FROM_STRING_EXPLICIT" redefined
 1:16.63    10 | #define UNISTR_FROM_STRING_EXPLICIT
 1:16.63       |         ^~~~~~~~~~~~~~~~~~~~~~~~~~~
 1:16.63 <command-line>: note: this is the location of the previous definition
 1:17.37 /home/lc/projekty/OpenKomodoIDE/mozilla/build/moz14000-ko14.10/mozilla/intl/icu/source/i18n/numrange_capi.cpp:10:9: warning: "UNISTR_FROM_STRING_EXPLICIT" redefined
 1:17.37    10 | #define UNISTR_FROM_STRING_EXPLICIT
 1:17.37       |         ^~~~~~~~~~~~~~~~~~~~~~~~~~~
 1:17.37 <command-line>: note: this is the location of the previous definition
 1:18.50 /home/lc/projekty/OpenKomodoIDE/mozilla/build/moz14000-ko14.10/mozilla/intl/icu/source/i18n/numrange_fluent.cpp:10:9: warning: "UNISTR_FROM_STRING_EXPLICIT" redefined
 1:18.50    10 | #define UNISTR_FROM_STRING_EXPLICIT
 1:18.50       |         ^~~~~~~~~~~~~~~~~~~~~~~~~~~
 1:18.50 <command-line>: note: this is the location of the previous definition
 1:20.23 In file included from /home/lc/projekty/OpenKomodoIDE/mozilla/build/moz14000-ko14.10/mozilla/obj-x86_64-pc-linux-gnu/dist/include/mozilla/dom/SafeRefPtr.h:16,
 1:20.23                  from /home/lc/projekty/OpenKomodoIDE/mozilla/build/moz14000-ko14.10/mozilla/obj-x86_64-pc-linux-gnu/dist/include/nsBaseHashtable.h:13:
 1:20.23 In constructor 'nsAutoTObserverArray<T, N>::Iterator::Iterator(nsTObserverArray_base::index_type, const array_type&) [with T = nsCOMPtr<nsIWeakReference>; long unsigned int N = 0]',
 1:20.23     inlined from 'nsAutoTObserverArray<T, N>::ForwardIterator::ForwardIterator(const array_type&) [with T = nsCOMPtr<nsIWeakReference>; long unsigned int N = 0]' at /home/lc/projekty/OpenKomodoIDE/mozilla/build/moz14000-ko14.10/mozilla/obj-x86_64-pc-linux-gnu/dist/include/nsTObserverArray.h:309:76,
 1:20.23     inlined from 'virtual nsresult nsDocShell::NotifyReflowObservers(bool, DOMHighResTimeStamp, DOMHighResTimeStamp)' at /home/lc/projekty/OpenKomodoIDE/mozilla/build/moz14000-ko14.10/mozilla/docshell/base/nsDocShell.cpp:1865:
 1:20.23 /home/lc/projekty/OpenKomodoIDE/mozilla/build/moz14000-ko14.10/mozilla/obj-x86_64-pc-linux-gnu/dist/include/nsTObserverArray.h:282:25: warning: storing the address of local variable 'iter' in '((const array_type*)this)[33].nsAutoTObserverArray<nsCOMPtr<nsIWeakReference>, 0>::nsTObserverArray_base.nsTObserverArray_base::mIterators' [-Wdangling-pointer=]
 1:20.23   282 |       aArray.mIterators = this;
 1:20.23       |       ~~~~~~~~~~~~~~~~~~^~~~~~
 1:20.23 In file included from Unified_cpp_docshell_base0.cpp:101:
 1:20.23 /home/lc/projekty/OpenKomodoIDE/mozilla/build/moz14000-ko14.10/mozilla/docshell/base/nsDocShell.cpp: In member function 'virtual nsresult nsDocShell::NotifyReflowObservers(bool, DOMHighResTimeStamp, DOMHighResTimeStamp)':
 1:20.23 /home/lc/projekty/OpenKomodoIDE/mozilla/build/moz14000-ko14.10/mozilla/docshell/base/nsDocShell.cpp:1865: note: 'iter' declared here
 1:20.23  1865 |   nsTObserverArray<nsWeakPtr>::ForwardIterator iter(mReflowObservers);
 1:20.23 /home/lc/projekty/OpenKomodoIDE/mozilla/build/moz14000-ko14.10/mozilla/docshell/base/nsDocShell.cpp:1864: note: 'this' declared here
 1:20.23  1864 |                                   DOMHighResTimeStamp aEnd) {
 1:20.28 In constructor 'nsAutoTObserverArray<T, N>::Iterator::Iterator(nsTObserverArray_base::index_type, const array_type&) [with T = nsCOMPtr<nsIWeakReference>; long unsigned int N = 0]',
 1:20.28     inlined from 'nsAutoTObserverArray<T, N>::ForwardIterator::ForwardIterator(const array_type&) [with T = nsCOMPtr<nsIWeakReference>; long unsigned int N = 0]' at /home/lc/projekty/OpenKomodoIDE/mozilla/build/moz14000-ko14.10/mozilla/obj-x86_64-pc-linux-gnu/dist/include/nsTObserverArray.h:309:76,
 1:20.28     inlined from 'void nsDocShell::NotifyPrivateBrowsingChanged()' at /home/lc/projekty/OpenKomodoIDE/mozilla/build/moz14000-ko14.10/mozilla/docshell/base/nsDocShell.cpp:1782:
 1:20.28 /home/lc/projekty/OpenKomodoIDE/mozilla/build/moz14000-ko14.10/mozilla/obj-x86_64-pc-linux-gnu/dist/include/nsTObserverArray.h:282:25: warning: storing the address of local variable 'iter' in '((const array_type*)this)[32].nsAutoTObserverArray<nsCOMPtr<nsIWeakReference>, 0>::nsTObserverArray_base.nsTObserverArray_base::mIterators' [-Wdangling-pointer=]
 1:20.28   282 |       aArray.mIterators = this;
 1:20.28       |       ~~~~~~~~~~~~~~~~~~^~~~~~
 1:20.28 /home/lc/projekty/OpenKomodoIDE/mozilla/build/moz14000-ko14.10/mozilla/docshell/base/nsDocShell.cpp: In member function 'void nsDocShell::NotifyPrivateBrowsingChanged()':
 1:20.28 /home/lc/projekty/OpenKomodoIDE/mozilla/build/moz14000-ko14.10/mozilla/docshell/base/nsDocShell.cpp:1782: note: 'iter' declared here
 1:20.28  1782 |   nsTObserverArray<nsWeakPtr>::ForwardIterator iter(mPrivacyObservers);
 1:20.28 /home/lc/projekty/OpenKomodoIDE/mozilla/build/moz14000-ko14.10/mozilla/docshell/base/nsDocShell.cpp:1779: note: 'this' declared here
 1:20.28  1779 | void nsDocShell::NotifyPrivateBrowsingChanged() {
 1:20.31 In constructor 'nsAutoTObserverArray<T, N>::Iterator::Iterator(nsTObserverArray_base::index_type, const array_type&) [with T = nsCOMPtr<nsIWeakReference>; long unsigned int N = 0]',
 1:20.31     inlined from 'nsAutoTObserverArray<T, N>::ForwardIterator::ForwardIterator(const array_type&) [with T = nsCOMPtr<nsIWeakReference>; long unsigned int N = 0]' at /home/lc/projekty/OpenKomodoIDE/mozilla/build/moz14000-ko14.10/mozilla/obj-x86_64-pc-linux-gnu/dist/include/nsTObserverArray.h:309:76,
 1:20.31     inlined from 'void nsDocShell::NotifyAsyncPanZoomStarted()' at /home/lc/projekty/OpenKomodoIDE/mozilla/build/moz14000-ko14.10/mozilla/docshell/base/nsDocShell.cpp:2232:
 1:20.31 /home/lc/projekty/OpenKomodoIDE/mozilla/build/moz14000-ko14.10/mozilla/obj-x86_64-pc-linux-gnu/dist/include/nsTObserverArray.h:282:25: warning: storing the address of local variable 'iter' in '((const array_type*)this)[34].nsAutoTObserverArray<nsCOMPtr<nsIWeakReference>, 0>::nsTObserverArray_base.nsTObserverArray_base::mIterators' [-Wdangling-pointer=]
 1:20.31   282 |       aArray.mIterators = this;
 1:20.31       |       ~~~~~~~~~~~~~~~~~~^~~~~~
 1:20.31 /home/lc/projekty/OpenKomodoIDE/mozilla/build/moz14000-ko14.10/mozilla/docshell/base/nsDocShell.cpp: In member function 'void nsDocShell::NotifyAsyncPanZoomStarted()':
 1:20.31 /home/lc/projekty/OpenKomodoIDE/mozilla/build/moz14000-ko14.10/mozilla/docshell/base/nsDocShell.cpp:2232: note: 'iter' declared here
 1:20.31  2232 |   nsTObserverArray<nsWeakPtr>::ForwardIterator iter(mScrollObservers);
 1:20.31 /home/lc/projekty/OpenKomodoIDE/mozilla/build/moz14000-ko14.10/mozilla/docshell/base/nsDocShell.cpp:2231: note: 'this' declared here
 1:20.31  2231 | void nsDocShell::NotifyAsyncPanZoomStarted() {
 1:20.31 /home/lc/projekty/OpenKomodoIDE/mozilla/build/moz14000-ko14.10/mozilla/intl/icu/source/i18n/numrange_impl.cpp:10:9: warning: "UNISTR_FROM_STRING_EXPLICIT" redefined
 1:20.31    10 | #define UNISTR_FROM_STRING_EXPLICIT
 1:20.32       |         ^~~~~~~~~~~~~~~~~~~~~~~~~~~
 1:20.32 <command-line>: note: this is the location of the previous definition
 1:20.33 In constructor 'nsAutoTObserverArray<T, N>::Iterator::Iterator(nsTObserverArray_base::index_type, const array_type&) [with T = nsCOMPtr<nsIWeakReference>; long unsigned int N = 0]',
 1:20.33     inlined from 'nsAutoTObserverArray<T, N>::ForwardIterator::ForwardIterator(const array_type&) [with T = nsCOMPtr<nsIWeakReference>; long unsigned int N = 0]' at /home/lc/projekty/OpenKomodoIDE/mozilla/build/moz14000-ko14.10/mozilla/obj-x86_64-pc-linux-gnu/dist/include/nsTObserverArray.h:309:76,
 1:20.33     inlined from 'void nsDocShell::NotifyAsyncPanZoomStopped()' at /home/lc/projekty/OpenKomodoIDE/mozilla/build/moz14000-ko14.10/mozilla/docshell/base/nsDocShell.cpp:2245:
 1:20.33 /home/lc/projekty/OpenKomodoIDE/mozilla/build/moz14000-ko14.10/mozilla/obj-x86_64-pc-linux-gnu/dist/include/nsTObserverArray.h:282:25: warning: storing the address of local variable 'iter' in '((const array_type*)this)[34].nsAutoTObserverArray<nsCOMPtr<nsIWeakReference>, 0>::nsTObserverArray_base.nsTObserverArray_base::mIterators' [-Wdangling-pointer=]
 1:20.33   282 |       aArray.mIterators = this;
 1:20.33       |       ~~~~~~~~~~~~~~~~~~^~~~~~
 1:20.33 /home/lc/projekty/OpenKomodoIDE/mozilla/build/moz14000-ko14.10/mozilla/docshell/base/nsDocShell.cpp: In member function 'void nsDocShell::NotifyAsyncPanZoomStopped()':
 1:20.33 /home/lc/projekty/OpenKomodoIDE/mozilla/build/moz14000-ko14.10/mozilla/docshell/base/nsDocShell.cpp:2245: note: 'iter' declared here
 1:20.33  2245 |   nsTObserverArray<nsWeakPtr>::ForwardIterator iter(mScrollObservers);
 1:20.33 /home/lc/projekty/OpenKomodoIDE/mozilla/build/moz14000-ko14.10/mozilla/docshell/base/nsDocShell.cpp:2244: note: 'this' declared here
 1:20.33  2244 | void nsDocShell::NotifyAsyncPanZoomStopped() {
 1:20.35 In constructor 'nsAutoTObserverArray<T, N>::Iterator::Iterator(nsTObserverArray_base::index_type, const array_type&) [with T = nsCOMPtr<nsIWeakReference>; long unsigned int N = 0]',
 1:20.35     inlined from 'nsAutoTObserverArray<T, N>::ForwardIterator::ForwardIterator(const array_type&) [with T = nsCOMPtr<nsIWeakReference>; long unsigned int N = 0]' at /home/lc/projekty/OpenKomodoIDE/mozilla/build/moz14000-ko14.10/mozilla/obj-x86_64-pc-linux-gnu/dist/include/nsTObserverArray.h:309:76,
 1:20.35     inlined from 'virtual nsresult nsDocShell::NotifyScrollObservers()' at /home/lc/projekty/OpenKomodoIDE/mozilla/build/moz14000-ko14.10/mozilla/docshell/base/nsDocShell.cpp:2259:
 1:20.35 /home/lc/projekty/OpenKomodoIDE/mozilla/build/moz14000-ko14.10/mozilla/obj-x86_64-pc-linux-gnu/dist/include/nsTObserverArray.h:282:25: warning: storing the address of local variable 'iter' in '((const array_type*)this)[34].nsAutoTObserverArray<nsCOMPtr<nsIWeakReference>, 0>::nsTObserverArray_base.nsTObserverArray_base::mIterators' [-Wdangling-pointer=]
 1:20.35   282 |       aArray.mIterators = this;
 1:20.35       |       ~~~~~~~~~~~~~~~~~~^~~~~~
 1:20.35 /home/lc/projekty/OpenKomodoIDE/mozilla/build/moz14000-ko14.10/mozilla/docshell/base/nsDocShell.cpp: In member function 'virtual nsresult nsDocShell::NotifyScrollObservers()':
 1:20.35 /home/lc/projekty/OpenKomodoIDE/mozilla/build/moz14000-ko14.10/mozilla/docshell/base/nsDocShell.cpp:2259: note: 'iter' declared here
 1:20.35  2259 |   nsTObserverArray<nsWeakPtr>::ForwardIterator iter(mScrollObservers);
 1:20.35 /home/lc/projekty/OpenKomodoIDE/mozilla/build/moz14000-ko14.10/mozilla/docshell/base/nsDocShell.cpp:2258: note: 'this' declared here
 1:20.35  2258 | nsDocShell::NotifyScrollObservers() {
 1:22.13 In file included from /home/lc/projekty/OpenKomodoIDE/mozilla/build/moz14000-ko14.10/mozilla/obj-x86_64-pc-linux-gnu/ipc/ipdl/_ipdlheaders/mozilla/dom/PContent.h:15,
 1:22.13                  from /home/lc/projekty/OpenKomodoIDE/mozilla/build/moz14000-ko14.10/mozilla/obj-x86_64-pc-linux-gnu/ipc/ipdl/_ipdlheaders/mozilla/dom/PContentParent.h:9,
 1:22.13                  from /home/lc/projekty/OpenKomodoIDE/mozilla/build/moz14000-ko14.10/mozilla/obj-x86_64-pc-linux-gnu/dist/include/mozilla/dom/ContentParent.h:10,
 1:22.13                  from /home/lc/projekty/OpenKomodoIDE/mozilla/build/moz14000-ko14.10/mozilla/docshell/base/BaseHistory.h:9:
 1:22.13 In static member function 'static void mozilla::MozPromise<ResolveValueT, RejectValueT, IsExclusive>::MaybeChain(PromiseType*, RefPtr<typename PromiseType::Private>&&) [with PromiseType = mozilla::MozPromise<bool, nsresult, false>; ResolveValueT = bool; RejectValueT = nsresult; bool IsExclusive = false]',
 1:22.13     inlined from 'void mozilla::MozPromise<ResolveValueT, RejectValueT, IsExclusive>::ThenValue<ResolveRejectFunction>::DoResolveOrRejectInternal(mozilla::MozPromise<ResolveValueT, RejectValueT, IsExclusive>::ResolveOrRejectValue&) [with ResolveRejectFunction = mozilla::dom::CanonicalBrowsingContext::CloneDocumentTreeInto(mozilla::dom::CanonicalBrowsingContext*, const nsACString&, mozilla::embedding::PrintData&&)::<lambda()>; ResolveValueT = bool; RejectValueT = nsresult; bool IsExclusive = false]' at /home/lc/projekty/OpenKomodoIDE/mozilla/build/moz14000-ko14.10/mozilla/obj-x86_64-pc-linux-gnu/dist/include/mozilla/MozPromise.h:933:30:
 1:22.13 /home/lc/projekty/OpenKomodoIDE/mozilla/build/moz14000-ko14.10/mozilla/obj-x86_64-pc-linux-gnu/dist/include/mozilla/MozPromise.h:678:21: warning: 'this' pointer is null [-Wnonnull]
 1:22.13   678 |       aFrom->ChainTo(aTo.forget(), "<chained completion promise>");
 1:22.13       |       ~~~~~~~~~~~~~~^~~~~~~~~~~~~~~~~~~~~~~~~~~~~~~~~~~~~~~~~~~~~~
 1:22.13 /home/lc/projekty/OpenKomodoIDE/mozilla/build/moz14000-ko14.10/mozilla/obj-x86_64-pc-linux-gnu/dist/include/mozilla/MozPromise.h: In member function 'void mozilla::MozPromise<ResolveValueT, RejectValueT, IsExclusive>::ThenValue<ResolveRejectFunction>::DoResolveOrRejectInternal(mozilla::MozPromise<ResolveValueT, RejectValueT, IsExclusive>::ResolveOrRejectValue&) [with ResolveRejectFunction = mozilla::dom::CanonicalBrowsingContext::CloneDocumentTreeInto(mozilla::dom::CanonicalBrowsingContext*, const nsACString&, mozilla::embedding::PrintData&&)::<lambda()>; ResolveValueT = bool; RejectValueT = nsresult; bool IsExclusive = false]':
 1:22.13 /home/lc/projekty/OpenKomodoIDE/mozilla/build/moz14000-ko14.10/mozilla/obj-x86_64-pc-linux-gnu/dist/include/mozilla/MozPromise.h:1191:8: note: in a call to non-static member function 'void mozilla::MozPromise<ResolveValueT, RejectValueT, IsExclusive>::ChainTo(already_AddRefed<Private>, mozilla::StaticString) [with ResolveValueT = bool; RejectValueT = nsresult; bool IsExclusive = false]'
 1:22.13  1191 |   void ChainTo(already_AddRefed<Private> aChainedPromise,
 1:22.13       |        ^~~~~~~
 1:22.15 In static member function 'static void mozilla::MozPromise<ResolveValueT, RejectValueT, IsExclusive>::MaybeChain(PromiseType*, RefPtr<typename PromiseType::Private>&&) [with PromiseType = mozilla::MozPromise<bool, nsresult, false>; ResolveValueT = bool; RejectValueT = nsresult; bool IsExclusive = false]',
 1:22.15     inlined from 'void mozilla::MozPromise<ResolveValueT, RejectValueT, IsExclusive>::ThenValue<ResolveRejectFunction>::DoResolveOrRejectInternal(mozilla::MozPromise<ResolveValueT, RejectValueT, IsExclusive>::ResolveOrRejectValue&) [with ResolveRejectFunction = mozilla::dom::CanonicalBrowsingContext::CloneDocumentTreeInto(mozilla::dom::CanonicalBrowsingContext*, const nsACString&, mozilla::embedding::PrintData&&)::<lambda()>; ResolveValueT = bool; RejectValueT = nsresult; bool IsExclusive = false]' at /home/lc/projekty/OpenKomodoIDE/mozilla/build/moz14000-ko14.10/mozilla/obj-x86_64-pc-linux-gnu/dist/include/mozilla/MozPromise.h:933:30,
 1:22.15     inlined from 'void mozilla::MozPromise<ResolveValueT, RejectValueT, IsExclusive>::ThenValueBase::DoResolveOrReject(mozilla::MozPromise<ResolveValueT, RejectValueT, IsExclusive>::ResolveOrRejectValue&) [with ResolveValueT = bool; RejectValueT = nsresult; bool IsExclusive = false]' at /home/lc/projekty/OpenKomodoIDE/mozilla/build/moz14000-ko14.10/mozilla/obj-x86_64-pc-linux-gnu/dist/include/mozilla/MozPromise.h:621:32,
 1:22.15     inlined from 'nsresult mozilla::MozPromise<ResolveValueT, RejectValueT, IsExclusive>::ThenValueBase::ResolveOrRejectRunnable::Run() [with ResolveValueT = bool; RejectValueT = nsresult; bool IsExclusive = false]' at /home/lc/projekty/OpenKomodoIDE/mozilla/build/moz14000-ko14.10/mozilla/obj-x86_64-pc-linux-gnu/dist/include/mozilla/MozPromise.h:488:38:
 1:22.15 /home/lc/projekty/OpenKomodoIDE/mozilla/build/moz14000-ko14.10/mozilla/obj-x86_64-pc-linux-gnu/dist/include/mozilla/MozPromise.h:678:21: warning: 'this' pointer is null [-Wnonnull]
 1:22.15   678 |       aFrom->ChainTo(aTo.forget(), "<chained completion promise>");
 1:22.15       |       ~~~~~~~~~~~~~~^~~~~~~~~~~~~~~~~~~~~~~~~~~~~~~~~~~~~~~~~~~~~~
 1:22.15 /home/lc/projekty/OpenKomodoIDE/mozilla/build/moz14000-ko14.10/mozilla/obj-x86_64-pc-linux-gnu/dist/include/mozilla/MozPromise.h: In member function 'nsresult mozilla::MozPromise<ResolveValueT, RejectValueT, IsExclusive>::ThenValueBase::ResolveOrRejectRunnable::Run() [with ResolveValueT = bool; RejectValueT = nsresult; bool IsExclusive = false]':
 1:22.15 /home/lc/projekty/OpenKomodoIDE/mozilla/build/moz14000-ko14.10/mozilla/obj-x86_64-pc-linux-gnu/dist/include/mozilla/MozPromise.h:1191:8: note: in a call to non-static member function 'void mozilla::MozPromise<ResolveValueT, RejectValueT, IsExclusive>::ChainTo(already_AddRefed<Private>, mozilla::StaticString) [with ResolveValueT = bool; RejectValueT = nsresult; bool IsExclusive = false]'
 1:22.15  1191 |   void ChainTo(already_AddRefed<Private> aChainedPromise,
 1:22.15       |        ^~~~~~~
 1:22.23 In static member function 'static void mozilla::MozPromise<ResolveValueT, RejectValueT, IsExclusive>::MaybeChain(PromiseType*, RefPtr<typename PromiseType::Private>&&) [with PromiseType = mozilla::MozPromise<mozilla::dom::MaybeDiscarded<mozilla::dom::BrowsingContext>, nsresult, false>; ResolveValueT = mozilla::dom::MaybeDiscarded<mozilla::dom::BrowsingContext>; RejectValueT = nsresult; bool IsExclusive = false]',
 1:22.23     inlined from 'void mozilla::MozPromise<ResolveValueT, RejectValueT, IsExclusive>::ThenValue<ResolveFunction, RejectFunction>::DoResolveOrRejectInternal(mozilla::MozPromise<ResolveValueT, RejectValueT, IsExclusive>::ResolveOrRejectValue&) [with ResolveFunction = mozilla::dom::CanonicalBrowsingContext::PrintJS(nsIPrintSettings*, mozilla::ErrorResult&)::<lambda(mozilla::dom::MaybeDiscardedBrowsingContext)>; RejectFunction = mozilla::dom::CanonicalBrowsingContext::PrintJS(nsIPrintSettings*, mozilla::ErrorResult&)::<lambda(nsresult)>; ResolveValueT = mozilla::dom::MaybeDiscarded<mozilla::dom::BrowsingContext>; RejectValueT = nsresult; bool IsExclusive = false]' at /home/lc/projekty/OpenKomodoIDE/mozilla/build/moz14000-ko14.10/mozilla/obj-x86_64-pc-linux-gnu/dist/include/mozilla/MozPromise.h:871:30:
 1:22.23 /home/lc/projekty/OpenKomodoIDE/mozilla/build/moz14000-ko14.10/mozilla/obj-x86_64-pc-linux-gnu/dist/include/mozilla/MozPromise.h:678:21: warning: 'this' pointer is null [-Wnonnull]
 1:22.23   678 |       aFrom->ChainTo(aTo.forget(), "<chained completion promise>");
 1:22.23       |       ~~~~~~~~~~~~~~^~~~~~~~~~~~~~~~~~~~~~~~~~~~~~~~~~~~~~~~~~~~~~
 1:22.23 /home/lc/projekty/OpenKomodoIDE/mozilla/build/moz14000-ko14.10/mozilla/obj-x86_64-pc-linux-gnu/dist/include/mozilla/MozPromise.h: In member function 'void mozilla::MozPromise<ResolveValueT, RejectValueT, IsExclusive>::ThenValue<ResolveFunction, RejectFunction>::DoResolveOrRejectInternal(mozilla::MozPromise<ResolveValueT, RejectValueT, IsExclusive>::ResolveOrRejectValue&) [with ResolveFunction = mozilla::dom::CanonicalBrowsingContext::PrintJS(nsIPrintSettings*, mozilla::ErrorResult&)::<lambda(mozilla::dom::MaybeDiscardedBrowsingContext)>; RejectFunction = mozilla::dom::CanonicalBrowsingContext::PrintJS(nsIPrintSettings*, mozilla::ErrorResult&)::<lambda(nsresult)>; ResolveValueT = mozilla::dom::MaybeDiscarded<mozilla::dom::BrowsingContext>; RejectValueT = nsresult; bool IsExclusive = false]':
 1:22.23 /home/lc/projekty/OpenKomodoIDE/mozilla/build/moz14000-ko14.10/mozilla/obj-x86_64-pc-linux-gnu/dist/include/mozilla/MozPromise.h:1191:8: note: in a call to non-static member function 'void mozilla::MozPromise<ResolveValueT, RejectValueT, IsExclusive>::ChainTo(already_AddRefed<Private>, mozilla::StaticString) [with ResolveValueT = mozilla::dom::MaybeDiscarded<mozilla::dom::BrowsingContext>; RejectValueT = nsresult; bool IsExclusive = false]'
 1:22.23  1191 |   void ChainTo(already_AddRefed<Private> aChainedPromise,
 1:22.23       |        ^~~~~~~
 1:22.38 In static member function 'static void mozilla::MozPromise<ResolveValueT, RejectValueT, IsExclusive>::MaybeChain(PromiseType*, RefPtr<typename PromiseType::Private>&&) [with PromiseType = mozilla::MozPromise<unsigned int, bool, true>; ResolveValueT = unsigned int; RejectValueT = bool; bool IsExclusive = true]',
 1:22.38     inlined from 'void mozilla::MozPromise<ResolveValueT, RejectValueT, IsExclusive>::ThenValue<ResolveRejectFunction>::DoResolveOrRejectInternal(mozilla::MozPromise<ResolveValueT, RejectValueT, IsExclusive>::ResolveOrRejectValue&) [with ResolveRejectFunction = nsDocShell::GetHasTrackingContentBlocked(mozilla::dom::Promise**)::<lambda(const mozilla::MozPromise<unsigned int, bool, true>::ResolveOrRejectValue&)>; ResolveValueT = unsigned int; RejectValueT = bool; bool IsExclusive = true]' at /home/lc/projekty/OpenKomodoIDE/mozilla/build/moz14000-ko14.10/mozilla/obj-x86_64-pc-linux-gnu/dist/include/mozilla/MozPromise.h:933:30:
 1:22.38 /home/lc/projekty/OpenKomodoIDE/mozilla/build/moz14000-ko14.10/mozilla/obj-x86_64-pc-linux-gnu/dist/include/mozilla/MozPromise.h:678:21: warning: 'this' pointer is null [-Wnonnull]
 1:22.38   678 |       aFrom->ChainTo(aTo.forget(), "<chained completion promise>");
 1:22.38       |       ~~~~~~~~~~~~~~^~~~~~~~~~~~~~~~~~~~~~~~~~~~~~~~~~~~~~~~~~~~~~
 1:22.38 /home/lc/projekty/OpenKomodoIDE/mozilla/build/moz14000-ko14.10/mozilla/obj-x86_64-pc-linux-gnu/dist/include/mozilla/MozPromise.h: In member function 'void mozilla::MozPromise<ResolveValueT, RejectValueT, IsExclusive>::ThenValue<ResolveRejectFunction>::DoResolveOrRejectInternal(mozilla::MozPromise<ResolveValueT, RejectValueT, IsExclusive>::ResolveOrRejectValue&) [with ResolveRejectFunction = nsDocShell::GetHasTrackingContentBlocked(mozilla::dom::Promise**)::<lambda(const mozilla::MozPromise<unsigned int, bool, true>::ResolveOrRejectValue&)>; ResolveValueT = unsigned int; RejectValueT = bool; bool IsExclusive = true]':
 1:22.38 /home/lc/projekty/OpenKomodoIDE/mozilla/build/moz14000-ko14.10/mozilla/obj-x86_64-pc-linux-gnu/dist/include/mozilla/MozPromise.h:1191:8: note: in a call to non-static member function 'void mozilla::MozPromise<ResolveValueT, RejectValueT, IsExclusive>::ChainTo(already_AddRefed<Private>, mozilla::StaticString) [with ResolveValueT = unsigned int; RejectValueT = bool; bool IsExclusive = true]'
 1:22.38  1191 |   void ChainTo(already_AddRefed<Private> aChainedPromise,
 1:22.39       |        ^~~~~~~
 1:22.59 In static member function 'static void mozilla::MozPromise<ResolveValueT, RejectValueT, IsExclusive>::MaybeChain(PromiseType*, RefPtr<typename PromiseType::Private>&&) [with PromiseType = mozilla::MozPromise<nsTArray<mozilla::dom::SSCacheCopy>, mozilla::ipc::ResponseRejectReason, true>; ResolveValueT = nsTArray<mozilla::dom::SSCacheCopy>; RejectValueT = mozilla::ipc::ResponseRejectReason; bool IsExclusive = true]',
 1:22.59     inlined from 'void mozilla::MozPromise<ResolveValueT, RejectValueT, IsExclusive>::ThenValue<ResolveRejectFunction>::DoResolveOrRejectInternal(mozilla::MozPromise<ResolveValueT, RejectValueT, IsExclusive>::ResolveOrRejectValue&) [with ResolveRejectFunction = mozilla::dom::CanonicalBrowsingContext::UpdateSessionStoreSessionStorage(const std::function<void()>&)::<lambda(const mozilla::MozPromise<nsTArray<mozilla::dom::SSCacheCopy>, mozilla::ipc::ResponseRejectReason, true>::ResolveOrRejectValue&)>; ResolveValueT = nsTArray<mozilla::dom::SSCacheCopy>; RejectValueT = mozilla::ipc::ResponseRejectReason; bool IsExclusive = true]' at /home/lc/projekty/OpenKomodoIDE/mozilla/build/moz14000-ko14.10/mozilla/obj-x86_64-pc-linux-gnu/dist/include/mozilla/MozPromise.h:933:30:
 1:22.60 /home/lc/projekty/OpenKomodoIDE/mozilla/build/moz14000-ko14.10/mozilla/obj-x86_64-pc-linux-gnu/dist/include/mozilla/MozPromise.h:678:21: warning: 'this' pointer is null [-Wnonnull]
 1:22.60   678 |       aFrom->ChainTo(aTo.forget(), "<chained completion promise>");
 1:22.60       |       ~~~~~~~~~~~~~~^~~~~~~~~~~~~~~~~~~~~~~~~~~~~~~~~~~~~~~~~~~~~~
 1:22.60 /home/lc/projekty/OpenKomodoIDE/mozilla/build/moz14000-ko14.10/mozilla/obj-x86_64-pc-linux-gnu/dist/include/mozilla/MozPromise.h: In member function 'void mozilla::MozPromise<ResolveValueT, RejectValueT, IsExclusive>::ThenValue<ResolveRejectFunction>::DoResolveOrRejectInternal(mozilla::MozPromise<ResolveValueT, RejectValueT, IsExclusive>::ResolveOrRejectValue&) [with ResolveRejectFunction = mozilla::dom::CanonicalBrowsingContext::UpdateSessionStoreSessionStorage(const std::function<void()>&)::<lambda(const mozilla::MozPromise<nsTArray<mozilla::dom::SSCacheCopy>, mozilla::ipc::ResponseRejectReason, true>::ResolveOrRejectValue&)>; ResolveValueT = nsTArray<mozilla::dom::SSCacheCopy>; RejectValueT = mozilla::ipc::ResponseRejectReason; bool IsExclusive = true]':
 1:22.60 /home/lc/projekty/OpenKomodoIDE/mozilla/build/moz14000-ko14.10/mozilla/obj-x86_64-pc-linux-gnu/dist/include/mozilla/MozPromise.h:1191:8: note: in a call to non-static member function 'void mozilla::MozPromise<ResolveValueT, RejectValueT, IsExclusive>::ChainTo(already_AddRefed<Private>, mozilla::StaticString) [with ResolveValueT = nsTArray<mozilla::dom::SSCacheCopy>; RejectValueT = mozilla::ipc::ResponseRejectReason; bool IsExclusive = true]'
 1:22.60  1191 |   void ChainTo(already_AddRefed<Private> aChainedPromise,
 1:22.60       |        ^~~~~~~
 1:22.61 In static member function 'static void mozilla::MozPromise<ResolveValueT, RejectValueT, IsExclusive>::MaybeChain(PromiseType*, RefPtr<typename PromiseType::Private>&&) [with PromiseType = mozilla::MozPromise<nsTArray<mozilla::dom::SSCacheCopy>, mozilla::ipc::ResponseRejectReason, true>; ResolveValueT = nsTArray<mozilla::dom::SSCacheCopy>; RejectValueT = mozilla::ipc::ResponseRejectReason; bool IsExclusive = true]',
 1:22.61     inlined from 'void mozilla::MozPromise<ResolveValueT, RejectValueT, IsExclusive>::ThenValue<ResolveRejectFunction>::DoResolveOrRejectInternal(mozilla::MozPromise<ResolveValueT, RejectValueT, IsExclusive>::ResolveOrRejectValue&) [with ResolveRejectFunction = mozilla::dom::CanonicalBrowsingContext::UpdateSessionStoreSessionStorage(const std::function<void()>&)::<lambda(const mozilla::MozPromise<nsTArray<mozilla::dom::SSCacheCopy>, mozilla::ipc::ResponseRejectReason, true>::ResolveOrRejectValue&)>; ResolveValueT = nsTArray<mozilla::dom::SSCacheCopy>; RejectValueT = mozilla::ipc::ResponseRejectReason; bool IsExclusive = true]' at /home/lc/projekty/OpenKomodoIDE/mozilla/build/moz14000-ko14.10/mozilla/obj-x86_64-pc-linux-gnu/dist/include/mozilla/MozPromise.h:933:30,
 1:22.61     inlined from 'void mozilla::MozPromise<ResolveValueT, RejectValueT, IsExclusive>::ThenValueBase::DoResolveOrReject(mozilla::MozPromise<ResolveValueT, RejectValueT, IsExclusive>::ResolveOrRejectValue&) [with ResolveValueT = nsTArray<mozilla::dom::SSCacheCopy>; RejectValueT = mozilla::ipc::ResponseRejectReason; bool IsExclusive = true]' at /home/lc/projekty/OpenKomodoIDE/mozilla/build/moz14000-ko14.10/mozilla/obj-x86_64-pc-linux-gnu/dist/include/mozilla/MozPromise.h:621:32,
 1:22.61     inlined from 'nsresult mozilla::MozPromise<ResolveValueT, RejectValueT, IsExclusive>::ThenValueBase::ResolveOrRejectRunnable::Run() [with ResolveValueT = nsTArray<mozilla::dom::SSCacheCopy>; RejectValueT = mozilla::ipc::ResponseRejectReason; bool IsExclusive = true]' at /home/lc/projekty/OpenKomodoIDE/mozilla/build/moz14000-ko14.10/mozilla/obj-x86_64-pc-linux-gnu/dist/include/mozilla/MozPromise.h:488:38:
 1:22.61 /home/lc/projekty/OpenKomodoIDE/mozilla/build/moz14000-ko14.10/mozilla/obj-x86_64-pc-linux-gnu/dist/include/mozilla/MozPromise.h:678:21: warning: 'this' pointer is null [-Wnonnull]
 1:22.61   678 |       aFrom->ChainTo(aTo.forget(), "<chained completion promise>");
 1:22.61       |       ~~~~~~~~~~~~~~^~~~~~~~~~~~~~~~~~~~~~~~~~~~~~~~~~~~~~~~~~~~~~
 1:22.61 /home/lc/projekty/OpenKomodoIDE/mozilla/build/moz14000-ko14.10/mozilla/obj-x86_64-pc-linux-gnu/dist/include/mozilla/MozPromise.h: In member function 'nsresult mozilla::MozPromise<ResolveValueT, RejectValueT, IsExclusive>::ThenValueBase::ResolveOrRejectRunnable::Run() [with ResolveValueT = nsTArray<mozilla::dom::SSCacheCopy>; RejectValueT = mozilla::ipc::ResponseRejectReason; bool IsExclusive = true]':
 1:22.61 /home/lc/projekty/OpenKomodoIDE/mozilla/build/moz14000-ko14.10/mozilla/obj-x86_64-pc-linux-gnu/dist/include/mozilla/MozPromise.h:1191:8: note: in a call to non-static member function 'void mozilla::MozPromise<ResolveValueT, RejectValueT, IsExclusive>::ChainTo(already_AddRefed<Private>, mozilla::StaticString) [with ResolveValueT = nsTArray<mozilla::dom::SSCacheCopy>; RejectValueT = mozilla::ipc::ResponseRejectReason; bool IsExclusive = true]'
 1:22.61  1191 |   void ChainTo(already_AddRefed<Private> aChainedPromise,
 1:22.61       |        ^~~~~~~
 1:22.90 In static member function 'static void mozilla::MozPromise<ResolveValueT, RejectValueT, IsExclusive>::MaybeChain(PromiseType*, RefPtr<typename PromiseType::Private>&&) [with PromiseType = mozilla::MozPromise<std::tuple<RefPtr<nsILayoutHistoryState>, mozilla::Maybe<mozilla::dom::Wireframe> >, mozilla::ipc::ResponseRejectReason, true>; ResolveValueT = std::tuple<RefPtr<nsILayoutHistoryState>, mozilla::Maybe<mozilla::dom::Wireframe> >; RejectValueT = mozilla::ipc::ResponseRejectReason; bool IsExclusive = true]',
 1:22.90     inlined from 'void mozilla::MozPromise<ResolveValueT, RejectValueT, IsExclusive>::ThenValue<ResolveFunction, RejectFunction>::DoResolveOrRejectInternal(mozilla::MozPromise<ResolveValueT, RejectValueT, IsExclusive>::ResolveOrRejectValue&) [with ResolveFunction = mozilla::dom::CanonicalBrowsingContext::SynchronizeLayoutHistoryState()::<lambda(const std::tuple<RefPtr<nsILayoutHistoryState>, mozilla::Maybe<mozilla::dom::Wireframe> >&)>; RejectFunction = mozilla::dom::CanonicalBrowsingContext::SynchronizeLayoutHistoryState()::<lambda()>; ResolveValueT = std::tuple<RefPtr<nsILayoutHistoryState>, mozilla::Maybe<mozilla::dom::Wireframe> >; RejectValueT = mozilla::ipc::ResponseRejectReason; bool IsExclusive = true]' at /home/lc/projekty/OpenKomodoIDE/mozilla/build/moz14000-ko14.10/mozilla/obj-x86_64-pc-linux-gnu/dist/include/mozilla/MozPromise.h:871:30:
 1:22.90 /home/lc/projekty/OpenKomodoIDE/mozilla/build/moz14000-ko14.10/mozilla/obj-x86_64-pc-linux-gnu/dist/include/mozilla/MozPromise.h:678:21: warning: 'this' pointer is null [-Wnonnull]
 1:22.90   678 |       aFrom->ChainTo(aTo.forget(), "<chained completion promise>");
 1:22.90       |       ~~~~~~~~~~~~~~^~~~~~~~~~~~~~~~~~~~~~~~~~~~~~~~~~~~~~~~~~~~~~
 1:22.90 /home/lc/projekty/OpenKomodoIDE/mozilla/build/moz14000-ko14.10/mozilla/obj-x86_64-pc-linux-gnu/dist/include/mozilla/MozPromise.h: In member function 'void mozilla::MozPromise<ResolveValueT, RejectValueT, IsExclusive>::ThenValue<ResolveFunction, RejectFunction>::DoResolveOrRejectInternal(mozilla::MozPromise<ResolveValueT, RejectValueT, IsExclusive>::ResolveOrRejectValue&) [with ResolveFunction = mozilla::dom::CanonicalBrowsingContext::SynchronizeLayoutHistoryState()::<lambda(const std::tuple<RefPtr<nsILayoutHistoryState>, mozilla::Maybe<mozilla::dom::Wireframe> >&)>; RejectFunction = mozilla::dom::CanonicalBrowsingContext::SynchronizeLayoutHistoryState()::<lambda()>; ResolveValueT = std::tuple<RefPtr<nsILayoutHistoryState>, mozilla::Maybe<mozilla::dom::Wireframe> >; RejectValueT = mozilla::ipc::ResponseRejectReason; bool IsExclusive = true]':
 1:22.90 /home/lc/projekty/OpenKomodoIDE/mozilla/build/moz14000-ko14.10/mozilla/obj-x86_64-pc-linux-gnu/dist/include/mozilla/MozPromise.h:1191:8: note: in a call to non-static member function 'void mozilla::MozPromise<ResolveValueT, RejectValueT, IsExclusive>::ChainTo(already_AddRefed<Private>, mozilla::StaticString) [with ResolveValueT = std::tuple<RefPtr<nsILayoutHistoryState>, mozilla::Maybe<mozilla::dom::Wireframe> >; RejectValueT = mozilla::ipc::ResponseRejectReason; bool IsExclusive = true]'
 1:22.90  1191 |   void ChainTo(already_AddRefed<Private> aChainedPromise,
 1:22.90       |        ^~~~~~~
 1:23.12 In file included from /home/lc/projekty/OpenKomodoIDE/mozilla/build/moz14000-ko14.10/mozilla/layout/generic/nsIFrame.h:52,
 1:23.12                  from /home/lc/projekty/OpenKomodoIDE/mozilla/build/moz14000-ko14.10/mozilla/layout/base/nsCSSFrameConstructor.h:26,
 1:23.12                  from /home/lc/projekty/OpenKomodoIDE/mozilla/build/moz14000-ko14.10/mozilla/obj-x86_64-pc-linux-gnu/dist/include/mozilla/PresShell.h:32,
 1:23.12                  from /home/lc/projekty/OpenKomodoIDE/mozilla/build/moz14000-ko14.10/mozilla/docshell/base/nsDocShellTreeOwner.cpp:56,
 1:23.12                  from Unified_cpp_docshell_base1.cpp:2:
 1:23.12 /home/lc/projekty/OpenKomodoIDE/mozilla/build/moz14000-ko14.10/mozilla/layout/base/FrameProperties.h: In instantiation of 'static mozilla::FrameProperties::PropertyType<T> mozilla::FrameProperties::ReinterpretHelper<T>::FromInternalValue(uint64_t) [with T = mozilla::SmallValueHolder<mozilla::FrameBidiData>; mozilla::FrameProperties::PropertyType<T> = mozilla::FrameBidiData; uint64_t = long unsigned int]':
 1:23.12 /home/lc/projekty/OpenKomodoIDE/mozilla/build/moz14000-ko14.10/mozilla/layout/base/FrameProperties.h:202:51:   required from 'mozilla::FrameProperties::PropertyType<T> mozilla::FrameProperties::Get(Descriptor<T>, bool*) const [with T = mozilla::SmallValueHolder<mozilla::FrameBidiData>; PropertyType<T> = mozilla::FrameBidiData; Descriptor<T> = const mozilla::FramePropertyDescriptor<mozilla::SmallValueHolder<mozilla::FrameBidiData> >*]'
 1:23.12   202 |     return ReinterpretHelper<T>::FromInternalValue(v);
 1:23.12       |            ~~~~~~~~~~~~~~~~~~~~~~~~~~~~~~~~~~~~~~~^~~
 1:23.12 /home/lc/projekty/OpenKomodoIDE/mozilla/build/moz14000-ko14.10/mozilla/layout/generic/nsIFrame.h:4451:27:   required from 'mozilla::FrameProperties::PropertyType<T> nsIFrame::GetProperty(mozilla::FrameProperties::Descriptor<T>, bool*) const [with T = mozilla::SmallValueHolder<mozilla::FrameBidiData>; mozilla::FrameProperties::PropertyType<T> = mozilla::FrameBidiData; mozilla::FrameProperties::Descriptor<T> = const mozilla::FramePropertyDescriptor<mozilla::SmallValueHolder<mozilla::FrameBidiData> >*]'
 1:23.12  4451 |     return mProperties.Get(aProperty, aFoundResult);
 1:23.12       |            ~~~~~~~~~~~~~~~^~~~~~~~~~~~~~~~~~~~~~~~~
 1:23.12 /home/lc/projekty/OpenKomodoIDE/mozilla/build/moz14000-ko14.10/mozilla/layout/generic/nsIFrame.h:1542:50:   required from here
 1:23.12  1542 |     mozilla::FrameBidiData bidiData = GetProperty(BidiDataProperty(), &exists);
 1:23.12       |                                       ~~~~~~~~~~~^~~~~~~~~~~~~~~~~~~~~~~~~~~~~
 1:23.12 /home/lc/projekty/OpenKomodoIDE/mozilla/build/moz14000-ko14.10/mozilla/layout/base/FrameProperties.h:302:13: warning: 'void* memcpy(void*, const void*, size_t)' copying an object of non-trivial type 'mozilla::FrameProperties::PropertyType<mozilla::SmallValueHolder<mozilla::FrameBidiData> >' {aka 'struct mozilla::FrameBidiData'} from an array of 'uint64_t' {aka 'long unsigned int'} [-Wclass-memaccess]
 1:23.12   302 |       memcpy(&value, &aInternalValue, sizeof(value));
 1:23.12       |       ~~~~~~^~~~~~~~~~~~~~~~~~~~~~~~~~~~~~~~~~~~~~~~
 1:23.12 /home/lc/projekty/OpenKomodoIDE/mozilla/build/moz14000-ko14.10/mozilla/layout/generic/nsIFrame.h:413:8: note: 'mozilla::FrameProperties::PropertyType<mozilla::SmallValueHolder<mozilla::FrameBidiData> >' {aka 'struct mozilla::FrameBidiData'} declared here
 1:23.12   413 | struct FrameBidiData {
 1:23.12       |        ^~~~~~~~~~~~~
 1:23.15 In static member function 'static void mozilla::MozPromise<ResolveValueT, RejectValueT, IsExclusive>::MaybeChain(PromiseType*, RefPtr<typename PromiseType::Private>&&) [with PromiseType = mozilla::MozPromise<mozilla::dom::MaybeDiscarded<mozilla::dom::BrowsingContext>, mozilla::ipc::ResponseRejectReason, true>; ResolveValueT = mozilla::dom::MaybeDiscarded<mozilla::dom::BrowsingContext>; RejectValueT = mozilla::ipc::ResponseRejectReason; bool IsExclusive = true]',
 1:23.15     inlined from 'void mozilla::MozPromise<ResolveValueT, RejectValueT, IsExclusive>::ThenValue<ResolveFunction, RejectFunction>::DoResolveOrRejectInternal(mozilla::MozPromise<ResolveValueT, RejectValueT, IsExclusive>::ResolveOrRejectValue&) [with ResolveFunction = mozilla::dom::CanonicalBrowsingContext::PrintWithNoContentAnalysis(nsIPrintSettings*, bool, const mozilla::dom::MaybeDiscardedBrowsingContext&)::<lambda(mozilla::dom::MaybeDiscardedBrowsingContext)>; RejectFunction = mozilla::dom::CanonicalBrowsingContext::PrintWithNoContentAnalysis(nsIPrintSettings*, bool, const mozilla::dom::MaybeDiscardedBrowsingContext&)::<lambda(mozilla::ipc::ResponseRejectReason)>; ResolveValueT = mozilla::dom::MaybeDiscarded<mozilla::dom::BrowsingContext>; RejectValueT = mozilla::ipc::ResponseRejectReason; bool IsExclusive = true]' at /home/lc/projekty/OpenKomodoIDE/mozilla/build/moz14000-ko14.10/mozilla/obj-x86_64-pc-linux-gnu/dist/include/mozilla/MozPromise.h:871:30:
 1:23.15 /home/lc/projekty/OpenKomodoIDE/mozilla/build/moz14000-ko14.10/mozilla/obj-x86_64-pc-linux-gnu/dist/include/mozilla/MozPromise.h:678:21: warning: 'this' pointer is null [-Wnonnull]
 1:23.15   678 |       aFrom->ChainTo(aTo.forget(), "<chained completion promise>");
 1:23.15       |       ~~~~~~~~~~~~~~^~~~~~~~~~~~~~~~~~~~~~~~~~~~~~~~~~~~~~~~~~~~~~
 1:23.15 /home/lc/projekty/OpenKomodoIDE/mozilla/build/moz14000-ko14.10/mozilla/obj-x86_64-pc-linux-gnu/dist/include/mozilla/MozPromise.h: In member function 'void mozilla::MozPromise<ResolveValueT, RejectValueT, IsExclusive>::ThenValue<ResolveFunction, RejectFunction>::DoResolveOrRejectInternal(mozilla::MozPromise<ResolveValueT, RejectValueT, IsExclusive>::ResolveOrRejectValue&) [with ResolveFunction = mozilla::dom::CanonicalBrowsingContext::PrintWithNoContentAnalysis(nsIPrintSettings*, bool, const mozilla::dom::MaybeDiscardedBrowsingContext&)::<lambda(mozilla::dom::MaybeDiscardedBrowsingContext)>; RejectFunction = mozilla::dom::CanonicalBrowsingContext::PrintWithNoContentAnalysis(nsIPrintSettings*, bool, const mozilla::dom::MaybeDiscardedBrowsingContext&)::<lambda(mozilla::ipc::ResponseRejectReason)>; ResolveValueT = mozilla::dom::MaybeDiscarded<mozilla::dom::BrowsingContext>; RejectValueT = mozilla::ipc::ResponseRejectReason; bool IsExclusive = true]':
 1:23.15 /home/lc/projekty/OpenKomodoIDE/mozilla/build/moz14000-ko14.10/mozilla/obj-x86_64-pc-linux-gnu/dist/include/mozilla/MozPromise.h:1191:8: note: in a call to non-static member function 'void mozilla::MozPromise<ResolveValueT, RejectValueT, IsExclusive>::ChainTo(already_AddRefed<Private>, mozilla::StaticString) [with ResolveValueT = mozilla::dom::MaybeDiscarded<mozilla::dom::BrowsingContext>; RejectValueT = mozilla::ipc::ResponseRejectReason; bool IsExclusive = true]'
 1:23.15  1191 |   void ChainTo(already_AddRefed<Private> aChainedPromise,
 1:23.15       |        ^~~~~~~
 1:23.28 In static member function 'static void mozilla::MozPromise<ResolveValueT, RejectValueT, IsExclusive>::MaybeChain(PromiseType*, RefPtr<typename PromiseType::Private>&&) [with PromiseType = mozilla::MozPromise<bool, mozilla::ipc::ResponseRejectReason, true>; ResolveValueT = bool; RejectValueT = mozilla::ipc::ResponseRejectReason; bool IsExclusive = true]',
 1:23.28     inlined from 'void mozilla::MozPromise<ResolveValueT, RejectValueT, IsExclusive>::ThenValue<ResolveRejectFunction>::DoResolveOrRejectInternal(mozilla::MozPromise<ResolveValueT, RejectValueT, IsExclusive>::ResolveOrRejectValue&) [with ResolveRejectFunction = mozilla::dom::BrowsingContext::LoadURI(nsDocShellLoadState*, bool)::<lambda(const mozilla::MozPromise<bool, mozilla::ipc::ResponseRejectReason, true>::ResolveOrRejectValue&)>; ResolveValueT = bool; RejectValueT = mozilla::ipc::ResponseRejectReason; bool IsExclusive = true]' at /home/lc/projekty/OpenKomodoIDE/mozilla/build/moz14000-ko14.10/mozilla/obj-x86_64-pc-linux-gnu/dist/include/mozilla/MozPromise.h:933:30:
 1:23.28 /home/lc/projekty/OpenKomodoIDE/mozilla/build/moz14000-ko14.10/mozilla/obj-x86_64-pc-linux-gnu/dist/include/mozilla/MozPromise.h:678:21: warning: 'this' pointer is null [-Wnonnull]
 1:23.28   678 |       aFrom->ChainTo(aTo.forget(), "<chained completion promise>");
 1:23.28       |       ~~~~~~~~~~~~~~^~~~~~~~~~~~~~~~~~~~~~~~~~~~~~~~~~~~~~~~~~~~~~
 1:23.28 /home/lc/projekty/OpenKomodoIDE/mozilla/build/moz14000-ko14.10/mozilla/obj-x86_64-pc-linux-gnu/dist/include/mozilla/MozPromise.h: In member function 'void mozilla::MozPromise<ResolveValueT, RejectValueT, IsExclusive>::ThenValue<ResolveRejectFunction>::DoResolveOrRejectInternal(mozilla::MozPromise<ResolveValueT, RejectValueT, IsExclusive>::ResolveOrRejectValue&) [with ResolveRejectFunction = mozilla::dom::BrowsingContext::LoadURI(nsDocShellLoadState*, bool)::<lambda(const mozilla::MozPromise<bool, mozilla::ipc::ResponseRejectReason, true>::ResolveOrRejectValue&)>; ResolveValueT = bool; RejectValueT = mozilla::ipc::ResponseRejectReason; bool IsExclusive = true]':
 1:23.28 /home/lc/projekty/OpenKomodoIDE/mozilla/build/moz14000-ko14.10/mozilla/obj-x86_64-pc-linux-gnu/dist/include/mozilla/MozPromise.h:1191:8: note: in a call to non-static member function 'void mozilla::MozPromise<ResolveValueT, RejectValueT, IsExclusive>::ChainTo(already_AddRefed<Private>, mozilla::StaticString) [with ResolveValueT = bool; RejectValueT = mozilla::ipc::ResponseRejectReason; bool IsExclusive = true]'
 1:23.28  1191 |   void ChainTo(already_AddRefed<Private> aChainedPromise,
 1:23.28       |        ^~~~~~~
 1:24.76 /home/lc/projekty/OpenKomodoIDE/mozilla/build/moz14000-ko14.10/mozilla/intl/icu/source/i18n/pluralranges.cpp:10:9: warning: "UNISTR_FROM_STRING_EXPLICIT" redefined
 1:24.76    10 | #define UNISTR_FROM_STRING_EXPLICIT
 1:24.76       |         ^~~~~~~~~~~~~~~~~~~~~~~~~~~
 1:24.76 <command-line>: note: this is the location of the previous definition
 1:25.63 In constructor 'nsAutoTObserverArray<T, N>::Iterator::Iterator(nsTObserverArray_base::index_type, const array_type&) [with T = nsDocLoader*; long unsigned int N = 0]',
 1:25.63     inlined from 'nsAutoTObserverArray<T, N>::ForwardIterator::ForwardIterator(const array_type&) [with T = nsDocLoader*; long unsigned int N = 0]' at /home/lc/projekty/OpenKomodoIDE/mozilla/build/moz14000-ko14.10/mozilla/obj-x86_64-pc-linux-gnu/dist/include/nsTObserverArray.h:309:76,
 1:25.63     inlined from 'nsAutoTObserverArray<T, N>::STLIterator<Iterator, U>::STLIterator(const nsAutoTObserverArray<T, N>&) [with Iterator = nsAutoTObserverArray<nsDocLoader*, 0>::ForwardIterator; U = nsDocLoader*; T = nsDocLoader*; long unsigned int N = 0]' at /home/lc/projekty/OpenKomodoIDE/mozilla/build/moz14000-ko14.10/mozilla/obj-x86_64-pc-linux-gnu/dist/include/nsTObserverArray.h:422:11,
 1:25.63     inlined from 'nsAutoTObserverArray<T, N>::STLIteratorRange<Iterator, U>::iterator nsAutoTObserverArray<T, N>::STLIteratorRange<Iterator, U>::begin() const [with Iterator = nsAutoTObserverArray<nsDocLoader*, 0>::ForwardIterator; U = nsDocLoader*; T = nsDocLoader*; long unsigned int N = 0]' at /home/lc/projekty/OpenKomodoIDE/mozilla/build/moz14000-ko14.10/mozilla/obj-x86_64-pc-linux-gnu/dist/include/nsTObserverArray.h:457:52,
 1:25.63     inlined from 'virtual nsresult nsDocShell::SuspendRefreshURIs()' at /home/lc/projekty/OpenKomodoIDE/mozilla/build/moz14000-ko14.10/mozilla/docshell/base/nsDocShell.cpp:5477:
 1:25.63 /home/lc/projekty/OpenKomodoIDE/mozilla/build/moz14000-ko14.10/mozilla/obj-x86_64-pc-linux-gnu/dist/include/nsTObserverArray.h:282:25: warning: storing the address of local variable '__for_begin' in '*&this_7(D)->D.2304826.mChildList.D.2298804.nsAutoTObserverArray<nsDocLoader*, 0>::nsTObserverArray_base.nsTObserverArray_base::mIterators' [-Wdangling-pointer=]
 1:25.63   282 |       aArray.mIterators = this;
 1:25.63       |       ~~~~~~~~~~~~~~~~~~^~~~~~
 1:25.63 /home/lc/projekty/OpenKomodoIDE/mozilla/build/moz14000-ko14.10/mozilla/docshell/base/nsDocShell.cpp: In member function 'virtual nsresult nsDocShell::SuspendRefreshURIs()':
 1:25.63 /home/lc/projekty/OpenKomodoIDE/mozilla/build/moz14000-ko14.10/mozilla/docshell/base/nsDocShell.cpp:5477: note: '__for_begin' declared here
 1:25.63  5477 |   for (auto* child : mChildList.ForwardRange()) {
 1:25.63 /home/lc/projekty/OpenKomodoIDE/mozilla/build/moz14000-ko14.10/mozilla/docshell/base/nsDocShell.cpp:5473: note: 'this' declared here
 1:25.63  5473 | nsDocShell::SuspendRefreshURIs() {
 1:25.64 In constructor 'nsAutoTObserverArray<T, N>::Iterator::Iterator(nsTObserverArray_base::index_type, const array_type&) [with T = nsDocLoader*; long unsigned int N = 0]',
 1:25.64     inlined from 'nsAutoTObserverArray<T, N>::ForwardIterator::ForwardIterator(const array_type&) [with T = nsDocLoader*; long unsigned int N = 0]' at /home/lc/projekty/OpenKomodoIDE/mozilla/build/moz14000-ko14.10/mozilla/obj-x86_64-pc-linux-gnu/dist/include/nsTObserverArray.h:309:76,
 1:25.64     inlined from 'nsAutoTObserverArray<T, N>::STLIterator<Iterator, U>::STLIterator(const nsAutoTObserverArray<T, N>&) [with Iterator = nsAutoTObserverArray<nsDocLoader*, 0>::ForwardIterator; U = nsDocLoader*; T = nsDocLoader*; long unsigned int N = 0]' at /home/lc/projekty/OpenKomodoIDE/mozilla/build/moz14000-ko14.10/mozilla/obj-x86_64-pc-linux-gnu/dist/include/nsTObserverArray.h:422:11,
 1:25.64     inlined from 'nsAutoTObserverArray<T, N>::STLIteratorRange<Iterator, U>::iterator nsAutoTObserverArray<T, N>::STLIteratorRange<Iterator, U>::begin() const [with Iterator = nsAutoTObserverArray<nsDocLoader*, 0>::ForwardIterator; U = nsDocLoader*; T = nsDocLoader*; long unsigned int N = 0]' at /home/lc/projekty/OpenKomodoIDE/mozilla/build/moz14000-ko14.10/mozilla/obj-x86_64-pc-linux-gnu/dist/include/nsTObserverArray.h:457:52,
 1:25.64     inlined from 'virtual nsresult nsDocShell::HistoryPurged(int32_t)' at /home/lc/projekty/OpenKomodoIDE/mozilla/build/moz14000-ko14.10/mozilla/docshell/base/nsDocShell.cpp:2129:
 1:25.64 /home/lc/projekty/OpenKomodoIDE/mozilla/build/moz14000-ko14.10/mozilla/obj-x86_64-pc-linux-gnu/dist/include/nsTObserverArray.h:282:25: warning: storing the address of local variable '__for_begin' in '*&this_11(D)->D.2304826.mChildList.D.2298804.nsAutoTObserverArray<nsDocLoader*, 0>::nsTObserverArray_base.nsTObserverArray_base::mIterators' [-Wdangling-pointer=]
 1:25.64   282 |       aArray.mIterators = this;
 1:25.64       |       ~~~~~~~~~~~~~~~~~~^~~~~~
 1:25.64 /home/lc/projekty/OpenKomodoIDE/mozilla/build/moz14000-ko14.10/mozilla/docshell/base/nsDocShell.cpp: In member function 'virtual nsresult nsDocShell::HistoryPurged(int32_t)':
 1:25.64 /home/lc/projekty/OpenKomodoIDE/mozilla/build/moz14000-ko14.10/mozilla/docshell/base/nsDocShell.cpp:2129: note: '__for_begin' declared here
 1:25.64  2129 |   for (auto* child : mChildList.ForwardRange()) {
 1:25.64 /home/lc/projekty/OpenKomodoIDE/mozilla/build/moz14000-ko14.10/mozilla/docshell/base/nsDocShell.cpp:2120: note: 'this' declared here
 1:25.64  2120 | nsDocShell::HistoryPurged(int32_t aNumEntries) {
 1:25.69 In constructor 'nsAutoTObserverArray<T, N>::Iterator::Iterator(nsTObserverArray_base::index_type, const array_type&) [with T = nsDocLoader*; long unsigned int N = 0]',
 1:25.69     inlined from 'nsAutoTObserverArray<T, N>::ForwardIterator::ForwardIterator(const array_type&) [with T = nsDocLoader*; long unsigned int N = 0]' at /home/lc/projekty/OpenKomodoIDE/mozilla/build/moz14000-ko14.10/mozilla/obj-x86_64-pc-linux-gnu/dist/include/nsTObserverArray.h:309:76,
 1:25.69     inlined from 'nsAutoTObserverArray<T, N>::STLIterator<Iterator, U>::STLIterator(const nsAutoTObserverArray<T, N>&) [with Iterator = nsAutoTObserverArray<nsDocLoader*, 0>::ForwardIterator; U = nsDocLoader*; T = nsDocLoader*; long unsigned int N = 0]' at /home/lc/projekty/OpenKomodoIDE/mozilla/build/moz14000-ko14.10/mozilla/obj-x86_64-pc-linux-gnu/dist/include/nsTObserverArray.h:422:11,
 1:25.69     inlined from 'nsAutoTObserverArray<T, N>::STLIteratorRange<Iterator, U>::iterator nsAutoTObserverArray<T, N>::STLIteratorRange<Iterator, U>::begin() const [with Iterator = nsAutoTObserverArray<nsDocLoader*, 0>::ForwardIterator; U = nsDocLoader*; T = nsDocLoader*; long unsigned int N = 0]' at /home/lc/projekty/OpenKomodoIDE/mozilla/build/moz14000-ko14.10/mozilla/obj-x86_64-pc-linux-gnu/dist/include/nsTObserverArray.h:457:52,
 1:25.69     inlined from 'nsresult nsDocShell::HistoryEntryRemoved(int32_t)' at /home/lc/projekty/OpenKomodoIDE/mozilla/build/moz14000-ko14.10/mozilla/docshell/base/nsDocShell.cpp:2156:
 1:25.69 /home/lc/projekty/OpenKomodoIDE/mozilla/build/moz14000-ko14.10/mozilla/obj-x86_64-pc-linux-gnu/dist/include/nsTObserverArray.h:282:25: warning: storing the address of local variable '__for_begin' in '*&this_11(D)->D.2304826.mChildList.D.2298804.nsAutoTObserverArray<nsDocLoader*, 0>::nsTObserverArray_base.nsTObserverArray_base::mIterators' [-Wdangling-pointer=]
 1:25.69   282 |       aArray.mIterators = this;
 1:25.69       |       ~~~~~~~~~~~~~~~~~~^~~~~~
 1:25.69 /home/lc/projekty/OpenKomodoIDE/mozilla/build/moz14000-ko14.10/mozilla/docshell/base/nsDocShell.cpp: In member function 'nsresult nsDocShell::HistoryEntryRemoved(int32_t)':
 1:25.69 /home/lc/projekty/OpenKomodoIDE/mozilla/build/moz14000-ko14.10/mozilla/docshell/base/nsDocShell.cpp:2156: note: '__for_begin' declared here
 1:25.69  2156 |   for (auto* child : mChildList.ForwardRange()) {
 1:25.69 /home/lc/projekty/OpenKomodoIDE/mozilla/build/moz14000-ko14.10/mozilla/docshell/base/nsDocShell.cpp:2139: note: 'this' declared here
 1:25.69  2139 | nsresult nsDocShell::HistoryEntryRemoved(int32_t aIndex) {
 1:25.79 In constructor 'nsAutoTObserverArray<T, N>::Iterator::Iterator(nsTObserverArray_base::index_type, const array_type&) [with T = nsDocLoader*; long unsigned int N = 0]',
 1:25.79     inlined from 'nsAutoTObserverArray<T, N>::ForwardIterator::ForwardIterator(const array_type&) [with T = nsDocLoader*; long unsigned int N = 0]' at /home/lc/projekty/OpenKomodoIDE/mozilla/build/moz14000-ko14.10/mozilla/obj-x86_64-pc-linux-gnu/dist/include/nsTObserverArray.h:309:76,
 1:25.79     inlined from 'nsAutoTObserverArray<T, N>::STLIterator<Iterator, U>::STLIterator(const nsAutoTObserverArray<T, N>&) [with Iterator = nsAutoTObserverArray<nsDocLoader*, 0>::ForwardIterator; U = nsDocLoader*; T = nsDocLoader*; long unsigned int N = 0]' at /home/lc/projekty/OpenKomodoIDE/mozilla/build/moz14000-ko14.10/mozilla/obj-x86_64-pc-linux-gnu/dist/include/nsTObserverArray.h:422:11,
 1:25.79     inlined from 'nsAutoTObserverArray<T, N>::STLIteratorRange<Iterator, U>::iterator nsAutoTObserverArray<T, N>::STLIteratorRange<Iterator, U>::begin() const [with Iterator = nsAutoTObserverArray<nsDocLoader*, 0>::ForwardIterator; U = nsDocLoader*; T = nsDocLoader*; long unsigned int N = 0]' at /home/lc/projekty/OpenKomodoIDE/mozilla/build/moz14000-ko14.10/mozilla/obj-x86_64-pc-linux-gnu/dist/include/nsTObserverArray.h:457:52,
 1:25.79     inlined from 'virtual nsresult nsDocShell::SetTreeOwner(nsIDocShellTreeOwner*)' at /home/lc/projekty/OpenKomodoIDE/mozilla/build/moz14000-ko14.10/mozilla/docshell/base/nsDocShell.cpp:2681:
 1:25.79 /home/lc/projekty/OpenKomodoIDE/mozilla/build/moz14000-ko14.10/mozilla/obj-x86_64-pc-linux-gnu/dist/include/nsTObserverArray.h:282:25: warning: storing the address of local variable '__for_begin' in '*&this_39(D)->D.2304826.mChildList.D.2298804.nsAutoTObserverArray<nsDocLoader*, 0>::nsTObserverArray_base.nsTObserverArray_base::mIterators' [-Wdangling-pointer=]
 1:25.79   282 |       aArray.mIterators = this;
 1:25.79       |       ~~~~~~~~~~~~~~~~~~^~~~~~
 1:25.79 /home/lc/projekty/OpenKomodoIDE/mozilla/build/moz14000-ko14.10/mozilla/docshell/base/nsDocShell.cpp: In member function 'virtual nsresult nsDocShell::SetTreeOwner(nsIDocShellTreeOwner*)':
 1:25.79 /home/lc/projekty/OpenKomodoIDE/mozilla/build/moz14000-ko14.10/mozilla/docshell/base/nsDocShell.cpp:2681: note: '__for_begin' declared here
 1:25.79  2681 |   for (auto* childDocLoader : mChildList.ForwardRange()) {
 1:25.79 /home/lc/projekty/OpenKomodoIDE/mozilla/build/moz14000-ko14.10/mozilla/docshell/base/nsDocShell.cpp:2652: note: 'this' declared here
 1:25.79  2652 | nsDocShell::SetTreeOwner(nsIDocShellTreeOwner* aTreeOwner) {
 1:25.80 dom/abort
 1:26.66 In constructor 'nsAutoTObserverArray<T, N>::Iterator::Iterator(nsTObserverArray_base::index_type, const array_type&) [with T = nsDocLoader*; long unsigned int N = 0]',
 1:26.66     inlined from 'nsAutoTObserverArray<T, N>::ForwardIterator::ForwardIterator(const array_type&) [with T = nsDocLoader*; long unsigned int N = 0]' at /home/lc/projekty/OpenKomodoIDE/mozilla/build/moz14000-ko14.10/mozilla/obj-x86_64-pc-linux-gnu/dist/include/nsTObserverArray.h:309:76,
 1:26.66     inlined from 'nsAutoTObserverArray<T, N>::STLIterator<Iterator, U>::STLIterator(const nsAutoTObserverArray<T, N>&) [with Iterator = nsAutoTObserverArray<nsDocLoader*, 0>::ForwardIterator; U = nsDocLoader*; T = nsDocLoader*; long unsigned int N = 0]' at /home/lc/projekty/OpenKomodoIDE/mozilla/build/moz14000-ko14.10/mozilla/obj-x86_64-pc-linux-gnu/dist/include/nsTObserverArray.h:422:11,
 1:26.66     inlined from 'nsAutoTObserverArray<T, N>::STLIteratorRange<Iterator, U>::iterator nsAutoTObserverArray<T, N>::STLIteratorRange<Iterator, U>::begin() const [with Iterator = nsAutoTObserverArray<nsDocLoader*, 0>::ForwardIterator; U = nsDocLoader*; T = nsDocLoader*; long unsigned int N = 0]' at /home/lc/projekty/OpenKomodoIDE/mozilla/build/moz14000-ko14.10/mozilla/obj-x86_64-pc-linux-gnu/dist/include/nsTObserverArray.h:457:52,
 1:26.66     inlined from 'virtual nsresult nsDocShell::Stop(uint32_t)' at /home/lc/projekty/OpenKomodoIDE/mozilla/build/moz14000-ko14.10/mozilla/docshell/base/nsDocShell.cpp:4245:
 1:26.66 /home/lc/projekty/OpenKomodoIDE/mozilla/build/moz14000-ko14.10/mozilla/obj-x86_64-pc-linux-gnu/dist/include/nsTObserverArray.h:282:25: warning: storing the address of local variable '__for_begin' in '*&this_22(D)->D.2304826.mChildList.D.2298804.nsAutoTObserverArray<nsDocLoader*, 0>::nsTObserverArray_base.nsTObserverArray_base::mIterators' [-Wdangling-pointer=]
 1:26.66   282 |       aArray.mIterators = this;
 1:26.66       |       ~~~~~~~~~~~~~~~~~~^~~~~~
 1:26.66 /home/lc/projekty/OpenKomodoIDE/mozilla/build/moz14000-ko14.10/mozilla/docshell/base/nsDocShell.cpp: In member function 'virtual nsresult nsDocShell::Stop(uint32_t)':
 1:26.66 /home/lc/projekty/OpenKomodoIDE/mozilla/build/moz14000-ko14.10/mozilla/docshell/base/nsDocShell.cpp:4245: note: '__for_begin' declared here
 1:26.66  4245 |   for (auto* child : mChildList.ForwardRange()) {
 1:26.66 /home/lc/projekty/OpenKomodoIDE/mozilla/build/moz14000-ko14.10/mozilla/docshell/base/nsDocShell.cpp:4194: note: 'this' declared here
 1:26.66  4194 | nsDocShell::Stop(uint32_t aStopFlags) {
 1:26.91 dom/animation
 1:27.79 dom/audiochannel
 1:28.27 In constructor 'nsAutoTObserverArray<T, N>::Iterator::Iterator(nsTObserverArray_base::index_type, const array_type&) [with T = nsDocLoader*; long unsigned int N = 0]',
 1:28.27     inlined from 'nsAutoTObserverArray<T, N>::ForwardIterator::ForwardIterator(const array_type&) [with T = nsDocLoader*; long unsigned int N = 0]' at /home/lc/projekty/OpenKomodoIDE/mozilla/build/moz14000-ko14.10/mozilla/obj-x86_64-pc-linux-gnu/dist/include/nsTObserverArray.h:309:76,
 1:28.27     inlined from 'nsAutoTObserverArray<T, N>::STLIterator<Iterator, U>::STLIterator(const nsAutoTObserverArray<T, N>&) [with Iterator = nsAutoTObserverArray<nsDocLoader*, 0>::ForwardIterator; U = nsDocLoader*; T = nsDocLoader*; long unsigned int N = 0]' at /home/lc/projekty/OpenKomodoIDE/mozilla/build/moz14000-ko14.10/mozilla/obj-x86_64-pc-linux-gnu/dist/include/nsTObserverArray.h:422:11,
 1:28.27     inlined from 'nsAutoTObserverArray<T, N>::STLIteratorRange<Iterator, U>::iterator nsAutoTObserverArray<T, N>::STLIteratorRange<Iterator, U>::begin() const [with Iterator = nsAutoTObserverArray<nsDocLoader*, 0>::ForwardIterator; U = nsDocLoader*; T = nsDocLoader*; long unsigned int N = 0]' at /home/lc/projekty/OpenKomodoIDE/mozilla/build/moz14000-ko14.10/mozilla/obj-x86_64-pc-linux-gnu/dist/include/nsTObserverArray.h:457:52,
 1:28.27     inlined from 'virtual nsresult nsDocShell::ResumeRefreshURIs()' at /home/lc/projekty/OpenKomodoIDE/mozilla/build/moz14000-ko14.10/mozilla/docshell/base/nsDocShell.cpp:5492:
 1:28.27 /home/lc/projekty/OpenKomodoIDE/mozilla/build/moz14000-ko14.10/mozilla/obj-x86_64-pc-linux-gnu/dist/include/nsTObserverArray.h:282:25: warning: storing the address of local variable '__for_begin' in '*&this_7(D)->D.2304826.mChildList.D.2298804.nsAutoTObserverArray<nsDocLoader*, 0>::nsTObserverArray_base.nsTObserverArray_base::mIterators' [-Wdangling-pointer=]
 1:28.27   282 |       aArray.mIterators = this;
 1:28.27       |       ~~~~~~~~~~~~~~~~~~^~~~~~
 1:28.27 /home/lc/projekty/OpenKomodoIDE/mozilla/build/moz14000-ko14.10/mozilla/docshell/base/nsDocShell.cpp: In member function 'virtual nsresult nsDocShell::ResumeRefreshURIs()':
 1:28.27 /home/lc/projekty/OpenKomodoIDE/mozilla/build/moz14000-ko14.10/mozilla/docshell/base/nsDocShell.cpp:5492: note: '__for_begin' declared here
 1:28.27  5492 |   for (auto* child : mChildList.ForwardRange()) {
 1:28.27 /home/lc/projekty/OpenKomodoIDE/mozilla/build/moz14000-ko14.10/mozilla/docshell/base/nsDocShell.cpp:5488: note: 'this' declared here
 1:28.27  5488 | nsDocShell::ResumeRefreshURIs() {
 1:33.98 In static member function 'static void mozilla::MozPromise<ResolveValueT, RejectValueT, IsExclusive>::MaybeChain(PromiseType*, RefPtr<typename PromiseType::Private>&&) [with PromiseType = mozilla::MozPromise<mozilla::UniquePtr<mozilla::dom::ContentParent, mozilla::dom::ContentParentKeepAliveDeleter>, nsresult, true>; ResolveValueT = mozilla::UniquePtr<mozilla::dom::ContentParent, mozilla::dom::ContentParentKeepAliveDeleter>; RejectValueT = nsresult; bool IsExclusive = true]',
 1:33.98     inlined from 'void mozilla::MozPromise<ResolveValueT, RejectValueT, IsExclusive>::ThenValue<ResolveFunction, RejectFunction>::DoResolveOrRejectInternal(mozilla::MozPromise<ResolveValueT, RejectValueT, IsExclusive>::ResolveOrRejectValue&) [with ResolveFunction = mozilla::dom::CanonicalBrowsingContext::ChangeRemoteness(const mozilla::dom::NavigationIsolationOptions&, uint64_t)::<lambda(mozilla::dom::UniqueContentParentKeepAlive)>; RejectFunction = mozilla::dom::CanonicalBrowsingContext::ChangeRemoteness(const mozilla::dom::NavigationIsolationOptions&, uint64_t)::<lambda()>; ResolveValueT = mozilla::UniquePtr<mozilla::dom::ContentParent, mozilla::dom::ContentParentKeepAliveDeleter>; RejectValueT = nsresult; bool IsExclusive = true]' at /home/lc/projekty/OpenKomodoIDE/mozilla/build/moz14000-ko14.10/mozilla/obj-x86_64-pc-linux-gnu/dist/include/mozilla/MozPromise.h:871:30:
 1:33.98 /home/lc/projekty/OpenKomodoIDE/mozilla/build/moz14000-ko14.10/mozilla/obj-x86_64-pc-linux-gnu/dist/include/mozilla/MozPromise.h:678:21: warning: 'this' pointer is null [-Wnonnull]
 1:33.98   678 |       aFrom->ChainTo(aTo.forget(), "<chained completion promise>");
 1:33.98       |       ~~~~~~~~~~~~~~^~~~~~~~~~~~~~~~~~~~~~~~~~~~~~~~~~~~~~~~~~~~~~
 1:33.98 /home/lc/projekty/OpenKomodoIDE/mozilla/build/moz14000-ko14.10/mozilla/obj-x86_64-pc-linux-gnu/dist/include/mozilla/MozPromise.h: In member function 'void mozilla::MozPromise<ResolveValueT, RejectValueT, IsExclusive>::ThenValue<ResolveFunction, RejectFunction>::DoResolveOrRejectInternal(mozilla::MozPromise<ResolveValueT, RejectValueT, IsExclusive>::ResolveOrRejectValue&) [with ResolveFunction = mozilla::dom::CanonicalBrowsingContext::ChangeRemoteness(const mozilla::dom::NavigationIsolationOptions&, uint64_t)::<lambda(mozilla::dom::UniqueContentParentKeepAlive)>; RejectFunction = mozilla::dom::CanonicalBrowsingContext::ChangeRemoteness(const mozilla::dom::NavigationIsolationOptions&, uint64_t)::<lambda()>; ResolveValueT = mozilla::UniquePtr<mozilla::dom::ContentParent, mozilla::dom::ContentParentKeepAliveDeleter>; RejectValueT = nsresult; bool IsExclusive = true]':
 1:33.98 /home/lc/projekty/OpenKomodoIDE/mozilla/build/moz14000-ko14.10/mozilla/obj-x86_64-pc-linux-gnu/dist/include/mozilla/MozPromise.h:1191:8: note: in a call to non-static member function 'void mozilla::MozPromise<ResolveValueT, RejectValueT, IsExclusive>::ChainTo(already_AddRefed<Private>, mozilla::StaticString) [with ResolveValueT = mozilla::UniquePtr<mozilla::dom::ContentParent, mozilla::dom::ContentParentKeepAliveDeleter>; RejectValueT = nsresult; bool IsExclusive = true]'
 1:33.98  1191 |   void ChainTo(already_AddRefed<Private> aChainedPromise,
 1:33.98       |        ^~~~~~~
 1:37.09 In file included from /home/lc/projekty/OpenKomodoIDE/mozilla/build/moz14000-ko14.10/mozilla/obj-x86_64-pc-linux-gnu/dist/include/mozilla/EffectCompositor.h:16,
 1:37.09                  from /home/lc/projekty/OpenKomodoIDE/mozilla/build/moz14000-ko14.10/mozilla/obj-x86_64-pc-linux-gnu/dist/include/nsDisplayList.h:30,
 1:37.10                  from /home/lc/projekty/OpenKomodoIDE/mozilla/build/moz14000-ko14.10/mozilla/obj-x86_64-pc-linux-gnu/dist/include/mozilla/layout/RemoteLayerTreeOwner.h:17,
 1:37.10                  from /home/lc/projekty/OpenKomodoIDE/mozilla/build/moz14000-ko14.10/mozilla/obj-x86_64-pc-linux-gnu/dist/include/mozilla/dom/BrowserParent.h:25,
 1:37.10                  from /home/lc/projekty/OpenKomodoIDE/mozilla/build/moz14000-ko14.10/mozilla/docshell/shistory/SessionHistoryEntry.cpp:24,
 1:37.10                  from Unified_cpp_docshell_shistory0.cpp:11:
 1:37.10 /home/lc/projekty/OpenKomodoIDE/mozilla/build/moz14000-ko14.10/mozilla/obj-x86_64-pc-linux-gnu/dist/include/mozilla/PseudoElementHashEntry.h: In static member function 'static PLDHashNumber mozilla::PseudoElementHashEntry::HashKey(KeyTypePointer)':
 1:37.10 /home/lc/projekty/OpenKomodoIDE/mozilla/build/moz14000-ko14.10/mozilla/obj-x86_64-pc-linux-gnu/dist/include/mozilla/PseudoElementHashEntry.h:36: note: '-Wmisleading-indentation' is disabled from this point onwards, since column-tracking was disabled due to the size of the code/headers
 1:37.10    36 |     if (!aKey) return 0;
 1:37.10 /home/lc/projekty/OpenKomodoIDE/mozilla/build/moz14000-ko14.10/mozilla/obj-x86_64-pc-linux-gnu/dist/include/mozilla/PseudoElementHashEntry.h:36: note: adding '-flarge-source-files' will allow for more column-tracking support, at the expense of compilation time and memory
 1:37.83 In file included from /home/lc/projekty/OpenKomodoIDE/mozilla/build/moz14000-ko14.10/mozilla/dom/audiochannel/AudioChannelService.h:19,
 1:37.83                  from /home/lc/projekty/OpenKomodoIDE/mozilla/build/moz14000-ko14.10/mozilla/dom/audiochannel/AudioChannelAgent.cpp:7,
 1:37.83                  from Unified_cpp_dom_audiochannel0.cpp:2:
 1:37.83 In constructor 'nsAutoTObserverArray<T, N>::Iterator::Iterator(nsTObserverArray_base::index_type, const array_type&) [with T = mozilla::UniquePtr<mozilla::dom::AudioChannelService::AudioChannelWindow>; long unsigned int N = 0]',
 1:37.83     inlined from 'nsAutoTObserverArray<T, N>::ForwardIterator::ForwardIterator(const array_type&) [with T = mozilla::UniquePtr<mozilla::dom::AudioChannelService::AudioChannelWindow>; long unsigned int N = 0]' at /home/lc/projekty/OpenKomodoIDE/mozilla/build/moz14000-ko14.10/mozilla/obj-x86_64-pc-linux-gnu/dist/include/nsTObserverArray.h:309:76,
 1:37.83     inlined from 'virtual nsresult mozilla::dom::AudioChannelService::Observe(nsISupports*, const char*, const char16_t*)' at /home/lc/projekty/OpenKomodoIDE/mozilla/build/moz14000-ko14.10/mozilla/dom/audiochannel/AudioChannelService.cpp:278:19:
 1:37.83 /home/lc/projekty/OpenKomodoIDE/mozilla/build/moz14000-ko14.10/mozilla/obj-x86_64-pc-linux-gnu/dist/include/nsTObserverArray.h:282:25: warning: storing the address of local variable 'iter' in '((const array_type*)this)[1].nsAutoTObserverArray<mozilla::UniquePtr<mozilla::dom::AudioChannelService::AudioChannelWindow>, 0>::nsTObserverArray_base.nsTObserverArray_base::mIterators' [-Wdangling-pointer=]
 1:37.83   282 |       aArray.mIterators = this;
 1:37.83       |       ~~~~~~~~~~~~~~~~~~^~~~~~
 1:37.83 In file included from Unified_cpp_dom_audiochannel0.cpp:11:
 1:37.83 /home/lc/projekty/OpenKomodoIDE/mozilla/build/moz14000-ko14.10/mozilla/dom/audiochannel/AudioChannelService.cpp: In member function 'virtual nsresult mozilla::dom::AudioChannelService::Observe(nsISupports*, const char*, const char16_t*)':
 1:37.83 /home/lc/projekty/OpenKomodoIDE/mozilla/build/moz14000-ko14.10/mozilla/dom/audiochannel/AudioChannelService.cpp:277:72: note: 'iter' declared here
 1:37.84   277 |       nsTObserverArray<UniquePtr<AudioChannelWindow>>::ForwardIterator iter(
 1:37.84       |                                                                        ^~~~
 1:37.84 /home/lc/projekty/OpenKomodoIDE/mozilla/build/moz14000-ko14.10/mozilla/dom/audiochannel/AudioChannelService.cpp:261:51: note: 'this' declared here
 1:37.84   261 |                              const char16_t* aData) {
 1:37.84       |                                                   ^
 1:40.57 In constructor 'nsAutoTObserverArray<T, N>::Iterator::Iterator(nsTObserverArray_base::index_type, const array_type&) [with T = nsDocLoader*; long unsigned int N = 0]',
 1:40.57     inlined from 'nsAutoTObserverArray<T, N>::ForwardIterator::ForwardIterator(const array_type&) [with T = nsDocLoader*; long unsigned int N = 0]' at /home/lc/projekty/OpenKomodoIDE/mozilla/build/moz14000-ko14.10/mozilla/obj-x86_64-pc-linux-gnu/dist/include/nsTObserverArray.h:309:76,
 1:40.57     inlined from 'nsAutoTObserverArray<T, N>::STLIterator<Iterator, U>::STLIterator(const nsAutoTObserverArray<T, N>&) [with Iterator = nsAutoTObserverArray<nsDocLoader*, 0>::ForwardIterator; U = nsDocLoader*; T = nsDocLoader*; long unsigned int N = 0]' at /home/lc/projekty/OpenKomodoIDE/mozilla/build/moz14000-ko14.10/mozilla/obj-x86_64-pc-linux-gnu/dist/include/nsTObserverArray.h:422:11,
 1:40.57     inlined from 'nsAutoTObserverArray<T, N>::STLIteratorRange<Iterator, U>::iterator nsAutoTObserverArray<T, N>::STLIteratorRange<Iterator, U>::begin() const [with Iterator = nsAutoTObserverArray<nsDocLoader*, 0>::ForwardIterator; U = nsDocLoader*; T = nsDocLoader*; long unsigned int N = 0]' at /home/lc/projekty/OpenKomodoIDE/mozilla/build/moz14000-ko14.10/mozilla/obj-x86_64-pc-linux-gnu/dist/include/nsTObserverArray.h:457:52,
 1:40.57     inlined from 'nsresult nsDocShell::BeginRestoreChildren()' at /home/lc/projekty/OpenKomodoIDE/mozilla/build/moz14000-ko14.10/mozilla/docshell/base/nsDocShell.cpp:7069:
 1:40.57 /home/lc/projekty/OpenKomodoIDE/mozilla/build/moz14000-ko14.10/mozilla/obj-x86_64-pc-linux-gnu/dist/include/nsTObserverArray.h:282:25: warning: storing the address of local variable '__for_begin' in '*&this_11(D)->D.2304826.mChildList.D.2298804.nsAutoTObserverArray<nsDocLoader*, 0>::nsTObserverArray_base.nsTObserverArray_base::mIterators' [-Wdangling-pointer=]
 1:40.57   282 |       aArray.mIterators = this;
 1:40.57       |       ~~~~~~~~~~~~~~~~~~^~~~~~
 1:40.57 /home/lc/projekty/OpenKomodoIDE/mozilla/build/moz14000-ko14.10/mozilla/docshell/base/nsDocShell.cpp: In member function 'nsresult nsDocShell::BeginRestoreChildren()':
 1:40.57 /home/lc/projekty/OpenKomodoIDE/mozilla/build/moz14000-ko14.10/mozilla/docshell/base/nsDocShell.cpp:7069: note: '__for_begin' declared here
 1:40.57  7069 |   for (auto* childDocLoader : mChildList.ForwardRange()) {
 1:40.57 /home/lc/projekty/OpenKomodoIDE/mozilla/build/moz14000-ko14.10/mozilla/docshell/base/nsDocShell.cpp:7066: note: 'this' declared here
 1:40.57  7066 | nsresult nsDocShell::BeginRestoreChildren() {
 1:42.46 In file included from /home/lc/projekty/OpenKomodoIDE/mozilla/build/moz14000-ko14.10/mozilla/obj-x86_64-pc-linux-gnu/dist/include/nsIFrame.h:52,
 1:42.46                  from /home/lc/projekty/OpenKomodoIDE/mozilla/build/moz14000-ko14.10/mozilla/dom/base/nsFrameLoader.h:36,
 1:42.46                  from /home/lc/projekty/OpenKomodoIDE/mozilla/build/moz14000-ko14.10/mozilla/docshell/shistory/SessionHistoryEntry.cpp:11:
 1:42.46 /home/lc/projekty/OpenKomodoIDE/mozilla/build/moz14000-ko14.10/mozilla/obj-x86_64-pc-linux-gnu/dist/include/FrameProperties.h: In instantiation of 'static mozilla::FrameProperties::PropertyType<T> mozilla::FrameProperties::ReinterpretHelper<T>::FromInternalValue(uint64_t) [with T = mozilla::SmallValueHolder<mozilla::FrameBidiData>; mozilla::FrameProperties::PropertyType<T> = mozilla::FrameBidiData; uint64_t = long unsigned int]':
 1:42.46 /home/lc/projekty/OpenKomodoIDE/mozilla/build/moz14000-ko14.10/mozilla/obj-x86_64-pc-linux-gnu/dist/include/FrameProperties.h:202:51:   required from 'mozilla::FrameProperties::PropertyType<T> mozilla::FrameProperties::Get(Descriptor<T>, bool*) const [with T = mozilla::SmallValueHolder<mozilla::FrameBidiData>; PropertyType<T> = mozilla::FrameBidiData; Descriptor<T> = const mozilla::FramePropertyDescriptor<mozilla::SmallValueHolder<mozilla::FrameBidiData> >*]'
 1:42.46   202 |     return ReinterpretHelper<T>::FromInternalValue(v);
 1:42.46       |            ~~~~~~~~~~~~~~~~~~~~~~~~~~~~~~~~~~~~~~~^~~
 1:42.46 /home/lc/projekty/OpenKomodoIDE/mozilla/build/moz14000-ko14.10/mozilla/obj-x86_64-pc-linux-gnu/dist/include/nsIFrame.h:4451:27:   required from 'mozilla::FrameProperties::PropertyType<T> nsIFrame::GetProperty(mozilla::FrameProperties::Descriptor<T>, bool*) const [with T = mozilla::SmallValueHolder<mozilla::FrameBidiData>; mozilla::FrameProperties::PropertyType<T> = mozilla::FrameBidiData; mozilla::FrameProperties::Descriptor<T> = const mozilla::FramePropertyDescriptor<mozilla::SmallValueHolder<mozilla::FrameBidiData> >*]'
 1:42.46  4451 |     return mProperties.Get(aProperty, aFoundResult);
 1:42.46       |            ~~~~~~~~~~~~~~~^~~~~~~~~~~~~~~~~~~~~~~~~
 1:42.46 /home/lc/projekty/OpenKomodoIDE/mozilla/build/moz14000-ko14.10/mozilla/obj-x86_64-pc-linux-gnu/dist/include/nsIFrame.h:1542:50:   required from here
 1:42.46  1542 |     mozilla::FrameBidiData bidiData = GetProperty(BidiDataProperty(), &exists);
 1:42.46       |                                       ~~~~~~~~~~~^~~~~~~~~~~~~~~~~~~~~~~~~~~~~
 1:42.46 /home/lc/projekty/OpenKomodoIDE/mozilla/build/moz14000-ko14.10/mozilla/obj-x86_64-pc-linux-gnu/dist/include/FrameProperties.h:302:13: warning: 'void* memcpy(void*, const void*, size_t)' copying an object of non-trivial type 'mozilla::FrameProperties::PropertyType<mozilla::SmallValueHolder<mozilla::FrameBidiData> >' {aka 'struct mozilla::FrameBidiData'} from an array of 'uint64_t' {aka 'long unsigned int'} [-Wclass-memaccess]
 1:42.46   302 |       memcpy(&value, &aInternalValue, sizeof(value));
 1:42.46       |       ~~~~~~^~~~~~~~~~~~~~~~~~~~~~~~~~~~~~~~~~~~~~~~
 1:42.46 /home/lc/projekty/OpenKomodoIDE/mozilla/build/moz14000-ko14.10/mozilla/obj-x86_64-pc-linux-gnu/dist/include/nsIFrame.h:413:8: note: 'mozilla::FrameProperties::PropertyType<mozilla::SmallValueHolder<mozilla::FrameBidiData> >' {aka 'struct mozilla::FrameBidiData'} declared here
 1:42.46   413 | struct FrameBidiData {
 1:42.46       |        ^~~~~~~~~~~~~
 1:43.40 In file included from /home/lc/projekty/OpenKomodoIDE/mozilla/build/moz14000-ko14.10/mozilla/obj-x86_64-pc-linux-gnu/dist/include/gfxFontEntry.h:15,
 1:43.40                  from /home/lc/projekty/OpenKomodoIDE/mozilla/build/moz14000-ko14.10/mozilla/obj-x86_64-pc-linux-gnu/dist/include/gfxFont.h:51,
 1:43.40                  from /home/lc/projekty/OpenKomodoIDE/mozilla/build/moz14000-ko14.10/mozilla/obj-x86_64-pc-linux-gnu/dist/include/gfxTextRun.h:14,
 1:43.40                  from /home/lc/projekty/OpenKomodoIDE/mozilla/build/moz14000-ko14.10/mozilla/obj-x86_64-pc-linux-gnu/dist/include/nsTextFrame.h:19,
 1:43.40                  from /home/lc/projekty/OpenKomodoIDE/mozilla/build/moz14000-ko14.10/mozilla/layout/style/nsStyleStructInlines.h:18,
 1:43.40                  from /home/lc/projekty/OpenKomodoIDE/mozilla/build/moz14000-ko14.10/mozilla/obj-x86_64-pc-linux-gnu/dist/include/mozilla/ComputedStyleInlines.h:22,
 1:43.40                  from /home/lc/projekty/OpenKomodoIDE/mozilla/build/moz14000-ko14.10/mozilla/dom/animation/EffectCompositor.cpp:17,
 1:43.40                  from Unified_cpp_dom_animation0.cpp:92:
 1:43.40 /home/lc/projekty/OpenKomodoIDE/mozilla/build/moz14000-ko14.10/mozilla/obj-x86_64-pc-linux-gnu/dist/include/gfxFontUtils.h: In static member function 'static bool gfxFontUtils::PotentialRTLChar(char16_t)':
 1:43.40 /home/lc/projekty/OpenKomodoIDE/mozilla/build/moz14000-ko14.10/mozilla/obj-x86_64-pc-linux-gnu/dist/include/gfxFontUtils.h:1125: note: '-Wmisleading-indentation' is disabled from this point onwards, since column-tracking was disabled due to the size of the code/headers
 1:43.40  1125 |     if (aCh >= kUnicodeBidiScriptsStart && aCh <= kUnicodeBidiScriptsEnd)
 1:43.40 /home/lc/projekty/OpenKomodoIDE/mozilla/build/moz14000-ko14.10/mozilla/obj-x86_64-pc-linux-gnu/dist/include/gfxFontUtils.h:1125: note: adding '-flarge-source-files' will allow for more column-tracking support, at the expense of compilation time and memory
 1:46.46 /home/lc/projekty/OpenKomodoIDE/mozilla/build/moz14000-ko14.10/mozilla/intl/icu/source/i18n/smpdtfmt.cpp: In member function 'void icu_77::SimpleDateFormat::subFormat(icu_77::UnicodeString&, char16_t, int32_t, UDisplayContext, int32_t, char16_t, icu_77::FieldPositionHandler&, icu_77::Calendar&, UErrorCode&) const':
 1:46.46 /home/lc/projekty/OpenKomodoIDE/mozilla/build/moz14000-ko14.10/mozilla/intl/icu/source/i18n/smpdtfmt.cpp:1498:56: warning: variable 'capContextUsageType' set but not used [-Wunused-but-set-variable]
 1:46.46  1498 |     DateFormatSymbols::ECapitalizationContextUsageType capContextUsageType = DateFormatSymbols::kCapContextUsageOther;
 1:46.46       |                                                        ^~~~~~~~~~~~~~~~~~~
 1:47.00 dom/base/UseCounterMetrics.cpp.stub
 1:48.42 dom/battery
 1:49.51 In file included from /home/lc/projekty/OpenKomodoIDE/mozilla/build/moz14000-ko14.10/mozilla/obj-x86_64-pc-linux-gnu/dist/include/nsIFrame.h:52,
 1:49.51                  from /home/lc/projekty/OpenKomodoIDE/mozilla/build/moz14000-ko14.10/mozilla/dom/animation/Animation.cpp:10,
 1:49.51                  from Unified_cpp_dom_animation0.cpp:2:
 1:49.51 /home/lc/projekty/OpenKomodoIDE/mozilla/build/moz14000-ko14.10/mozilla/obj-x86_64-pc-linux-gnu/dist/include/FrameProperties.h: In instantiation of 'static mozilla::FrameProperties::PropertyType<T> mozilla::FrameProperties::ReinterpretHelper<T>::FromInternalValue(uint64_t) [with T = mozilla::SmallValueHolder<mozilla::FrameBidiData>; mozilla::FrameProperties::PropertyType<T> = mozilla::FrameBidiData; uint64_t = long unsigned int]':
 1:49.51 /home/lc/projekty/OpenKomodoIDE/mozilla/build/moz14000-ko14.10/mozilla/obj-x86_64-pc-linux-gnu/dist/include/FrameProperties.h:202:51:   required from 'mozilla::FrameProperties::PropertyType<T> mozilla::FrameProperties::Get(Descriptor<T>, bool*) const [with T = mozilla::SmallValueHolder<mozilla::FrameBidiData>; PropertyType<T> = mozilla::FrameBidiData; Descriptor<T> = const mozilla::FramePropertyDescriptor<mozilla::SmallValueHolder<mozilla::FrameBidiData> >*]'
 1:49.51   202 |     return ReinterpretHelper<T>::FromInternalValue(v);
 1:49.51       |            ~~~~~~~~~~~~~~~~~~~~~~~~~~~~~~~~~~~~~~~^~~
 1:49.52 /home/lc/projekty/OpenKomodoIDE/mozilla/build/moz14000-ko14.10/mozilla/obj-x86_64-pc-linux-gnu/dist/include/nsIFrame.h:4451:27:   required from 'mozilla::FrameProperties::PropertyType<T> nsIFrame::GetProperty(mozilla::FrameProperties::Descriptor<T>, bool*) const [with T = mozilla::SmallValueHolder<mozilla::FrameBidiData>; mozilla::FrameProperties::PropertyType<T> = mozilla::FrameBidiData; mozilla::FrameProperties::Descriptor<T> = const mozilla::FramePropertyDescriptor<mozilla::SmallValueHolder<mozilla::FrameBidiData> >*]'
 1:49.52  4451 |     return mProperties.Get(aProperty, aFoundResult);
 1:49.52       |            ~~~~~~~~~~~~~~~^~~~~~~~~~~~~~~~~~~~~~~~~
 1:49.52 /home/lc/projekty/OpenKomodoIDE/mozilla/build/moz14000-ko14.10/mozilla/obj-x86_64-pc-linux-gnu/dist/include/nsIFrame.h:1542:50:   required from here
 1:49.52  1542 |     mozilla::FrameBidiData bidiData = GetProperty(BidiDataProperty(), &exists);
 1:49.52       |                                       ~~~~~~~~~~~^~~~~~~~~~~~~~~~~~~~~~~~~~~~~
 1:49.52 /home/lc/projekty/OpenKomodoIDE/mozilla/build/moz14000-ko14.10/mozilla/obj-x86_64-pc-linux-gnu/dist/include/FrameProperties.h:302:13: warning: 'void* memcpy(void*, const void*, size_t)' copying an object of non-trivial type 'mozilla::FrameProperties::PropertyType<mozilla::SmallValueHolder<mozilla::FrameBidiData> >' {aka 'struct mozilla::FrameBidiData'} from an array of 'uint64_t' {aka 'long unsigned int'} [-Wclass-memaccess]
 1:49.52   302 |       memcpy(&value, &aInternalValue, sizeof(value));
 1:49.52       |       ~~~~~~^~~~~~~~~~~~~~~~~~~~~~~~~~~~~~~~~~~~~~~~
 1:49.52 /home/lc/projekty/OpenKomodoIDE/mozilla/build/moz14000-ko14.10/mozilla/obj-x86_64-pc-linux-gnu/dist/include/nsIFrame.h:413:8: note: 'mozilla::FrameProperties::PropertyType<mozilla::SmallValueHolder<mozilla::FrameBidiData> >' {aka 'struct mozilla::FrameBidiData'} declared here
 1:49.52   413 | struct FrameBidiData {
 1:49.52       |        ^~~~~~~~~~~~~
 1:49.65 /home/lc/projekty/OpenKomodoIDE/mozilla/build/moz14000-ko14.10/mozilla/obj-x86_64-pc-linux-gnu/dist/include/FrameProperties.h: In instantiation of 'static mozilla::FrameProperties::PropertyType<T> mozilla::FrameProperties::ReinterpretHelper<T>::FromInternalValue(uint64_t) [with T = mozilla::SmallValueHolder<nsPoint>; mozilla::FrameProperties::PropertyType<T> = nsPoint; uint64_t = long unsigned int]':
 1:49.66 /home/lc/projekty/OpenKomodoIDE/mozilla/build/moz14000-ko14.10/mozilla/obj-x86_64-pc-linux-gnu/dist/include/FrameProperties.h:202:51:   required from 'mozilla::FrameProperties::PropertyType<T> mozilla::FrameProperties::Get(Descriptor<T>, bool*) const [with T = mozilla::SmallValueHolder<nsPoint>; PropertyType<T> = nsPoint; Descriptor<T> = const mozilla::FramePropertyDescriptor<mozilla::SmallValueHolder<nsPoint> >*]'
 1:49.66   202 |     return ReinterpretHelper<T>::FromInternalValue(v);
 1:49.66       |            ~~~~~~~~~~~~~~~~~~~~~~~~~~~~~~~~~~~~~~~^~~
 1:49.66 /home/lc/projekty/OpenKomodoIDE/mozilla/build/moz14000-ko14.10/mozilla/obj-x86_64-pc-linux-gnu/dist/include/nsIFrame.h:4451:27:   required from 'mozilla::FrameProperties::PropertyType<T> nsIFrame::GetProperty(mozilla::FrameProperties::Descriptor<T>, bool*) const [with T = mozilla::SmallValueHolder<nsPoint>; mozilla::FrameProperties::PropertyType<T> = nsPoint; mozilla::FrameProperties::Descriptor<T> = const mozilla::FramePropertyDescriptor<mozilla::SmallValueHolder<nsPoint> >*]'
 1:49.66  4451 |     return mProperties.Get(aProperty, aFoundResult);
 1:49.66       |            ~~~~~~~~~~~~~~~^~~~~~~~~~~~~~~~~~~~~~~~~
 1:49.66 /home/lc/projekty/OpenKomodoIDE/mozilla/build/moz14000-ko14.10/mozilla/obj-x86_64-pc-linux-gnu/dist/include/nsIFrameInlines.h:185:0:   required from here
 1:49.66   185 |   nsPoint normalPosition = GetProperty(NormalPositionProperty(), &hasProperty);
 1:49.66 /home/lc/projekty/OpenKomodoIDE/mozilla/build/moz14000-ko14.10/mozilla/obj-x86_64-pc-linux-gnu/dist/include/FrameProperties.h:302:13: warning: 'void* memcpy(void*, const void*, size_t)' copying an object of non-trivial type 'mozilla::FrameProperties::PropertyType<mozilla::SmallValueHolder<nsPoint> >' {aka 'struct nsPoint'} from an array of 'uint64_t' {aka 'long unsigned int'} [-Wclass-memaccess]
 1:49.66   302 |       memcpy(&value, &aInternalValue, sizeof(value));
 1:49.66       |       ~~~~~~^~~~~~~~~~~~~~~~~~~~~~~~~~~~~~~~~~~~~~~~
 1:49.66 In file included from /home/lc/projekty/OpenKomodoIDE/mozilla/build/moz14000-ko14.10/mozilla/obj-x86_64-pc-linux-gnu/dist/include/nsRect.h:17,
 1:49.66                  from /home/lc/projekty/OpenKomodoIDE/mozilla/build/moz14000-ko14.10/mozilla/layout/base/Units.h:19,
 1:49.66                  from /home/lc/projekty/OpenKomodoIDE/mozilla/build/moz14000-ko14.10/mozilla/obj-x86_64-pc-linux-gnu/dist/include/mozilla/ServoStyleConstsForwards.h:23,
 1:49.66                  from /home/lc/projekty/OpenKomodoIDE/mozilla/build/moz14000-ko14.10/mozilla/obj-x86_64-pc-linux-gnu/dist/include/mozilla/ServoStyleConsts.h:27,
 1:49.66                  from /home/lc/projekty/OpenKomodoIDE/mozilla/build/moz14000-ko14.10/mozilla/obj-x86_64-pc-linux-gnu/dist/include/mozilla/ServoBindings.h:12,
 1:49.66                  from /home/lc/projekty/OpenKomodoIDE/mozilla/build/moz14000-ko14.10/mozilla/obj-x86_64-pc-linux-gnu/dist/include/mozilla/AnimatedPropertyIDSet.h:10,
 1:49.66                  from /home/lc/projekty/OpenKomodoIDE/mozilla/build/moz14000-ko14.10/mozilla/dom/animation/Animation.h:12,
 1:49.66                  from /home/lc/projekty/OpenKomodoIDE/mozilla/build/moz14000-ko14.10/mozilla/dom/animation/Animation.cpp:7:
 1:49.66 /home/lc/projekty/OpenKomodoIDE/mozilla/build/moz14000-ko14.10/mozilla/obj-x86_64-pc-linux-gnu/dist/include/nsPoint.h:22:8: note: 'mozilla::FrameProperties::PropertyType<mozilla::SmallValueHolder<nsPoint> >' {aka 'struct nsPoint'} declared here
 1:49.66    22 | struct nsPoint : public mozilla::gfx::BasePoint<nscoord, nsPoint> {
 1:49.66       |        ^~~~~~~
 1:49.92 /home/lc/projekty/OpenKomodoIDE/mozilla/build/moz14000-ko14.10/mozilla/intl/icu/source/i18n/string_segment.cpp:10:9: warning: "UNISTR_FROM_STRING_EXPLICIT" redefined
 1:49.92    10 | #define UNISTR_FROM_STRING_EXPLICIT
 1:49.92       |         ^~~~~~~~~~~~~~~~~~~~~~~~~~~
 1:49.92 <command-line>: note: this is the location of the previous definition
 1:51.30 In file included from /home/lc/projekty/OpenKomodoIDE/mozilla/build/moz14000-ko14.10/mozilla/obj-x86_64-pc-linux-gnu/dist/include/mozilla/Observer.h:10,
 1:51.30                  from /home/lc/projekty/OpenKomodoIDE/mozilla/build/moz14000-ko14.10/mozilla/obj-x86_64-pc-linux-gnu/dist/include/mozilla/HalScreenConfiguration.h:10,
 1:51.30                  from /home/lc/projekty/OpenKomodoIDE/mozilla/build/moz14000-ko14.10/mozilla/obj-x86_64-pc-linux-gnu/dist/include/mozilla/dom/BrowsingContext.h:13,
 1:51.30                  from /home/lc/projekty/OpenKomodoIDE/mozilla/build/moz14000-ko14.10/mozilla/obj-x86_64-pc-linux-gnu/dist/include/mozilla/dom/CanonicalBrowsingContext.h:10,
 1:51.30                  from /home/lc/projekty/OpenKomodoIDE/mozilla/build/moz14000-ko14.10/mozilla/docshell/shistory/ChildSHistory.cpp:9,
 1:51.30                  from Unified_cpp_docshell_shistory0.cpp:2:
 1:51.30 In constructor 'nsAutoTObserverArray<T, N>::Iterator::Iterator(nsTObserverArray_base::index_type, const array_type&) [with T = nsCOMPtr<nsIWeakReference>; long unsigned int N = 2]',
 1:51.30     inlined from 'nsAutoTObserverArray<T, N>::ForwardIterator::ForwardIterator(const array_type&, nsTObserverArray_base::index_type) [with T = nsCOMPtr<nsIWeakReference>; long unsigned int N = 2]' at /home/lc/projekty/OpenKomodoIDE/mozilla/build/moz14000-ko14.10/mozilla/obj-x86_64-pc-linux-gnu/dist/include/nsTObserverArray.h:312:32,
 1:51.30     inlined from 'nsAutoTObserverArray<T, N>::EndLimitedIterator::EndLimitedIterator(const array_type&) [with T = nsCOMPtr<nsIWeakReference>; long unsigned int N = 2]' at /home/lc/projekty/OpenKomodoIDE/mozilla/build/moz14000-ko14.10/mozilla/obj-x86_64-pc-linux-gnu/dist/include/nsTObserverArray.h:351:36,
 1:51.30     inlined from 'nsAutoTObserverArray<T, N>::STLIterator<Iterator, U>::STLIterator(const nsAutoTObserverArray<T, N>&) [with Iterator = nsAutoTObserverArray<nsCOMPtr<nsIWeakReference>, 2>::EndLimitedIterator; U = nsCOMPtr<nsIWeakReference>; T = nsCOMPtr<nsIWeakReference>; long unsigned int N = 2]' at /home/lc/projekty/OpenKomodoIDE/mozilla/build/moz14000-ko14.10/mozilla/obj-x86_64-pc-linux-gnu/dist/include/nsTObserverArray.h:422:11,
 1:51.30     inlined from 'nsAutoTObserverArray<T, N>::STLIteratorRange<Iterator, U>::iterator nsAutoTObserverArray<T, N>::STLIteratorRange<Iterator, U>::begin() const [with Iterator = nsAutoTObserverArray<nsCOMPtr<nsIWeakReference>, 2>::EndLimitedIterator; U = nsCOMPtr<nsIWeakReference>; T = nsCOMPtr<nsIWeakReference>; long unsigned int N = 2]' at /home/lc/projekty/OpenKomodoIDE/mozilla/build/moz14000-ko14.10/mozilla/obj-x86_64-pc-linux-gnu/dist/include/nsTObserverArray.h:457:52,
 1:51.30     inlined from 'virtual nsresult nsSHistory::NotifyOnHistoryReload(bool*)' at /home/lc/projekty/OpenKomodoIDE/mozilla/build/moz14000-ko14.10/mozilla/docshell/shistory/nsSHistory.cpp:1210:
 1:51.30 /home/lc/projekty/OpenKomodoIDE/mozilla/build/moz14000-ko14.10/mozilla/obj-x86_64-pc-linux-gnu/dist/include/nsTObserverArray.h:282:25: warning: storing the address of local variable '__for_begin' in '*&this_16(D)->mListeners.nsAutoTObserverArray<nsCOMPtr<nsIWeakReference>, 2>::nsTObserverArray_base.nsTObserverArray_base::mIterators' [-Wdangling-pointer=]
 1:51.30   282 |       aArray.mIterators = this;
 1:51.30       |       ~~~~~~~~~~~~~~~~~~^~~~~~
 1:51.35 In file included from Unified_cpp_docshell_shistory0.cpp:38:
 1:51.35 /home/lc/projekty/OpenKomodoIDE/mozilla/build/moz14000-ko14.10/mozilla/docshell/shistory/nsSHistory.cpp: In member function 'virtual nsresult nsSHistory::NotifyOnHistoryReload(bool*)':
 1:51.35 /home/lc/projekty/OpenKomodoIDE/mozilla/build/moz14000-ko14.10/mozilla/docshell/shistory/nsSHistory.cpp:1210: note: '__for_begin' declared here
 1:51.35  1210 |   for (const nsWeakPtr& weakPtr : mListeners.EndLimitedRange()) {
 1:51.37 /home/lc/projekty/OpenKomodoIDE/mozilla/build/moz14000-ko14.10/mozilla/docshell/shistory/nsSHistory.cpp:1207: note: 'this' declared here
 1:51.37  1207 | nsSHistory::NotifyOnHistoryReload(bool* aCanReload) {
 1:51.42 In constructor 'nsAutoTObserverArray<T, N>::Iterator::Iterator(nsTObserverArray_base::index_type, const array_type&) [with T = nsCOMPtr<nsIWeakReference>; long unsigned int N = 2]',
 1:51.42     inlined from 'nsAutoTObserverArray<T, N>::ForwardIterator::ForwardIterator(const array_type&, nsTObserverArray_base::index_type) [with T = nsCOMPtr<nsIWeakReference>; long unsigned int N = 2]' at /home/lc/projekty/OpenKomodoIDE/mozilla/build/moz14000-ko14.10/mozilla/obj-x86_64-pc-linux-gnu/dist/include/nsTObserverArray.h:312:32,
 1:51.42     inlined from 'nsAutoTObserverArray<T, N>::EndLimitedIterator::EndLimitedIterator(const array_type&) [with T = nsCOMPtr<nsIWeakReference>; long unsigned int N = 2]' at /home/lc/projekty/OpenKomodoIDE/mozilla/build/moz14000-ko14.10/mozilla/obj-x86_64-pc-linux-gnu/dist/include/nsTObserverArray.h:351:36,
 1:51.42     inlined from 'nsAutoTObserverArray<T, N>::STLIterator<Iterator, U>::STLIterator(const nsAutoTObserverArray<T, N>&) [with Iterator = nsAutoTObserverArray<nsCOMPtr<nsIWeakReference>, 2>::EndLimitedIterator; U = nsCOMPtr<nsIWeakReference>; T = nsCOMPtr<nsIWeakReference>; long unsigned int N = 2]' at /home/lc/projekty/OpenKomodoIDE/mozilla/build/moz14000-ko14.10/mozilla/obj-x86_64-pc-linux-gnu/dist/include/nsTObserverArray.h:422:11,
 1:51.42     inlined from 'nsAutoTObserverArray<T, N>::STLIteratorRange<Iterator, U>::iterator nsAutoTObserverArray<T, N>::STLIteratorRange<Iterator, U>::begin() const [with Iterator = nsAutoTObserverArray<nsCOMPtr<nsIWeakReference>, 2>::EndLimitedIterator; U = nsCOMPtr<nsIWeakReference>; T = nsCOMPtr<nsIWeakReference>; long unsigned int N = 2]' at /home/lc/projekty/OpenKomodoIDE/mozilla/build/moz14000-ko14.10/mozilla/obj-x86_64-pc-linux-gnu/dist/include/nsTObserverArray.h:457:52,
 1:51.42     inlined from 'void NotifyListeners(nsAutoTObserverArray<nsCOMPtr<nsIWeakReference>, 2>&, F&&) [with F = nsSHistory::ReloadCurrentEntry(nsTArray<LoadEntryResult>&)::<lambda(auto:93)>]' at /home/lc/projekty/OpenKomodoIDE/mozilla/build/moz14000-ko14.10/mozilla/docshell/shistory/nsSHistory.cpp:141:
 1:51.42 /home/lc/projekty/OpenKomodoIDE/mozilla/build/moz14000-ko14.10/mozilla/obj-x86_64-pc-linux-gnu/dist/include/nsTObserverArray.h:282:25: warning: storing the address of local variable '__for_begin' in '*aListeners.nsAutoTObserverArray<nsCOMPtr<nsIWeakReference>, 2>::nsTObserverArray_base.nsTObserverArray_base::mIterators' [-Wdangling-pointer=]
 1:51.42   282 |       aArray.mIterators = this;
 1:51.42       |       ~~~~~~~~~~~~~~~~~~^~~~~~
 1:51.42 /home/lc/projekty/OpenKomodoIDE/mozilla/build/moz14000-ko14.10/mozilla/docshell/shistory/nsSHistory.cpp: In function 'void NotifyListeners(nsAutoTObserverArray<nsCOMPtr<nsIWeakReference>, 2>&, F&&) [with F = nsSHistory::ReloadCurrentEntry(nsTArray<LoadEntryResult>&)::<lambda(auto:93)>]':
 1:51.42 /home/lc/projekty/OpenKomodoIDE/mozilla/build/moz14000-ko14.10/mozilla/docshell/shistory/nsSHistory.cpp:141: note: '__for_begin' declared here
 1:51.42   141 |   for (const nsWeakPtr& weakPtr : aListeners.EndLimitedRange()) {
 1:51.42 /home/lc/projekty/OpenKomodoIDE/mozilla/build/moz14000-ko14.10/mozilla/docshell/shistory/nsSHistory.cpp:139: note: 'aListeners' declared here
 1:51.42   139 | static void NotifyListeners(nsAutoTObserverArray<nsWeakPtr, 2>& aListeners,
 1:51.44 In constructor 'nsAutoTObserverArray<T, N>::Iterator::Iterator(nsTObserverArray_base::index_type, const array_type&) [with T = nsCOMPtr<nsIWeakReference>; long unsigned int N = 2]',
 1:51.44     inlined from 'nsAutoTObserverArray<T, N>::ForwardIterator::ForwardIterator(const array_type&, nsTObserverArray_base::index_type) [with T = nsCOMPtr<nsIWeakReference>; long unsigned int N = 2]' at /home/lc/projekty/OpenKomodoIDE/mozilla/build/moz14000-ko14.10/mozilla/obj-x86_64-pc-linux-gnu/dist/include/nsTObserverArray.h:312:32,
 1:51.44     inlined from 'nsAutoTObserverArray<T, N>::EndLimitedIterator::EndLimitedIterator(const array_type&) [with T = nsCOMPtr<nsIWeakReference>; long unsigned int N = 2]' at /home/lc/projekty/OpenKomodoIDE/mozilla/build/moz14000-ko14.10/mozilla/obj-x86_64-pc-linux-gnu/dist/include/nsTObserverArray.h:351:36,
 1:51.44     inlined from 'nsAutoTObserverArray<T, N>::STLIterator<Iterator, U>::STLIterator(const nsAutoTObserverArray<T, N>&) [with Iterator = nsAutoTObserverArray<nsCOMPtr<nsIWeakReference>, 2>::EndLimitedIterator; U = nsCOMPtr<nsIWeakReference>; T = nsCOMPtr<nsIWeakReference>; long unsigned int N = 2]' at /home/lc/projekty/OpenKomodoIDE/mozilla/build/moz14000-ko14.10/mozilla/obj-x86_64-pc-linux-gnu/dist/include/nsTObserverArray.h:422:11,
 1:51.44     inlined from 'nsAutoTObserverArray<T, N>::STLIteratorRange<Iterator, U>::iterator nsAutoTObserverArray<T, N>::STLIteratorRange<Iterator, U>::begin() const [with Iterator = nsAutoTObserverArray<nsCOMPtr<nsIWeakReference>, 2>::EndLimitedIterator; U = nsCOMPtr<nsIWeakReference>; T = nsCOMPtr<nsIWeakReference>; long unsigned int N = 2]' at /home/lc/projekty/OpenKomodoIDE/mozilla/build/moz14000-ko14.10/mozilla/obj-x86_64-pc-linux-gnu/dist/include/nsTObserverArray.h:457:52,
 1:51.44     inlined from 'void NotifyListeners(nsAutoTObserverArray<nsCOMPtr<nsIWeakReference>, 2>&, F&&) [with F = nsSHistory::AddEntry(nsISHEntry*, bool)::<lambda(auto:86)>]' at /home/lc/projekty/OpenKomodoIDE/mozilla/build/moz14000-ko14.10/mozilla/docshell/shistory/nsSHistory.cpp:141:
 1:51.44 /home/lc/projekty/OpenKomodoIDE/mozilla/build/moz14000-ko14.10/mozilla/obj-x86_64-pc-linux-gnu/dist/include/nsTObserverArray.h:282:25: warning: storing the address of local variable '__for_begin' in '*aListeners.nsAutoTObserverArray<nsCOMPtr<nsIWeakReference>, 2>::nsTObserverArray_base.nsTObserverArray_base::mIterators' [-Wdangling-pointer=]
 1:51.44   282 |       aArray.mIterators = this;
 1:51.44       |       ~~~~~~~~~~~~~~~~~~^~~~~~
 1:51.44 /home/lc/projekty/OpenKomodoIDE/mozilla/build/moz14000-ko14.10/mozilla/docshell/shistory/nsSHistory.cpp: In function 'void NotifyListeners(nsAutoTObserverArray<nsCOMPtr<nsIWeakReference>, 2>&, F&&) [with F = nsSHistory::AddEntry(nsISHEntry*, bool)::<lambda(auto:86)>]':
 1:51.44 /home/lc/projekty/OpenKomodoIDE/mozilla/build/moz14000-ko14.10/mozilla/docshell/shistory/nsSHistory.cpp:141: note: '__for_begin' declared here
 1:51.44   141 |   for (const nsWeakPtr& weakPtr : aListeners.EndLimitedRange()) {
 1:51.44 /home/lc/projekty/OpenKomodoIDE/mozilla/build/moz14000-ko14.10/mozilla/docshell/shistory/nsSHistory.cpp:139: note: 'aListeners' declared here
 1:51.44   139 | static void NotifyListeners(nsAutoTObserverArray<nsWeakPtr, 2>& aListeners,
 1:51.46 In constructor 'nsAutoTObserverArray<T, N>::Iterator::Iterator(nsTObserverArray_base::index_type, const array_type&) [with T = nsCOMPtr<nsIWeakReference>; long unsigned int N = 2]',
 1:51.46     inlined from 'nsAutoTObserverArray<T, N>::ForwardIterator::ForwardIterator(const array_type&, nsTObserverArray_base::index_type) [with T = nsCOMPtr<nsIWeakReference>; long unsigned int N = 2]' at /home/lc/projekty/OpenKomodoIDE/mozilla/build/moz14000-ko14.10/mozilla/obj-x86_64-pc-linux-gnu/dist/include/nsTObserverArray.h:312:32,
 1:51.46     inlined from 'nsAutoTObserverArray<T, N>::EndLimitedIterator::EndLimitedIterator(const array_type&) [with T = nsCOMPtr<nsIWeakReference>; long unsigned int N = 2]' at /home/lc/projekty/OpenKomodoIDE/mozilla/build/moz14000-ko14.10/mozilla/obj-x86_64-pc-linux-gnu/dist/include/nsTObserverArray.h:351:36,
 1:51.46     inlined from 'nsAutoTObserverArray<T, N>::STLIterator<Iterator, U>::STLIterator(const nsAutoTObserverArray<T, N>&) [with Iterator = nsAutoTObserverArray<nsCOMPtr<nsIWeakReference>, 2>::EndLimitedIterator; U = nsCOMPtr<nsIWeakReference>; T = nsCOMPtr<nsIWeakReference>; long unsigned int N = 2]' at /home/lc/projekty/OpenKomodoIDE/mozilla/build/moz14000-ko14.10/mozilla/obj-x86_64-pc-linux-gnu/dist/include/nsTObserverArray.h:422:11,
 1:51.46     inlined from 'nsAutoTObserverArray<T, N>::STLIteratorRange<Iterator, U>::iterator nsAutoTObserverArray<T, N>::STLIteratorRange<Iterator, U>::begin() const [with Iterator = nsAutoTObserverArray<nsCOMPtr<nsIWeakReference>, 2>::EndLimitedIterator; U = nsCOMPtr<nsIWeakReference>; T = nsCOMPtr<nsIWeakReference>; long unsigned int N = 2]' at /home/lc/projekty/OpenKomodoIDE/mozilla/build/moz14000-ko14.10/mozilla/obj-x86_64-pc-linux-gnu/dist/include/nsTObserverArray.h:457:52,
 1:51.46     inlined from 'void NotifyListeners(nsAutoTObserverArray<nsCOMPtr<nsIWeakReference>, 2>&, F&&) [with F = nsSHistory::NotifyListenersDocumentViewerEvicted(uint32_t)::<lambda(auto:91)>]' at /home/lc/projekty/OpenKomodoIDE/mozilla/build/moz14000-ko14.10/mozilla/docshell/shistory/nsSHistory.cpp:141:
 1:51.46 /home/lc/projekty/OpenKomodoIDE/mozilla/build/moz14000-ko14.10/mozilla/obj-x86_64-pc-linux-gnu/dist/include/nsTObserverArray.h:282:25: warning: storing the address of local variable '__for_begin' in '*aListeners.nsAutoTObserverArray<nsCOMPtr<nsIWeakReference>, 2>::nsTObserverArray_base.nsTObserverArray_base::mIterators' [-Wdangling-pointer=]
 1:51.46   282 |       aArray.mIterators = this;
 1:51.46       |       ~~~~~~~~~~~~~~~~~~^~~~~~
 1:51.46 /home/lc/projekty/OpenKomodoIDE/mozilla/build/moz14000-ko14.10/mozilla/docshell/shistory/nsSHistory.cpp: In function 'void NotifyListeners(nsAutoTObserverArray<nsCOMPtr<nsIWeakReference>, 2>&, F&&) [with F = nsSHistory::NotifyListenersDocumentViewerEvicted(uint32_t)::<lambda(auto:91)>]':
 1:51.46 /home/lc/projekty/OpenKomodoIDE/mozilla/build/moz14000-ko14.10/mozilla/docshell/shistory/nsSHistory.cpp:141: note: '__for_begin' declared here
 1:51.46   141 |   for (const nsWeakPtr& weakPtr : aListeners.EndLimitedRange()) {
 1:51.46 /home/lc/projekty/OpenKomodoIDE/mozilla/build/moz14000-ko14.10/mozilla/docshell/shistory/nsSHistory.cpp:139: note: 'aListeners' declared here
 1:51.46   139 | static void NotifyListeners(nsAutoTObserverArray<nsWeakPtr, 2>& aListeners,
 1:52.86 In file included from /home/lc/projekty/OpenKomodoIDE/mozilla/build/moz14000-ko14.10/mozilla/obj-x86_64-pc-linux-gnu/dist/include/nsIFrame.h:52,
 1:52.86                  from /home/lc/projekty/OpenKomodoIDE/mozilla/build/moz14000-ko14.10/mozilla/dom/base/nsIContentInlines.h:14,
 1:52.86                  from /home/lc/projekty/OpenKomodoIDE/mozilla/build/moz14000-ko14.10/mozilla/obj-x86_64-pc-linux-gnu/dist/include/mozilla/dom/ElementInlines.h:14,
 1:52.86                  from /home/lc/projekty/OpenKomodoIDE/mozilla/build/moz14000-ko14.10/mozilla/dom/animation/ViewTimeline.cpp:10,
 1:52.86                  from Unified_cpp_dom_animation1.cpp:20:
 1:52.86 /home/lc/projekty/OpenKomodoIDE/mozilla/build/moz14000-ko14.10/mozilla/obj-x86_64-pc-linux-gnu/dist/include/FrameProperties.h: In instantiation of 'static mozilla::FrameProperties::PropertyType<T> mozilla::FrameProperties::ReinterpretHelper<T>::FromInternalValue(uint64_t) [with T = mozilla::SmallValueHolder<mozilla::FrameBidiData>; mozilla::FrameProperties::PropertyType<T> = mozilla::FrameBidiData; uint64_t = long unsigned int]':
 1:52.87 /home/lc/projekty/OpenKomodoIDE/mozilla/build/moz14000-ko14.10/mozilla/obj-x86_64-pc-linux-gnu/dist/include/FrameProperties.h:202:51:   required from 'mozilla::FrameProperties::PropertyType<T> mozilla::FrameProperties::Get(Descriptor<T>, bool*) const [with T = mozilla::SmallValueHolder<mozilla::FrameBidiData>; PropertyType<T> = mozilla::FrameBidiData; Descriptor<T> = const mozilla::FramePropertyDescriptor<mozilla::SmallValueHolder<mozilla::FrameBidiData> >*]'
 1:52.87   202 |     return ReinterpretHelper<T>::FromInternalValue(v);
 1:52.87       |            ~~~~~~~~~~~~~~~~~~~~~~~~~~~~~~~~~~~~~~~^~~
 1:52.87 /home/lc/projekty/OpenKomodoIDE/mozilla/build/moz14000-ko14.10/mozilla/obj-x86_64-pc-linux-gnu/dist/include/nsIFrame.h:4451:27:   required from 'mozilla::FrameProperties::PropertyType<T> nsIFrame::GetProperty(mozilla::FrameProperties::Descriptor<T>, bool*) const [with T = mozilla::SmallValueHolder<mozilla::FrameBidiData>; mozilla::FrameProperties::PropertyType<T> = mozilla::FrameBidiData; mozilla::FrameProperties::Descriptor<T> = const mozilla::FramePropertyDescriptor<mozilla::SmallValueHolder<mozilla::FrameBidiData> >*]'
 1:52.87  4451 |     return mProperties.Get(aProperty, aFoundResult);
 1:52.87       |            ~~~~~~~~~~~~~~~^~~~~~~~~~~~~~~~~~~~~~~~~
 1:52.87 /home/lc/projekty/OpenKomodoIDE/mozilla/build/moz14000-ko14.10/mozilla/obj-x86_64-pc-linux-gnu/dist/include/nsIFrame.h:1542:50:   required from here
 1:52.87  1542 |     mozilla::FrameBidiData bidiData = GetProperty(BidiDataProperty(), &exists);
 1:52.87       |                                       ~~~~~~~~~~~^~~~~~~~~~~~~~~~~~~~~~~~~~~~~
 1:52.87 /home/lc/projekty/OpenKomodoIDE/mozilla/build/moz14000-ko14.10/mozilla/obj-x86_64-pc-linux-gnu/dist/include/FrameProperties.h:302:13: warning: 'void* memcpy(void*, const void*, size_t)' copying an object of non-trivial type 'mozilla::FrameProperties::PropertyType<mozilla::SmallValueHolder<mozilla::FrameBidiData> >' {aka 'struct mozilla::FrameBidiData'} from an array of 'uint64_t' {aka 'long unsigned int'} [-Wclass-memaccess]
 1:52.87   302 |       memcpy(&value, &aInternalValue, sizeof(value));
 1:52.87       |       ~~~~~~^~~~~~~~~~~~~~~~~~~~~~~~~~~~~~~~~~~~~~~~
 1:52.87 /home/lc/projekty/OpenKomodoIDE/mozilla/build/moz14000-ko14.10/mozilla/obj-x86_64-pc-linux-gnu/dist/include/nsIFrame.h:413:8: note: 'mozilla::FrameProperties::PropertyType<mozilla::SmallValueHolder<mozilla::FrameBidiData> >' {aka 'struct mozilla::FrameBidiData'} declared here
 1:52.87   413 | struct FrameBidiData {
 1:52.87       |        ^~~~~~~~~~~~~
 1:53.26 dom/bindings
 1:58.15 dom/broadcastchannel
 2:04.88 /home/lc/projekty/OpenKomodoIDE/mozilla/build/moz14000-ko14.10/mozilla/intl/icu/source/i18n/ucol.cpp: In function 'UCollator* ucol_clone_77(const UCollator*, UErrorCode*)':
 2:04.89 /home/lc/projekty/OpenKomodoIDE/mozilla/build/moz14000-ko14.10/mozilla/intl/icu/source/i18n/ucol.cpp:108:26: warning: 'UCollator* ucol_safeClone_77(const UCollator*, void*, int32_t*, UErrorCode*)' is deprecated [-Wdeprecated-declarations]
 2:04.89   108 |     return ucol_safeClone(coll, nullptr, nullptr, status);
 2:04.89 In file included from /home/lc/projekty/OpenKomodoIDE/mozilla/build/moz14000-ko14.10/mozilla/intl/icu/source/common/unicode/platform.h:25,
 2:04.89                  from /home/lc/projekty/OpenKomodoIDE/mozilla/build/moz14000-ko14.10/mozilla/intl/icu/source/common/unicode/ptypes.h:46,
 2:04.89                  from /home/lc/projekty/OpenKomodoIDE/mozilla/build/moz14000-ko14.10/mozilla/intl/icu/source/common/unicode/umachine.h:46,
 2:04.89                  from /home/lc/projekty/OpenKomodoIDE/mozilla/build/moz14000-ko14.10/mozilla/intl/icu/source/common/unicode/utypes.h:38,
 2:04.89                  from /home/lc/projekty/OpenKomodoIDE/mozilla/build/moz14000-ko14.10/mozilla/intl/icu/source/i18n/ucol.cpp:22:
 2:04.89 /home/lc/projekty/OpenKomodoIDE/mozilla/build/moz14000-ko14.10/mozilla/intl/icu/source/common/unicode/urename.h:787:49: note: declared here
 2:04.89   787 | #define ucol_safeClone U_ICU_ENTRY_POINT_RENAME(ucol_safeClone)
 2:04.89       |                                                 ^~~~~~~~~~~~~~
 2:04.89 /home/lc/projekty/OpenKomodoIDE/mozilla/build/moz14000-ko14.10/mozilla/intl/icu/source/common/unicode/uvernum.h:121:50: note: in definition of macro 'U_DEF_ICU_ENTRY_POINT_RENAME'
 2:04.89   121 | #       define U_DEF_ICU_ENTRY_POINT_RENAME(x,y) x ## y
 2:04.89       |                                                  ^
 2:04.89 /home/lc/projekty/OpenKomodoIDE/mozilla/build/moz14000-ko14.10/mozilla/intl/icu/source/common/unicode/uvernum.h:123:47: note: in expansion of macro 'U_DEF2_ICU_ENTRY_POINT_RENAME'
 2:04.89   123 | #       define U_ICU_ENTRY_POINT_RENAME(x)    U_DEF2_ICU_ENTRY_POINT_RENAME(x,U_ICU_VERSION_SUFFIX)
 2:04.89       |                                               ^~~~~~~~~~~~~~~~~~~~~~~~~~~~~
 2:04.89 /home/lc/projekty/OpenKomodoIDE/mozilla/build/moz14000-ko14.10/mozilla/intl/icu/source/common/unicode/urename.h:787:24: note: in expansion of macro 'U_ICU_ENTRY_POINT_RENAME'
 2:04.89   787 | #define ucol_safeClone U_ICU_ENTRY_POINT_RENAME(ucol_safeClone)
 2:04.89       |                        ^~~~~~~~~~~~~~~~~~~~~~~~
 2:04.89 /home/lc/projekty/OpenKomodoIDE/mozilla/build/moz14000-ko14.10/mozilla/intl/icu/source/i18n/ucol.cpp:79:1: note: in expansion of macro 'ucol_safeClone'
 2:04.89    79 | ucol_safeClone(const UCollator *coll, void * /*stackBuffer*/, int32_t * pBufferSize, UErrorCode *status)
 2:04.89       | ^~~~~~~~~~~~~~
 2:06.02 dom/cache
 2:07.25 /home/lc/projekty/OpenKomodoIDE/mozilla/build/moz14000-ko14.10/mozilla/intl/icu/source/i18n/ucol_sit.cpp: In function 'UCollator* ucol_openFromShortString_77(const char*, UBool, UParseError*, UErrorCode*)':
 2:07.25 /home/lc/projekty/OpenKomodoIDE/mozilla/build/moz14000-ko14.10/mozilla/intl/icu/source/i18n/ucol_sit.cpp:538:32: warning: 'uint32_t ucol_setVariableTop_77(UCollator*, const UChar*, int32_t, UErrorCode*)' is deprecated [-Wdeprecated-declarations]
 2:07.25   538 |             ucol_setVariableTop(result, s.variableTopString, s.variableTopStringLen, status);
 2:07.25 In file included from /home/lc/projekty/OpenKomodoIDE/mozilla/build/moz14000-ko14.10/mozilla/intl/icu/source/common/unicode/platform.h:25,
 2:07.25                  from /home/lc/projekty/OpenKomodoIDE/mozilla/build/moz14000-ko14.10/mozilla/intl/icu/source/common/unicode/ptypes.h:46,
 2:07.25                  from /home/lc/projekty/OpenKomodoIDE/mozilla/build/moz14000-ko14.10/mozilla/intl/icu/source/common/unicode/umachine.h:46,
 2:07.25                  from /home/lc/projekty/OpenKomodoIDE/mozilla/build/moz14000-ko14.10/mozilla/intl/icu/source/common/unicode/utypes.h:38,
 2:07.25                  from /home/lc/projekty/OpenKomodoIDE/mozilla/build/moz14000-ko14.10/mozilla/intl/icu/source/common/unicode/ustring.h:21,
 2:07.25                  from /home/lc/projekty/OpenKomodoIDE/mozilla/build/moz14000-ko14.10/mozilla/intl/icu/source/i18n/ucol_sit.cpp:18:
 2:07.25 /home/lc/projekty/OpenKomodoIDE/mozilla/build/moz14000-ko14.10/mozilla/intl/icu/source/common/unicode/urename.h:795:54: note: declared here
 2:07.25   795 | #define ucol_setVariableTop U_ICU_ENTRY_POINT_RENAME(ucol_setVariableTop)
 2:07.25       |                                                      ^~~~~~~~~~~~~~~~~~~
 2:07.25 /home/lc/projekty/OpenKomodoIDE/mozilla/build/moz14000-ko14.10/mozilla/intl/icu/source/common/unicode/uvernum.h:121:50: note: in definition of macro 'U_DEF_ICU_ENTRY_POINT_RENAME'
 2:07.25   121 | #       define U_DEF_ICU_ENTRY_POINT_RENAME(x,y) x ## y
 2:07.25       |                                                  ^
 2:07.25 /home/lc/projekty/OpenKomodoIDE/mozilla/build/moz14000-ko14.10/mozilla/intl/icu/source/common/unicode/uvernum.h:123:47: note: in expansion of macro 'U_DEF2_ICU_ENTRY_POINT_RENAME'
 2:07.25   123 | #       define U_ICU_ENTRY_POINT_RENAME(x)    U_DEF2_ICU_ENTRY_POINT_RENAME(x,U_ICU_VERSION_SUFFIX)
 2:07.25       |                                               ^~~~~~~~~~~~~~~~~~~~~~~~~~~~~
 2:07.25 /home/lc/projekty/OpenKomodoIDE/mozilla/build/moz14000-ko14.10/mozilla/intl/icu/source/common/unicode/urename.h:795:29: note: in expansion of macro 'U_ICU_ENTRY_POINT_RENAME'
 2:07.25   795 | #define ucol_setVariableTop U_ICU_ENTRY_POINT_RENAME(ucol_setVariableTop)
 2:07.25       |                             ^~~~~~~~~~~~~~~~~~~~~~~~
 2:07.25 /home/lc/projekty/OpenKomodoIDE/mozilla/build/moz14000-ko14.10/mozilla/intl/icu/source/i18n/unicode/ucol.h:1285:1: note: in expansion of macro 'ucol_setVariableTop'
 2:07.25  1285 | ucol_setVariableTop(UCollator *coll,
 2:07.25       | ^~~~~~~~~~~~~~~~~~~
 2:07.25 /home/lc/projekty/OpenKomodoIDE/mozilla/build/moz14000-ko14.10/mozilla/intl/icu/source/i18n/ucol_sit.cpp:540:36: warning: 'void ucol_restoreVariableTop_77(UCollator*, uint32_t, UErrorCode*)' is deprecated [-Wdeprecated-declarations]
 2:07.25   540 |             ucol_restoreVariableTop(result, s.variableTopValue, status);
 2:07.25 /home/lc/projekty/OpenKomodoIDE/mozilla/build/moz14000-ko14.10/mozilla/intl/icu/source/common/unicode/urename.h:786:58: note: declared here
 2:07.25   786 | #define ucol_restoreVariableTop U_ICU_ENTRY_POINT_RENAME(ucol_restoreVariableTop)
 2:07.25       |                                                          ^~~~~~~~~~~~~~~~~~~~~~~
 2:07.25 /home/lc/projekty/OpenKomodoIDE/mozilla/build/moz14000-ko14.10/mozilla/intl/icu/source/common/unicode/uvernum.h:121:50: note: in definition of macro 'U_DEF_ICU_ENTRY_POINT_RENAME'
 2:07.25   121 | #       define U_DEF_ICU_ENTRY_POINT_RENAME(x,y) x ## y
 2:07.25       |                                                  ^
 2:07.25 /home/lc/projekty/OpenKomodoIDE/mozilla/build/moz14000-ko14.10/mozilla/intl/icu/source/common/unicode/uvernum.h:123:47: note: in expansion of macro 'U_DEF2_ICU_ENTRY_POINT_RENAME'
 2:07.25   123 | #       define U_ICU_ENTRY_POINT_RENAME(x)    U_DEF2_ICU_ENTRY_POINT_RENAME(x,U_ICU_VERSION_SUFFIX)
 2:07.25       |                                               ^~~~~~~~~~~~~~~~~~~~~~~~~~~~~
 2:07.25 /home/lc/projekty/OpenKomodoIDE/mozilla/build/moz14000-ko14.10/mozilla/intl/icu/source/common/unicode/urename.h:786:33: note: in expansion of macro 'U_ICU_ENTRY_POINT_RENAME'
 2:07.25   786 | #define ucol_restoreVariableTop U_ICU_ENTRY_POINT_RENAME(ucol_restoreVariableTop)
 2:07.25       |                                 ^~~~~~~~~~~~~~~~~~~~~~~~
 2:07.25 /home/lc/projekty/OpenKomodoIDE/mozilla/build/moz14000-ko14.10/mozilla/intl/icu/source/i18n/unicode/ucol.h:1319:1: note: in expansion of macro 'ucol_restoreVariableTop'
 2:07.25  1319 | ucol_restoreVariableTop(UCollator *coll, const uint32_t varTop, UErrorCode *status);
 2:07.25       | ^~~~~~~~~~~~~~~~~~~~~~~
 2:22.28 In file included from /home/lc/projekty/OpenKomodoIDE/mozilla/build/moz14000-ko14.10/mozilla/obj-x86_64-pc-linux-gnu/dist/include/nsIFrame.h:52,
 2:22.28                  from /home/lc/projekty/OpenKomodoIDE/mozilla/build/moz14000-ko14.10/mozilla/obj-x86_64-pc-linux-gnu/dist/include/mozilla/WheelHandlingHelper.h:13,
 2:22.28                  from /home/lc/projekty/OpenKomodoIDE/mozilla/build/moz14000-ko14.10/mozilla/obj-x86_64-pc-linux-gnu/dist/include/InputData.h:17,
 2:22.28                  from /home/lc/projekty/OpenKomodoIDE/mozilla/build/moz14000-ko14.10/mozilla/obj-x86_64-pc-linux-gnu/dist/include/mozilla/layers/KeyboardMap.h:12,
 2:22.28                  from /home/lc/projekty/OpenKomodoIDE/mozilla/build/moz14000-ko14.10/mozilla/obj-x86_64-pc-linux-gnu/dist/include/mozilla/layers/LayersMessageUtils.h:35,
 2:22.28                  from /home/lc/projekty/OpenKomodoIDE/mozilla/build/moz14000-ko14.10/mozilla/obj-x86_64-pc-linux-gnu/dist/include/mozilla/dom/TabMessageUtils.h:17,
 2:22.28                  from /home/lc/projekty/OpenKomodoIDE/mozilla/build/moz14000-ko14.10/mozilla/obj-x86_64-pc-linux-gnu/ipc/ipdl/PBroadcastChannel.cpp:17,
 2:22.28                  from Unified_cpp_dom_broadcastchannel0.cpp:38:
 2:22.28 /home/lc/projekty/OpenKomodoIDE/mozilla/build/moz14000-ko14.10/mozilla/obj-x86_64-pc-linux-gnu/dist/include/FrameProperties.h: In instantiation of 'static mozilla::FrameProperties::PropertyType<T> mozilla::FrameProperties::ReinterpretHelper<T>::FromInternalValue(uint64_t) [with T = mozilla::SmallValueHolder<mozilla::FrameBidiData>; mozilla::FrameProperties::PropertyType<T> = mozilla::FrameBidiData; uint64_t = long unsigned int]':
 2:22.28 /home/lc/projekty/OpenKomodoIDE/mozilla/build/moz14000-ko14.10/mozilla/obj-x86_64-pc-linux-gnu/dist/include/FrameProperties.h:202:51:   required from 'mozilla::FrameProperties::PropertyType<T> mozilla::FrameProperties::Get(Descriptor<T>, bool*) const [with T = mozilla::SmallValueHolder<mozilla::FrameBidiData>; PropertyType<T> = mozilla::FrameBidiData; Descriptor<T> = const mozilla::FramePropertyDescriptor<mozilla::SmallValueHolder<mozilla::FrameBidiData> >*]'
 2:22.28   202 |     return ReinterpretHelper<T>::FromInternalValue(v);
 2:22.28       |            ~~~~~~~~~~~~~~~~~~~~~~~~~~~~~~~~~~~~~~~^~~
 2:22.28 /home/lc/projekty/OpenKomodoIDE/mozilla/build/moz14000-ko14.10/mozilla/obj-x86_64-pc-linux-gnu/dist/include/nsIFrame.h:4451:27:   required from 'mozilla::FrameProperties::PropertyType<T> nsIFrame::GetProperty(mozilla::FrameProperties::Descriptor<T>, bool*) const [with T = mozilla::SmallValueHolder<mozilla::FrameBidiData>; mozilla::FrameProperties::PropertyType<T> = mozilla::FrameBidiData; mozilla::FrameProperties::Descriptor<T> = const mozilla::FramePropertyDescriptor<mozilla::SmallValueHolder<mozilla::FrameBidiData> >*]'
 2:22.28  4451 |     return mProperties.Get(aProperty, aFoundResult);
 2:22.28       |            ~~~~~~~~~~~~~~~^~~~~~~~~~~~~~~~~~~~~~~~~
 2:22.28 /home/lc/projekty/OpenKomodoIDE/mozilla/build/moz14000-ko14.10/mozilla/obj-x86_64-pc-linux-gnu/dist/include/nsIFrame.h:1542:50:   required from here
 2:22.28  1542 |     mozilla::FrameBidiData bidiData = GetProperty(BidiDataProperty(), &exists);
 2:22.28       |                                       ~~~~~~~~~~~^~~~~~~~~~~~~~~~~~~~~~~~~~~~~
 2:22.28 /home/lc/projekty/OpenKomodoIDE/mozilla/build/moz14000-ko14.10/mozilla/obj-x86_64-pc-linux-gnu/dist/include/FrameProperties.h:302:13: warning: 'void* memcpy(void*, const void*, size_t)' copying an object of non-trivial type 'mozilla::FrameProperties::PropertyType<mozilla::SmallValueHolder<mozilla::FrameBidiData> >' {aka 'struct mozilla::FrameBidiData'} from an array of 'uint64_t' {aka 'long unsigned int'} [-Wclass-memaccess]
 2:22.29   302 |       memcpy(&value, &aInternalValue, sizeof(value));
 2:22.29       |       ~~~~~~^~~~~~~~~~~~~~~~~~~~~~~~~~~~~~~~~~~~~~~~
 2:22.29 /home/lc/projekty/OpenKomodoIDE/mozilla/build/moz14000-ko14.10/mozilla/obj-x86_64-pc-linux-gnu/dist/include/nsIFrame.h:413:8: note: 'mozilla::FrameProperties::PropertyType<mozilla::SmallValueHolder<mozilla::FrameBidiData> >' {aka 'struct mozilla::FrameBidiData'} declared here
 2:22.29   413 | struct FrameBidiData {
 2:22.29       |        ^~~~~~~~~~~~~
 2:23.61 In file included from /home/lc/projekty/OpenKomodoIDE/mozilla/build/moz14000-ko14.10/mozilla/third_party/abseil-cpp/absl/container/inlined_vector.h:54,
 2:23.61                  from /home/lc/projekty/OpenKomodoIDE/mozilla/build/moz14000-ko14.10/mozilla/third_party/libwebrtc/api/rtp_parameters.h:21,
 2:23.61                  from /home/lc/projekty/OpenKomodoIDE/mozilla/build/moz14000-ko14.10/mozilla/dom/media/webrtc/libwebrtcglue/MediaConduitControl.h:17,
 2:23.61                  from /home/lc/projekty/OpenKomodoIDE/mozilla/build/moz14000-ko14.10/mozilla/dom/media/webrtc/transportbridge/MediaPipeline.h:16,
 2:23.61                  from /home/lc/projekty/OpenKomodoIDE/mozilla/build/moz14000-ko14.10/mozilla/obj-x86_64-pc-linux-gnu/dist/include/mozilla/dom/RTCRtpReceiver.h:21,
 2:23.61                  from /home/lc/projekty/OpenKomodoIDE/mozilla/build/moz14000-ko14.10/mozilla/obj-x86_64-pc-linux-gnu/dist/include/mozilla/dom/RTCTrackEventBinding.h:15,
 2:23.61                  from RegisterBindings.cpp:463:
 2:23.61 /home/lc/projekty/OpenKomodoIDE/mozilla/build/moz14000-ko14.10/mozilla/third_party/abseil-cpp/absl/container/internal/inlined_vector.h: In member function 'void absl::inlined_vector_internal::Storage<T, N, A>::Assign(ValueAdapter, absl::inlined_vector_internal::SizeType<A>)':
 2:23.61 /home/lc/projekty/OpenKomodoIDE/mozilla/build/moz14000-ko14.10/mozilla/third_party/abseil-cpp/absl/container/internal/inlined_vector.h:664: note: '-Wmisleading-indentation' is disabled from this point onwards, since column-tracking was disabled due to the size of the code/headers
 2:23.61   664 |   } else if (new_size > storage_view.size) {
 2:23.61 /home/lc/projekty/OpenKomodoIDE/mozilla/build/moz14000-ko14.10/mozilla/third_party/abseil-cpp/absl/container/internal/inlined_vector.h:664: note: adding '-flarge-source-files' will allow for more column-tracking support, at the expense of compilation time and memory
 2:33.41 In file included from /home/lc/projekty/OpenKomodoIDE/mozilla/build/moz14000-ko14.10/mozilla/obj-x86_64-pc-linux-gnu/ipc/ipdl/_ipdlheaders/mozilla/dom/cache/CacheTypes.h:15,
 2:33.42                  from /home/lc/projekty/OpenKomodoIDE/mozilla/build/moz14000-ko14.10/mozilla/obj-x86_64-pc-linux-gnu/dist/include/mozilla/dom/cache/AutoUtils.h:12,
 2:33.42                  from /home/lc/projekty/OpenKomodoIDE/mozilla/build/moz14000-ko14.10/mozilla/dom/cache/AutoUtils.cpp:7,
 2:33.42                  from Unified_cpp_dom_cache0.cpp:20:
 2:33.42 In static member function 'static void mozilla::MozPromise<ResolveValueT, RejectValueT, IsExclusive>::MaybeChain(PromiseType*, RefPtr<typename PromiseType::Private>&&) [with PromiseType = mozilla::MozPromise<mozilla::Maybe<mozilla::ipc::IPCStream>, mozilla::ipc::ResponseRejectReason, true>; ResolveValueT = mozilla::Maybe<mozilla::ipc::IPCStream>; RejectValueT = mozilla::ipc::ResponseRejectReason; bool IsExclusive = true]',
 2:33.42     inlined from 'void mozilla::MozPromise<ResolveValueT, RejectValueT, IsExclusive>::ThenValue<ResolveFunction, RejectFunction>::DoResolveOrRejectInternal(mozilla::MozPromise<ResolveValueT, RejectValueT, IsExclusive>::ResolveOrRejectValue&) [with ResolveFunction = mozilla::dom::cache::CacheStreamControlChild::OpenStream(const mozilla::dom::cache::PCacheStreamControlChild::nsID&, mozilla::dom::cache::InputStreamResolver&&)::<lambda(const mozilla::Maybe<mozilla::ipc::IPCStream>&)>; RejectFunction = mozilla::dom::cache::CacheStreamControlChild::OpenStream(const mozilla::dom::cache::PCacheStreamControlChild::nsID&, mozilla::dom::cache::InputStreamResolver&&)::<lambda(mozilla::dom::cache::PCacheStreamControlChild::ResponseRejectReason&&)>; ResolveValueT = mozilla::Maybe<mozilla::ipc::IPCStream>; RejectValueT = mozilla::ipc::ResponseRejectReason; bool IsExclusive = true]' at /home/lc/projekty/OpenKomodoIDE/mozilla/build/moz14000-ko14.10/mozilla/obj-x86_64-pc-linux-gnu/dist/include/mozilla/MozPromise.h:871:30:
 2:33.42 /home/lc/projekty/OpenKomodoIDE/mozilla/build/moz14000-ko14.10/mozilla/obj-x86_64-pc-linux-gnu/dist/include/mozilla/MozPromise.h:678:21: warning: 'this' pointer is null [-Wnonnull]
 2:33.42   678 |       aFrom->ChainTo(aTo.forget(), "<chained completion promise>");
 2:33.42       |       ~~~~~~~~~~~~~~^~~~~~~~~~~~~~~~~~~~~~~~~~~~~~~~~~~~~~~~~~~~~~
 2:33.42 /home/lc/projekty/OpenKomodoIDE/mozilla/build/moz14000-ko14.10/mozilla/obj-x86_64-pc-linux-gnu/dist/include/mozilla/MozPromise.h: In member function 'void mozilla::MozPromise<ResolveValueT, RejectValueT, IsExclusive>::ThenValue<ResolveFunction, RejectFunction>::DoResolveOrRejectInternal(mozilla::MozPromise<ResolveValueT, RejectValueT, IsExclusive>::ResolveOrRejectValue&) [with ResolveFunction = mozilla::dom::cache::CacheStreamControlChild::OpenStream(const mozilla::dom::cache::PCacheStreamControlChild::nsID&, mozilla::dom::cache::InputStreamResolver&&)::<lambda(const mozilla::Maybe<mozilla::ipc::IPCStream>&)>; RejectFunction = mozilla::dom::cache::CacheStreamControlChild::OpenStream(const mozilla::dom::cache::PCacheStreamControlChild::nsID&, mozilla::dom::cache::InputStreamResolver&&)::<lambda(mozilla::dom::cache::PCacheStreamControlChild::ResponseRejectReason&&)>; ResolveValueT = mozilla::Maybe<mozilla::ipc::IPCStream>; RejectValueT = mozilla::ipc::ResponseRejectReason; bool IsExclusive = true]':
 2:33.42 /home/lc/projekty/OpenKomodoIDE/mozilla/build/moz14000-ko14.10/mozilla/obj-x86_64-pc-linux-gnu/dist/include/mozilla/MozPromise.h:1191:8: note: in a call to non-static member function 'void mozilla::MozPromise<ResolveValueT, RejectValueT, IsExclusive>::ChainTo(already_AddRefed<Private>, mozilla::StaticString) [with ResolveValueT = mozilla::Maybe<mozilla::ipc::IPCStream>; RejectValueT = mozilla::ipc::ResponseRejectReason; bool IsExclusive = true]'
 2:33.42  1191 |   void ChainTo(already_AddRefed<Private> aChainedPromise,
 2:33.42       |        ^~~~~~~
 2:36.06 dom/canvas
 2:37.13 dom/clients/api
 2:37.53 In file included from /home/lc/projekty/OpenKomodoIDE/mozilla/build/moz14000-ko14.10/mozilla/layout/generic/nsIFrame.h:52,
 2:37.53                  from /home/lc/projekty/OpenKomodoIDE/mozilla/build/moz14000-ko14.10/mozilla/dom/base/nsFrameLoader.h:36,
 2:37.53                  from /home/lc/projekty/OpenKomodoIDE/mozilla/build/moz14000-ko14.10/mozilla/obj-x86_64-pc-linux-gnu/dist/include/mozilla/dom/MessageManagerBinding.h:17,
 2:37.53                  from RegisterBindings.cpp:358:
 2:37.53 /home/lc/projekty/OpenKomodoIDE/mozilla/build/moz14000-ko14.10/mozilla/obj-x86_64-pc-linux-gnu/dist/include/FrameProperties.h: In instantiation of 'static mozilla::FrameProperties::PropertyType<T> mozilla::FrameProperties::ReinterpretHelper<T>::FromInternalValue(uint64_t) [with T = mozilla::SmallValueHolder<mozilla::FrameBidiData>; mozilla::FrameProperties::PropertyType<T> = mozilla::FrameBidiData; uint64_t = long unsigned int]':
 2:37.53 /home/lc/projekty/OpenKomodoIDE/mozilla/build/moz14000-ko14.10/mozilla/obj-x86_64-pc-linux-gnu/dist/include/FrameProperties.h:202:51:   required from 'mozilla::FrameProperties::PropertyType<T> mozilla::FrameProperties::Get(Descriptor<T>, bool*) const [with T = mozilla::SmallValueHolder<mozilla::FrameBidiData>; PropertyType<T> = mozilla::FrameBidiData; Descriptor<T> = const mozilla::FramePropertyDescriptor<mozilla::SmallValueHolder<mozilla::FrameBidiData> >*]'
 2:37.53   202 |     return ReinterpretHelper<T>::FromInternalValue(v);
 2:37.53       |            ~~~~~~~~~~~~~~~~~~~~~~~~~~~~~~~~~~~~~~~^~~
 2:37.53 /home/lc/projekty/OpenKomodoIDE/mozilla/build/moz14000-ko14.10/mozilla/layout/generic/nsIFrame.h:4451:27:   required from 'mozilla::FrameProperties::PropertyType<T> nsIFrame::GetProperty(mozilla::FrameProperties::Descriptor<T>, bool*) const [with T = mozilla::SmallValueHolder<mozilla::FrameBidiData>; mozilla::FrameProperties::PropertyType<T> = mozilla::FrameBidiData; mozilla::FrameProperties::Descriptor<T> = const mozilla::FramePropertyDescriptor<mozilla::SmallValueHolder<mozilla::FrameBidiData> >*]'
 2:37.53  4451 |     return mProperties.Get(aProperty, aFoundResult);
 2:37.53       |            ~~~~~~~~~~~~~~~^~~~~~~~~~~~~~~~~~~~~~~~~
 2:37.53 /home/lc/projekty/OpenKomodoIDE/mozilla/build/moz14000-ko14.10/mozilla/layout/generic/nsIFrame.h:1542:50:   required from here
 2:37.53  1542 |     mozilla::FrameBidiData bidiData = GetProperty(BidiDataProperty(), &exists);
 2:37.53       |                                       ~~~~~~~~~~~^~~~~~~~~~~~~~~~~~~~~~~~~~~~~
 2:37.53 /home/lc/projekty/OpenKomodoIDE/mozilla/build/moz14000-ko14.10/mozilla/obj-x86_64-pc-linux-gnu/dist/include/FrameProperties.h:302:13: warning: 'void* memcpy(void*, const void*, size_t)' copying an object of non-trivial type 'mozilla::FrameProperties::PropertyType<mozilla::SmallValueHolder<mozilla::FrameBidiData> >' {aka 'struct mozilla::FrameBidiData'} from an array of 'uint64_t' {aka 'long unsigned int'} [-Wclass-memaccess]
 2:37.53   302 |       memcpy(&value, &aInternalValue, sizeof(value));
 2:37.53       |       ~~~~~~^~~~~~~~~~~~~~~~~~~~~~~~~~~~~~~~~~~~~~~~
 2:37.53 /home/lc/projekty/OpenKomodoIDE/mozilla/build/moz14000-ko14.10/mozilla/layout/generic/nsIFrame.h:413:8: note: 'mozilla::FrameProperties::PropertyType<mozilla::SmallValueHolder<mozilla::FrameBidiData> >' {aka 'struct mozilla::FrameBidiData'} declared here
 2:37.53   413 | struct FrameBidiData {
 2:37.53       |        ^~~~~~~~~~~~~
 2:45.47 dom/clients/manager
 2:50.59 In file included from /home/lc/projekty/OpenKomodoIDE/mozilla/build/moz14000-ko14.10/mozilla/obj-x86_64-pc-linux-gnu/dist/include/mozilla/dom/SafeRefPtr.h:16,
 2:50.59                  from /home/lc/projekty/OpenKomodoIDE/mozilla/build/moz14000-ko14.10/mozilla/obj-x86_64-pc-linux-gnu/dist/include/nsBaseHashtable.h:13,
 2:50.59                  from /home/lc/projekty/OpenKomodoIDE/mozilla/build/moz14000-ko14.10/mozilla/obj-x86_64-pc-linux-gnu/dist/include/nsTHashMap.h:13,
 2:50.59                  from /home/lc/projekty/OpenKomodoIDE/mozilla/build/moz14000-ko14.10/mozilla/obj-x86_64-pc-linux-gnu/dist/include/mozilla/ipc/ProtocolUtils.h:31,
 2:50.59                  from /home/lc/projekty/OpenKomodoIDE/mozilla/build/moz14000-ko14.10/mozilla/obj-x86_64-pc-linux-gnu/dist/include/mozilla/dom/quota/QuotaCommon.h:34,
 2:50.59                  from /home/lc/projekty/OpenKomodoIDE/mozilla/build/moz14000-ko14.10/mozilla/obj-x86_64-pc-linux-gnu/dist/include/mozilla/dom/quota/CipherKeyManager.h:12,
 2:50.59                  from /home/lc/projekty/OpenKomodoIDE/mozilla/build/moz14000-ko14.10/mozilla/dom/cache/CacheCipherKeyManager.h:10,
 2:50.59                  from /home/lc/projekty/OpenKomodoIDE/mozilla/build/moz14000-ko14.10/mozilla/obj-x86_64-pc-linux-gnu/dist/include/mozilla/dom/cache/Context.h:10,
 2:50.59                  from /home/lc/projekty/OpenKomodoIDE/mozilla/build/moz14000-ko14.10/mozilla/dom/cache/Context.cpp:7,
 2:50.59                  from Unified_cpp_dom_cache1.cpp:2:
 2:50.59 In constructor 'nsAutoTObserverArray<T, N>::Iterator::Iterator(nsTObserverArray_base::index_type, const array_type&) [with T = mozilla::NotNull<mozilla::dom::cache::Context::Activity*>; long unsigned int N = 0]',
 2:50.59     inlined from 'nsAutoTObserverArray<T, N>::ForwardIterator::ForwardIterator(const array_type&) [with T = mozilla::NotNull<mozilla::dom::cache::Context::Activity*>; long unsigned int N = 0]' at /home/lc/projekty/OpenKomodoIDE/mozilla/build/moz14000-ko14.10/mozilla/obj-x86_64-pc-linux-gnu/dist/include/nsTObserverArray.h:309:76,
 2:50.59     inlined from 'nsAutoTObserverArray<T, N>::STLIterator<Iterator, U>::STLIterator(const nsAutoTObserverArray<T, N>&) [with Iterator = nsAutoTObserverArray<mozilla::NotNull<mozilla::dom::cache::Context::Activity*>, 0>::ForwardIterator; U = mozilla::NotNull<mozilla::dom::cache::Context::Activity*>; T = mozilla::NotNull<mozilla::dom::cache::Context::Activity*>; long unsigned int N = 0]' at /home/lc/projekty/OpenKomodoIDE/mozilla/build/moz14000-ko14.10/mozilla/obj-x86_64-pc-linux-gnu/dist/include/nsTObserverArray.h:422:11,
 2:50.59     inlined from 'nsAutoTObserverArray<T, N>::STLIteratorRange<Iterator, U>::iterator nsAutoTObserverArray<T, N>::STLIteratorRange<Iterator, U>::begin() const [with Iterator = nsAutoTObserverArray<mozilla::NotNull<mozilla::dom::cache::Context::Activity*>, 0>::ForwardIterator; U = mozilla::NotNull<mozilla::dom::cache::Context::Activity*>; T = mozilla::NotNull<mozilla::dom::cache::Context::Activity*>; long unsigned int N = 0]' at /home/lc/projekty/OpenKomodoIDE/mozilla/build/moz14000-ko14.10/mozilla/obj-x86_64-pc-linux-gnu/dist/include/nsTObserverArray.h:457:52,
 2:50.59     inlined from 'void mozilla::dom::cache::Context::CancelForCacheId(mozilla::dom::cache::CacheId)' at /home/lc/projekty/OpenKomodoIDE/mozilla/build/moz14000-ko14.10/mozilla/dom/cache/Context.cpp:950:58:
 2:50.59 /home/lc/projekty/OpenKomodoIDE/mozilla/build/moz14000-ko14.10/mozilla/obj-x86_64-pc-linux-gnu/dist/include/nsTObserverArray.h:282:25: warning: storing the address of local variable '__for_begin' in '*&this_9(D)->mActivityList.D.386704.nsAutoTObserverArray<mozilla::NotNull<mozilla::dom::cache::Context::Activity*>, 0>::nsTObserverArray_base.nsTObserverArray_base::mIterators' [-Wdangling-pointer=]
 2:50.59   282 |       aArray.mIterators = this;
 2:50.59       |       ~~~~~~~~~~~~~~~~~~^~~~~~
 2:50.59 /home/lc/projekty/OpenKomodoIDE/mozilla/build/moz14000-ko14.10/mozilla/dom/cache/Context.cpp: In member function 'void mozilla::dom::cache::Context::CancelForCacheId(mozilla::dom::cache::CacheId)':
 2:50.59 /home/lc/projekty/OpenKomodoIDE/mozilla/build/moz14000-ko14.10/mozilla/dom/cache/Context.cpp:950:58: note: '__for_begin' declared here
 2:50.59   950 |   for (const auto& activity : mActivityList.ForwardRange()) {
 2:50.59       |                                                          ^
 2:50.59 /home/lc/projekty/OpenKomodoIDE/mozilla/build/moz14000-ko14.10/mozilla/dom/cache/Context.cpp:941:48: note: 'this' declared here
 2:50.59   941 | void Context::CancelForCacheId(CacheId aCacheId) {
 2:50.59       |                                                ^
 2:51.43 In constructor 'nsAutoTObserverArray<T, N>::Iterator::Iterator(nsTObserverArray_base::index_type, const array_type&) [with T = mozilla::NotNull<mozilla::dom::cache::PrincipalVerifier::Listener*>; long unsigned int N = 0]',
 2:51.43     inlined from 'nsAutoTObserverArray<T, N>::ForwardIterator::ForwardIterator(const array_type&) [with T = mozilla::NotNull<mozilla::dom::cache::PrincipalVerifier::Listener*>; long unsigned int N = 0]' at /home/lc/projekty/OpenKomodoIDE/mozilla/build/moz14000-ko14.10/mozilla/obj-x86_64-pc-linux-gnu/dist/include/nsTObserverArray.h:309:76,
 2:51.43     inlined from 'nsAutoTObserverArray<T, N>::STLIterator<Iterator, U>::STLIterator(const nsAutoTObserverArray<T, N>&) [with Iterator = nsAutoTObserverArray<mozilla::NotNull<mozilla::dom::cache::PrincipalVerifier::Listener*>, 0>::ForwardIterator; U = mozilla::NotNull<mozilla::dom::cache::PrincipalVerifier::Listener*>; T = mozilla::NotNull<mozilla::dom::cache::PrincipalVerifier::Listener*>; long unsigned int N = 0]' at /home/lc/projekty/OpenKomodoIDE/mozilla/build/moz14000-ko14.10/mozilla/obj-x86_64-pc-linux-gnu/dist/include/nsTObserverArray.h:422:11,
 2:51.43     inlined from 'nsAutoTObserverArray<T, N>::STLIteratorRange<Iterator, U>::iterator nsAutoTObserverArray<T, N>::STLIteratorRange<Iterator, U>::begin() const [with Iterator = nsAutoTObserverArray<mozilla::NotNull<mozilla::dom::cache::PrincipalVerifier::Listener*>, 0>::ForwardIterator; U = mozilla::NotNull<mozilla::dom::cache::PrincipalVerifier::Listener*>; T = mozilla::NotNull<mozilla::dom::cache::PrincipalVerifier::Listener*>; long unsigned int N = 0]' at /home/lc/projekty/OpenKomodoIDE/mozilla/build/moz14000-ko14.10/mozilla/obj-x86_64-pc-linux-gnu/dist/include/nsTObserverArray.h:457:52,
 2:51.43     inlined from 'void mozilla::dom::cache::PrincipalVerifier::CompleteOnInitiatingThread()' at /home/lc/projekty/OpenKomodoIDE/mozilla/build/moz14000-ko14.10/mozilla/dom/cache/PrincipalVerifier.cpp:154:58:
 2:51.43 /home/lc/projekty/OpenKomodoIDE/mozilla/build/moz14000-ko14.10/mozilla/obj-x86_64-pc-linux-gnu/dist/include/nsTObserverArray.h:282:25: warning: storing the address of local variable '__for_begin' in '*&this_8(D)->mListenerList.D.2066373.nsAutoTObserverArray<mozilla::NotNull<mozilla::dom::cache::PrincipalVerifier::Listener*>, 0>::nsTObserverArray_base.nsTObserverArray_base::mIterators' [-Wdangling-pointer=]
 2:51.43   282 |       aArray.mIterators = this;
 2:51.43       |       ~~~~~~~~~~~~~~~~~~^~~~~~
 2:51.43 In file included from Unified_cpp_dom_cache1.cpp:65:
 2:51.43 /home/lc/projekty/OpenKomodoIDE/mozilla/build/moz14000-ko14.10/mozilla/dom/cache/PrincipalVerifier.cpp: In member function 'void mozilla::dom::cache::PrincipalVerifier::CompleteOnInitiatingThread()':
 2:51.43 /home/lc/projekty/OpenKomodoIDE/mozilla/build/moz14000-ko14.10/mozilla/dom/cache/PrincipalVerifier.cpp:154:58: note: '__for_begin' declared here
 2:51.43   154 |   for (const auto& listener : mListenerList.ForwardRange()) {
 2:51.43       |                                                          ^
 2:51.43 /home/lc/projekty/OpenKomodoIDE/mozilla/build/moz14000-ko14.10/mozilla/dom/cache/PrincipalVerifier.cpp:151:52: note: 'this' declared here
 2:51.43   151 | void PrincipalVerifier::CompleteOnInitiatingThread() {
 2:51.43       |                                                    ^
 2:55.67 In file included from /home/lc/projekty/OpenKomodoIDE/mozilla/build/moz14000-ko14.10/mozilla/obj-x86_64-pc-linux-gnu/dist/include/mozilla/Preferences.h:18,
 2:55.67                  from /home/lc/projekty/OpenKomodoIDE/mozilla/build/moz14000-ko14.10/mozilla/obj-x86_64-pc-linux-gnu/dist/include/mozilla/StaticPrefListBegin.h:12,
 2:55.67                  from /home/lc/projekty/OpenKomodoIDE/mozilla/build/moz14000-ko14.10/mozilla/obj-x86_64-pc-linux-gnu/dist/include/mozilla/StaticPrefs_privacy.h:7,
 2:55.67                  from /home/lc/projekty/OpenKomodoIDE/mozilla/build/moz14000-ko14.10/mozilla/obj-x86_64-pc-linux-gnu/dist/include/mozilla/OriginAttributes.h:11,
 2:55.67                  from /home/lc/projekty/OpenKomodoIDE/mozilla/build/moz14000-ko14.10/mozilla/obj-x86_64-pc-linux-gnu/dist/include/nsILoadInfo.h:58,
 2:55.67                  from /home/lc/projekty/OpenKomodoIDE/mozilla/build/moz14000-ko14.10/mozilla/obj-x86_64-pc-linux-gnu/dist/include/nsPIDOMWindow.h:21,
 2:55.67                  from /home/lc/projekty/OpenKomodoIDE/mozilla/build/moz14000-ko14.10/mozilla/obj-x86_64-pc-linux-gnu/dist/include/nsContentUtils.h:55,
 2:55.67                  from /home/lc/projekty/OpenKomodoIDE/mozilla/build/moz14000-ko14.10/mozilla/obj-x86_64-pc-linux-gnu/dist/include/mozilla/dom/ClientState.h:14,
 2:55.67                  from /home/lc/projekty/OpenKomodoIDE/mozilla/build/moz14000-ko14.10/mozilla/obj-x86_64-pc-linux-gnu/dist/include/nsIGlobalObject.h:13,
 2:55.67                  from /home/lc/projekty/OpenKomodoIDE/mozilla/build/moz14000-ko14.10/mozilla/obj-x86_64-pc-linux-gnu/dist/include/mozilla/dom/CallbackObject.h:40,
 2:55.67                  from /home/lc/projekty/OpenKomodoIDE/mozilla/build/moz14000-ko14.10/mozilla/obj-x86_64-pc-linux-gnu/dist/include/mozilla/dom/CallbackFunction.h:20,
 2:55.67                  from /home/lc/projekty/OpenKomodoIDE/mozilla/build/moz14000-ko14.10/mozilla/obj-x86_64-pc-linux-gnu/dist/include/mozilla/dom/DocumentBinding.h:13,
 2:55.67                  from /home/lc/projekty/OpenKomodoIDE/mozilla/build/moz14000-ko14.10/mozilla/obj-x86_64-pc-linux-gnu/dist/include/mozilla/dom/ClientBinding.h:7,
 2:55.67                  from /home/lc/projekty/OpenKomodoIDE/mozilla/build/moz14000-ko14.10/mozilla/dom/clients/api/Client.h:10,
 2:55.67                  from /home/lc/projekty/OpenKomodoIDE/mozilla/build/moz14000-ko14.10/mozilla/dom/clients/api/Client.cpp:7,
 2:55.67                  from Unified_cpp_dom_clients_api0.cpp:2:
 2:55.67 In static member function 'static void mozilla::MozPromise<ResolveValueT, RejectValueT, IsExclusive>::MaybeChain(PromiseType*, RefPtr<typename PromiseType::Private>&&) [with PromiseType = mozilla::MozPromise<mozilla::dom::ClientState, mozilla::CopyableErrorResult, false>; ResolveValueT = mozilla::dom::ClientState; RejectValueT = mozilla::CopyableErrorResult; bool IsExclusive = false]',
 2:55.67     inlined from 'void mozilla::MozPromise<ResolveValueT, RejectValueT, IsExclusive>::ThenValue<ResolveFunction, RejectFunction>::DoResolveOrRejectInternal(mozilla::MozPromise<ResolveValueT, RejectValueT, IsExclusive>::ResolveOrRejectValue&) [with ResolveFunction = mozilla::dom::Client::Focus(mozilla::dom::CallerType, mozilla::ErrorResult&)::<lambda(const mozilla::dom::ClientState&)>; RejectFunction = mozilla::dom::Client::Focus(mozilla::dom::CallerType, mozilla::ErrorResult&)::<lambda(const mozilla::CopyableErrorResult&)>; ResolveValueT = mozilla::dom::ClientState; RejectValueT = mozilla::CopyableErrorResult; bool IsExclusive = false]' at /home/lc/projekty/OpenKomodoIDE/mozilla/build/moz14000-ko14.10/mozilla/obj-x86_64-pc-linux-gnu/dist/include/mozilla/MozPromise.h:871:30:
 2:55.67 /home/lc/projekty/OpenKomodoIDE/mozilla/build/moz14000-ko14.10/mozilla/obj-x86_64-pc-linux-gnu/dist/include/mozilla/MozPromise.h:678:21: warning: 'this' pointer is null [-Wnonnull]
 2:55.67   678 |       aFrom->ChainTo(aTo.forget(), "<chained completion promise>");
 2:55.67       |       ~~~~~~~~~~~~~~^~~~~~~~~~~~~~~~~~~~~~~~~~~~~~~~~~~~~~~~~~~~~~
 2:55.67 /home/lc/projekty/OpenKomodoIDE/mozilla/build/moz14000-ko14.10/mozilla/obj-x86_64-pc-linux-gnu/dist/include/mozilla/MozPromise.h: In member function 'void mozilla::MozPromise<ResolveValueT, RejectValueT, IsExclusive>::ThenValue<ResolveFunction, RejectFunction>::DoResolveOrRejectInternal(mozilla::MozPromise<ResolveValueT, RejectValueT, IsExclusive>::ResolveOrRejectValue&) [with ResolveFunction = mozilla::dom::Client::Focus(mozilla::dom::CallerType, mozilla::ErrorResult&)::<lambda(const mozilla::dom::ClientState&)>; RejectFunction = mozilla::dom::Client::Focus(mozilla::dom::CallerType, mozilla::ErrorResult&)::<lambda(const mozilla::CopyableErrorResult&)>; ResolveValueT = mozilla::dom::ClientState; RejectValueT = mozilla::CopyableErrorResult; bool IsExclusive = false]':
 2:55.67 /home/lc/projekty/OpenKomodoIDE/mozilla/build/moz14000-ko14.10/mozilla/obj-x86_64-pc-linux-gnu/dist/include/mozilla/MozPromise.h:1191:8: note: in a call to non-static member function 'void mozilla::MozPromise<ResolveValueT, RejectValueT, IsExclusive>::ChainTo(already_AddRefed<Private>, mozilla::StaticString) [with ResolveValueT = mozilla::dom::ClientState; RejectValueT = mozilla::CopyableErrorResult; bool IsExclusive = false]'
 2:55.67  1191 |   void ChainTo(already_AddRefed<Private> aChainedPromise,
 2:55.67       |        ^~~~~~~
 2:55.70 In static member function 'static void mozilla::MozPromise<ResolveValueT, RejectValueT, IsExclusive>::MaybeChain(PromiseType*, RefPtr<typename PromiseType::Private>&&) [with PromiseType = mozilla::MozPromise<mozilla::dom::ClientOpResult, mozilla::CopyableErrorResult, false>; ResolveValueT = mozilla::dom::ClientOpResult; RejectValueT = mozilla::CopyableErrorResult; bool IsExclusive = false]',
 2:55.70     inlined from 'void mozilla::MozPromise<ResolveValueT, RejectValueT, IsExclusive>::ThenValue<ResolveFunction, RejectFunction>::DoResolveOrRejectInternal(mozilla::MozPromise<ResolveValueT, RejectValueT, IsExclusive>::ResolveOrRejectValue&) [with ResolveFunction = mozilla::dom::StartClientManagerOp<RefPtr<mozilla::MozPromise<ClientOpResult, mozilla::CopyableErrorResult, false> > (*)(const ClientNavigateArgs&, nsISerialEventTarget*), ClientNavigateArgs, Client::Navigate(const nsAString&, mozilla::ErrorResult&)::<lambda(const ClientOpResult&)>, Client::Navigate(const nsAString&, mozilla::ErrorResult&)::<lambda(const mozilla::CopyableErrorResult&)> >(RefPtr<mozilla::MozPromise<ClientOpResult, mozilla::CopyableErrorResult, false> > (*)(const ClientNavigateArgs&, nsISerialEventTarget*), const ClientNavigateArgs&, nsIGlobalObject*, Client::Navigate(const nsAString&, mozilla::ErrorResult&)::<lambda(const ClientOpResult&)>, Client::Navigate(const nsAString&, mozilla::ErrorResult&)::<lambda(const mozilla::CopyableErrorResult&)>)::<lambda(const mozilla::dom::ClientOpResult&)>; RejectFunction = mozilla::dom::StartClientManagerOp<RefPtr<mozilla::MozPromise<ClientOpResult, mozilla::CopyableErrorResult, false> > (*)(const ClientNavigateArgs&, nsISerialEventTarget*), ClientNavigateArgs, Client::Navigate(const nsAString&, mozilla::ErrorResult&)::<lambda(const ClientOpResult&)>, Client::Navigate(const nsAString&, mozilla::ErrorResult&)::<lambda(const mozilla::CopyableErrorResult&)> >(RefPtr<mozilla::MozPromise<ClientOpResult, mozilla::CopyableErrorResult, false> > (*)(const ClientNavigateArgs&, nsISerialEventTarget*), const ClientNavigateArgs&, nsIGlobalObject*, Client::Navigate(const nsAString&, mozilla::ErrorResult&)::<lambda(const ClientOpResult&)>, Client::Navigate(const nsAString&, mozilla::ErrorResult&)::<lambda(const mozilla::CopyableErrorResult&)>)::<lambda(const mozilla::CopyableErrorResult&)>; ResolveValueT = mozilla::dom::ClientOpResult; RejectValueT = mozilla::CopyableErrorResult; bool IsExclusive = false]' at /home/lc/projekty/OpenKomodoIDE/mozilla/build/moz14000-ko14.10/mozilla/obj-x86_64-pc-linux-gnu/dist/include/mozilla/MozPromise.h:871:30:
 2:55.70 /home/lc/projekty/OpenKomodoIDE/mozilla/build/moz14000-ko14.10/mozilla/obj-x86_64-pc-linux-gnu/dist/include/mozilla/MozPromise.h:678:21: warning: 'this' pointer is null [-Wnonnull]
 2:55.70   678 |       aFrom->ChainTo(aTo.forget(), "<chained completion promise>");
 2:55.70       |       ~~~~~~~~~~~~~~^~~~~~~~~~~~~~~~~~~~~~~~~~~~~~~~~~~~~~~~~~~~~~
 2:55.70 /home/lc/projekty/OpenKomodoIDE/mozilla/build/moz14000-ko14.10/mozilla/obj-x86_64-pc-linux-gnu/dist/include/mozilla/MozPromise.h: In member function 'void mozilla::MozPromise<ResolveValueT, RejectValueT, IsExclusive>::ThenValue<ResolveFunction, RejectFunction>::DoResolveOrRejectInternal(mozilla::MozPromise<ResolveValueT, RejectValueT, IsExclusive>::ResolveOrRejectValue&) [with ResolveFunction = mozilla::dom::StartClientManagerOp<RefPtr<mozilla::MozPromise<ClientOpResult, mozilla::CopyableErrorResult, false> > (*)(const ClientNavigateArgs&, nsISerialEventTarget*), ClientNavigateArgs, Client::Navigate(const nsAString&, mozilla::ErrorResult&)::<lambda(const ClientOpResult&)>, Client::Navigate(const nsAString&, mozilla::ErrorResult&)::<lambda(const mozilla::CopyableErrorResult&)> >(RefPtr<mozilla::MozPromise<ClientOpResult, mozilla::CopyableErrorResult, false> > (*)(const ClientNavigateArgs&, nsISerialEventTarget*), const ClientNavigateArgs&, nsIGlobalObject*, Client::Navigate(const nsAString&, mozilla::ErrorResult&)::<lambda(const ClientOpResult&)>, Client::Navigate(const nsAString&, mozilla::ErrorResult&)::<lambda(const mozilla::CopyableErrorResult&)>)::<lambda(const mozilla::dom::ClientOpResult&)>; RejectFunction = mozilla::dom::StartClientManagerOp<RefPtr<mozilla::MozPromise<ClientOpResult, mozilla::CopyableErrorResult, false> > (*)(const ClientNavigateArgs&, nsISerialEventTarget*), ClientNavigateArgs, Client::Navigate(const nsAString&, mozilla::ErrorResult&)::<lambda(const ClientOpResult&)>, Client::Navigate(const nsAString&, mozilla::ErrorResult&)::<lambda(const mozilla::CopyableErrorResult&)> >(RefPtr<mozilla::MozPromise<ClientOpResult, mozilla::CopyableErrorResult, false> > (*)(const ClientNavigateArgs&, nsISerialEventTarget*), const ClientNavigateArgs&, nsIGlobalObject*, Client::Navigate(const nsAString&, mozilla::ErrorResult&)::<lambda(const ClientOpResult&)>, Client::Navigate(const nsAString&, mozilla::ErrorResult&)::<lambda(const mozilla::CopyableErrorResult&)>)::<lambda(const mozilla::CopyableErrorResult&)>; ResolveValueT = mozilla::dom::ClientOpResult; RejectValueT = mozilla::CopyableErrorResult; bool IsExclusive = false]':
 2:55.70 /home/lc/projekty/OpenKomodoIDE/mozilla/build/moz14000-ko14.10/mozilla/obj-x86_64-pc-linux-gnu/dist/include/mozilla/MozPromise.h:1191:8: note: in a call to non-static member function 'void mozilla::MozPromise<ResolveValueT, RejectValueT, IsExclusive>::ChainTo(already_AddRefed<Private>, mozilla::StaticString) [with ResolveValueT = mozilla::dom::ClientOpResult; RejectValueT = mozilla::CopyableErrorResult; bool IsExclusive = false]'
 2:55.70  1191 |   void ChainTo(already_AddRefed<Private> aChainedPromise,
 2:55.70       |        ^~~~~~~
 2:55.75 In static member function 'static void mozilla::MozPromise<ResolveValueT, RejectValueT, IsExclusive>::MaybeChain(PromiseType*, RefPtr<typename PromiseType::Private>&&) [with PromiseType = mozilla::MozPromise<mozilla::dom::ClientOpResult, mozilla::CopyableErrorResult, false>; ResolveValueT = mozilla::dom::ClientOpResult; RejectValueT = mozilla::CopyableErrorResult; bool IsExclusive = false]',
 2:55.75     inlined from 'void mozilla::MozPromise<ResolveValueT, RejectValueT, IsExclusive>::ThenValue<ResolveFunction, RejectFunction>::DoResolveOrRejectInternal(mozilla::MozPromise<ResolveValueT, RejectValueT, IsExclusive>::ResolveOrRejectValue&) [with ResolveFunction = mozilla::dom::StartClientManagerOp<RefPtr<mozilla::MozPromise<ClientOpResult, mozilla::CopyableErrorResult, false> > (*)(const ClientMatchAllArgs&, nsISerialEventTarget*), ClientMatchAllArgs, Clients::MatchAll(const mozilla::dom::ClientQueryOptions&, mozilla::ErrorResult&)::<lambda(const ClientOpResult&)>, Clients::MatchAll(const mozilla::dom::ClientQueryOptions&, mozilla::ErrorResult&)::<lambda(const mozilla::CopyableErrorResult&)> >(RefPtr<mozilla::MozPromise<ClientOpResult, mozilla::CopyableErrorResult, false> > (*)(const ClientMatchAllArgs&, nsISerialEventTarget*), const ClientMatchAllArgs&, nsIGlobalObject*, Clients::MatchAll(const mozilla::dom::ClientQueryOptions&, mozilla::ErrorResult&)::<lambda(const ClientOpResult&)>, Clients::MatchAll(const mozilla::dom::ClientQueryOptions&, mozilla::ErrorResult&)::<lambda(const mozilla::CopyableErrorResult&)>)::<lambda(const mozilla::dom::ClientOpResult&)>; RejectFunction = mozilla::dom::StartClientManagerOp<RefPtr<mozilla::MozPromise<ClientOpResult, mozilla::CopyableErrorResult, false> > (*)(const ClientMatchAllArgs&, nsISerialEventTarget*), ClientMatchAllArgs, Clients::MatchAll(const mozilla::dom::ClientQueryOptions&, mozilla::ErrorResult&)::<lambda(const ClientOpResult&)>, Clients::MatchAll(const mozilla::dom::ClientQueryOptions&, mozilla::ErrorResult&)::<lambda(const mozilla::CopyableErrorResult&)> >(RefPtr<mozilla::MozPromise<ClientOpResult, mozilla::CopyableErrorResult, false> > (*)(const ClientMatchAllArgs&, nsISerialEventTarget*), const ClientMatchAllArgs&, nsIGlobalObject*, Clients::MatchAll(const mozilla::dom::ClientQueryOptions&, mozilla::ErrorResult&)::<lambda(const ClientOpResult&)>, Clients::MatchAll(const mozilla::dom::ClientQueryOptions&, mozilla::ErrorResult&)::<lambda(const mozilla::CopyableErrorResult&)>)::<lambda(const mozilla::CopyableErrorResult&)>; ResolveValueT = mozilla::dom::ClientOpResult; RejectValueT = mozilla::CopyableErrorResult; bool IsExclusive = false]' at /home/lc/projekty/OpenKomodoIDE/mozilla/build/moz14000-ko14.10/mozilla/obj-x86_64-pc-linux-gnu/dist/include/mozilla/MozPromise.h:871:30:
 2:55.75 /home/lc/projekty/OpenKomodoIDE/mozilla/build/moz14000-ko14.10/mozilla/obj-x86_64-pc-linux-gnu/dist/include/mozilla/MozPromise.h:678:21: warning: 'this' pointer is null [-Wnonnull]
 2:55.75   678 |       aFrom->ChainTo(aTo.forget(), "<chained completion promise>");
 2:55.75       |       ~~~~~~~~~~~~~~^~~~~~~~~~~~~~~~~~~~~~~~~~~~~~~~~~~~~~~~~~~~~~
 2:55.75 /home/lc/projekty/OpenKomodoIDE/mozilla/build/moz14000-ko14.10/mozilla/obj-x86_64-pc-linux-gnu/dist/include/mozilla/MozPromise.h: In member function 'void mozilla::MozPromise<ResolveValueT, RejectValueT, IsExclusive>::ThenValue<ResolveFunction, RejectFunction>::DoResolveOrRejectInternal(mozilla::MozPromise<ResolveValueT, RejectValueT, IsExclusive>::ResolveOrRejectValue&) [with ResolveFunction = mozilla::dom::StartClientManagerOp<RefPtr<mozilla::MozPromise<ClientOpResult, mozilla::CopyableErrorResult, false> > (*)(const ClientMatchAllArgs&, nsISerialEventTarget*), ClientMatchAllArgs, Clients::MatchAll(const mozilla::dom::ClientQueryOptions&, mozilla::ErrorResult&)::<lambda(const ClientOpResult&)>, Clients::MatchAll(const mozilla::dom::ClientQueryOptions&, mozilla::ErrorResult&)::<lambda(const mozilla::CopyableErrorResult&)> >(RefPtr<mozilla::MozPromise<ClientOpResult, mozilla::CopyableErrorResult, false> > (*)(const ClientMatchAllArgs&, nsISerialEventTarget*), const ClientMatchAllArgs&, nsIGlobalObject*, Clients::MatchAll(const mozilla::dom::ClientQueryOptions&, mozilla::ErrorResult&)::<lambda(const ClientOpResult&)>, Clients::MatchAll(const mozilla::dom::ClientQueryOptions&, mozilla::ErrorResult&)::<lambda(const mozilla::CopyableErrorResult&)>)::<lambda(const mozilla::dom::ClientOpResult&)>; RejectFunction = mozilla::dom::StartClientManagerOp<RefPtr<mozilla::MozPromise<ClientOpResult, mozilla::CopyableErrorResult, false> > (*)(const ClientMatchAllArgs&, nsISerialEventTarget*), ClientMatchAllArgs, Clients::MatchAll(const mozilla::dom::ClientQueryOptions&, mozilla::ErrorResult&)::<lambda(const ClientOpResult&)>, Clients::MatchAll(const mozilla::dom::ClientQueryOptions&, mozilla::ErrorResult&)::<lambda(const mozilla::CopyableErrorResult&)> >(RefPtr<mozilla::MozPromise<ClientOpResult, mozilla::CopyableErrorResult, false> > (*)(const ClientMatchAllArgs&, nsISerialEventTarget*), const ClientMatchAllArgs&, nsIGlobalObject*, Clients::MatchAll(const mozilla::dom::ClientQueryOptions&, mozilla::ErrorResult&)::<lambda(const ClientOpResult&)>, Clients::MatchAll(const mozilla::dom::ClientQueryOptions&, mozilla::ErrorResult&)::<lambda(const mozilla::CopyableErrorResult&)>)::<lambda(const mozilla::CopyableErrorResult&)>; ResolveValueT = mozilla::dom::ClientOpResult; RejectValueT = mozilla::CopyableErrorResult; bool IsExclusive = false]':
 2:55.75 /home/lc/projekty/OpenKomodoIDE/mozilla/build/moz14000-ko14.10/mozilla/obj-x86_64-pc-linux-gnu/dist/include/mozilla/MozPromise.h:1191:8: note: in a call to non-static member function 'void mozilla::MozPromise<ResolveValueT, RejectValueT, IsExclusive>::ChainTo(already_AddRefed<Private>, mozilla::StaticString) [with ResolveValueT = mozilla::dom::ClientOpResult; RejectValueT = mozilla::CopyableErrorResult; bool IsExclusive = false]'
 2:55.75  1191 |   void ChainTo(already_AddRefed<Private> aChainedPromise,
 2:55.75       |        ^~~~~~~
 2:55.78 In static member function 'static void mozilla::MozPromise<ResolveValueT, RejectValueT, IsExclusive>::MaybeChain(PromiseType*, RefPtr<typename PromiseType::Private>&&) [with PromiseType = mozilla::MozPromise<mozilla::dom::ClientOpResult, mozilla::CopyableErrorResult, false>; ResolveValueT = mozilla::dom::ClientOpResult; RejectValueT = mozilla::CopyableErrorResult; bool IsExclusive = false]',
 2:55.78     inlined from 'void mozilla::MozPromise<ResolveValueT, RejectValueT, IsExclusive>::ThenValue<ResolveFunction, RejectFunction>::DoResolveOrRejectInternal(mozilla::MozPromise<ResolveValueT, RejectValueT, IsExclusive>::ResolveOrRejectValue&) [with ResolveFunction = mozilla::dom::StartClientManagerOp<RefPtr<mozilla::MozPromise<ClientOpResult, mozilla::CopyableErrorResult, false> > (*)(const ClientOpenWindowArgs&, nsISerialEventTarget*), ClientOpenWindowArgs, Clients::OpenWindow(const nsAString&, mozilla::ErrorResult&)::<lambda(const ClientOpResult&)>, Clients::OpenWindow(const nsAString&, mozilla::ErrorResult&)::<lambda(const mozilla::CopyableErrorResult&)> >(RefPtr<mozilla::MozPromise<ClientOpResult, mozilla::CopyableErrorResult, false> > (*)(const ClientOpenWindowArgs&, nsISerialEventTarget*), const ClientOpenWindowArgs&, nsIGlobalObject*, Clients::OpenWindow(const nsAString&, mozilla::ErrorResult&)::<lambda(const ClientOpResult&)>, Clients::OpenWindow(const nsAString&, mozilla::ErrorResult&)::<lambda(const mozilla::CopyableErrorResult&)>)::<lambda(const mozilla::dom::ClientOpResult&)>; RejectFunction = mozilla::dom::StartClientManagerOp<RefPtr<mozilla::MozPromise<ClientOpResult, mozilla::CopyableErrorResult, false> > (*)(const ClientOpenWindowArgs&, nsISerialEventTarget*), ClientOpenWindowArgs, Clients::OpenWindow(const nsAString&, mozilla::ErrorResult&)::<lambda(const ClientOpResult&)>, Clients::OpenWindow(const nsAString&, mozilla::ErrorResult&)::<lambda(const mozilla::CopyableErrorResult&)> >(RefPtr<mozilla::MozPromise<ClientOpResult, mozilla::CopyableErrorResult, false> > (*)(const ClientOpenWindowArgs&, nsISerialEventTarget*), const ClientOpenWindowArgs&, nsIGlobalObject*, Clients::OpenWindow(const nsAString&, mozilla::ErrorResult&)::<lambda(const ClientOpResult&)>, Clients::OpenWindow(const nsAString&, mozilla::ErrorResult&)::<lambda(const mozilla::CopyableErrorResult&)>)::<lambda(const mozilla::CopyableErrorResult&)>; ResolveValueT = mozilla::dom::ClientOpResult; RejectValueT = mozilla::CopyableErrorResult; bool IsExclusive = false]' at /home/lc/projekty/OpenKomodoIDE/mozilla/build/moz14000-ko14.10/mozilla/obj-x86_64-pc-linux-gnu/dist/include/mozilla/MozPromise.h:871:30:
 2:55.78 /home/lc/projekty/OpenKomodoIDE/mozilla/build/moz14000-ko14.10/mozilla/obj-x86_64-pc-linux-gnu/dist/include/mozilla/MozPromise.h:678:21: warning: 'this' pointer is null [-Wnonnull]
 2:55.78   678 |       aFrom->ChainTo(aTo.forget(), "<chained completion promise>");
 2:55.78       |       ~~~~~~~~~~~~~~^~~~~~~~~~~~~~~~~~~~~~~~~~~~~~~~~~~~~~~~~~~~~~
 2:55.78 /home/lc/projekty/OpenKomodoIDE/mozilla/build/moz14000-ko14.10/mozilla/obj-x86_64-pc-linux-gnu/dist/include/mozilla/MozPromise.h: In member function 'void mozilla::MozPromise<ResolveValueT, RejectValueT, IsExclusive>::ThenValue<ResolveFunction, RejectFunction>::DoResolveOrRejectInternal(mozilla::MozPromise<ResolveValueT, RejectValueT, IsExclusive>::ResolveOrRejectValue&) [with ResolveFunction = mozilla::dom::StartClientManagerOp<RefPtr<mozilla::MozPromise<ClientOpResult, mozilla::CopyableErrorResult, false> > (*)(const ClientOpenWindowArgs&, nsISerialEventTarget*), ClientOpenWindowArgs, Clients::OpenWindow(const nsAString&, mozilla::ErrorResult&)::<lambda(const ClientOpResult&)>, Clients::OpenWindow(const nsAString&, mozilla::ErrorResult&)::<lambda(const mozilla::CopyableErrorResult&)> >(RefPtr<mozilla::MozPromise<ClientOpResult, mozilla::CopyableErrorResult, false> > (*)(const ClientOpenWindowArgs&, nsISerialEventTarget*), const ClientOpenWindowArgs&, nsIGlobalObject*, Clients::OpenWindow(const nsAString&, mozilla::ErrorResult&)::<lambda(const ClientOpResult&)>, Clients::OpenWindow(const nsAString&, mozilla::ErrorResult&)::<lambda(const mozilla::CopyableErrorResult&)>)::<lambda(const mozilla::dom::ClientOpResult&)>; RejectFunction = mozilla::dom::StartClientManagerOp<RefPtr<mozilla::MozPromise<ClientOpResult, mozilla::CopyableErrorResult, false> > (*)(const ClientOpenWindowArgs&, nsISerialEventTarget*), ClientOpenWindowArgs, Clients::OpenWindow(const nsAString&, mozilla::ErrorResult&)::<lambda(const ClientOpResult&)>, Clients::OpenWindow(const nsAString&, mozilla::ErrorResult&)::<lambda(const mozilla::CopyableErrorResult&)> >(RefPtr<mozilla::MozPromise<ClientOpResult, mozilla::CopyableErrorResult, false> > (*)(const ClientOpenWindowArgs&, nsISerialEventTarget*), const ClientOpenWindowArgs&, nsIGlobalObject*, Clients::OpenWindow(const nsAString&, mozilla::ErrorResult&)::<lambda(const ClientOpResult&)>, Clients::OpenWindow(const nsAString&, mozilla::ErrorResult&)::<lambda(const mozilla::CopyableErrorResult&)>)::<lambda(const mozilla::CopyableErrorResult&)>; ResolveValueT = mozilla::dom::ClientOpResult; RejectValueT = mozilla::CopyableErrorResult; bool IsExclusive = false]':
 2:55.78 /home/lc/projekty/OpenKomodoIDE/mozilla/build/moz14000-ko14.10/mozilla/obj-x86_64-pc-linux-gnu/dist/include/mozilla/MozPromise.h:1191:8: note: in a call to non-static member function 'void mozilla::MozPromise<ResolveValueT, RejectValueT, IsExclusive>::ChainTo(already_AddRefed<Private>, mozilla::StaticString) [with ResolveValueT = mozilla::dom::ClientOpResult; RejectValueT = mozilla::CopyableErrorResult; bool IsExclusive = false]'
 2:55.78  1191 |   void ChainTo(already_AddRefed<Private> aChainedPromise,
 2:55.78       |        ^~~~~~~
 2:55.82 In static member function 'static void mozilla::MozPromise<ResolveValueT, RejectValueT, IsExclusive>::MaybeChain(PromiseType*, RefPtr<typename PromiseType::Private>&&) [with PromiseType = mozilla::MozPromise<mozilla::dom::ClientOpResult, mozilla::CopyableErrorResult, false>; ResolveValueT = mozilla::dom::ClientOpResult; RejectValueT = mozilla::CopyableErrorResult; bool IsExclusive = false]',
 2:55.82     inlined from 'void mozilla::MozPromise<ResolveValueT, RejectValueT, IsExclusive>::ThenValue<ResolveFunction, RejectFunction>::DoResolveOrRejectInternal(mozilla::MozPromise<ResolveValueT, RejectValueT, IsExclusive>::ResolveOrRejectValue&) [with ResolveFunction = mozilla::dom::StartClientManagerOp<RefPtr<mozilla::MozPromise<ClientOpResult, mozilla::CopyableErrorResult, false> > (*)(const ClientClaimArgs&, nsISerialEventTarget*), ClientClaimArgs, Clients::Claim(mozilla::ErrorResult&)::<lambda(const ClientOpResult&)>, Clients::Claim(mozilla::ErrorResult&)::<lambda(const mozilla::CopyableErrorResult&)> >(RefPtr<mozilla::MozPromise<ClientOpResult, mozilla::CopyableErrorResult, false> > (*)(const ClientClaimArgs&, nsISerialEventTarget*), const ClientClaimArgs&, nsIGlobalObject*, Clients::Claim(mozilla::ErrorResult&)::<lambda(const ClientOpResult&)>, Clients::Claim(mozilla::ErrorResult&)::<lambda(const mozilla::CopyableErrorResult&)>)::<lambda(const mozilla::dom::ClientOpResult&)>; RejectFunction = mozilla::dom::StartClientManagerOp<RefPtr<mozilla::MozPromise<ClientOpResult, mozilla::CopyableErrorResult, false> > (*)(const ClientClaimArgs&, nsISerialEventTarget*), ClientClaimArgs, Clients::Claim(mozilla::ErrorResult&)::<lambda(const ClientOpResult&)>, Clients::Claim(mozilla::ErrorResult&)::<lambda(const mozilla::CopyableErrorResult&)> >(RefPtr<mozilla::MozPromise<ClientOpResult, mozilla::CopyableErrorResult, false> > (*)(const ClientClaimArgs&, nsISerialEventTarget*), const ClientClaimArgs&, nsIGlobalObject*, Clients::Claim(mozilla::ErrorResult&)::<lambda(const ClientOpResult&)>, Clients::Claim(mozilla::ErrorResult&)::<lambda(const mozilla::CopyableErrorResult&)>)::<lambda(const mozilla::CopyableErrorResult&)>; ResolveValueT = mozilla::dom::ClientOpResult; RejectValueT = mozilla::CopyableErrorResult; bool IsExclusive = false]' at /home/lc/projekty/OpenKomodoIDE/mozilla/build/moz14000-ko14.10/mozilla/obj-x86_64-pc-linux-gnu/dist/include/mozilla/MozPromise.h:871:30:
 2:55.82 /home/lc/projekty/OpenKomodoIDE/mozilla/build/moz14000-ko14.10/mozilla/obj-x86_64-pc-linux-gnu/dist/include/mozilla/MozPromise.h:678:21: warning: 'this' pointer is null [-Wnonnull]
 2:55.82   678 |       aFrom->ChainTo(aTo.forget(), "<chained completion promise>");
 2:55.82       |       ~~~~~~~~~~~~~~^~~~~~~~~~~~~~~~~~~~~~~~~~~~~~~~~~~~~~~~~~~~~~
 2:55.82 /home/lc/projekty/OpenKomodoIDE/mozilla/build/moz14000-ko14.10/mozilla/obj-x86_64-pc-linux-gnu/dist/include/mozilla/MozPromise.h: In member function 'void mozilla::MozPromise<ResolveValueT, RejectValueT, IsExclusive>::ThenValue<ResolveFunction, RejectFunction>::DoResolveOrRejectInternal(mozilla::MozPromise<ResolveValueT, RejectValueT, IsExclusive>::ResolveOrRejectValue&) [with ResolveFunction = mozilla::dom::StartClientManagerOp<RefPtr<mozilla::MozPromise<ClientOpResult, mozilla::CopyableErrorResult, false> > (*)(const ClientClaimArgs&, nsISerialEventTarget*), ClientClaimArgs, Clients::Claim(mozilla::ErrorResult&)::<lambda(const ClientOpResult&)>, Clients::Claim(mozilla::ErrorResult&)::<lambda(const mozilla::CopyableErrorResult&)> >(RefPtr<mozilla::MozPromise<ClientOpResult, mozilla::CopyableErrorResult, false> > (*)(const ClientClaimArgs&, nsISerialEventTarget*), const ClientClaimArgs&, nsIGlobalObject*, Clients::Claim(mozilla::ErrorResult&)::<lambda(const ClientOpResult&)>, Clients::Claim(mozilla::ErrorResult&)::<lambda(const mozilla::CopyableErrorResult&)>)::<lambda(const mozilla::dom::ClientOpResult&)>; RejectFunction = mozilla::dom::StartClientManagerOp<RefPtr<mozilla::MozPromise<ClientOpResult, mozilla::CopyableErrorResult, false> > (*)(const ClientClaimArgs&, nsISerialEventTarget*), ClientClaimArgs, Clients::Claim(mozilla::ErrorResult&)::<lambda(const ClientOpResult&)>, Clients::Claim(mozilla::ErrorResult&)::<lambda(const mozilla::CopyableErrorResult&)> >(RefPtr<mozilla::MozPromise<ClientOpResult, mozilla::CopyableErrorResult, false> > (*)(const ClientClaimArgs&, nsISerialEventTarget*), const ClientClaimArgs&, nsIGlobalObject*, Clients::Claim(mozilla::ErrorResult&)::<lambda(const ClientOpResult&)>, Clients::Claim(mozilla::ErrorResult&)::<lambda(const mozilla::CopyableErrorResult&)>)::<lambda(const mozilla::CopyableErrorResult&)>; ResolveValueT = mozilla::dom::ClientOpResult; RejectValueT = mozilla::CopyableErrorResult; bool IsExclusive = false]':
 2:55.82 /home/lc/projekty/OpenKomodoIDE/mozilla/build/moz14000-ko14.10/mozilla/obj-x86_64-pc-linux-gnu/dist/include/mozilla/MozPromise.h:1191:8: note: in a call to non-static member function 'void mozilla::MozPromise<ResolveValueT, RejectValueT, IsExclusive>::ChainTo(already_AddRefed<Private>, mozilla::StaticString) [with ResolveValueT = mozilla::dom::ClientOpResult; RejectValueT = mozilla::CopyableErrorResult; bool IsExclusive = false]'
 2:55.82  1191 |   void ChainTo(already_AddRefed<Private> aChainedPromise,
 2:55.82       |        ^~~~~~~
 2:56.12 In static member function 'static void mozilla::MozPromise<ResolveValueT, RejectValueT, IsExclusive>::MaybeChain(PromiseType*, RefPtr<typename PromiseType::Private>&&) [with PromiseType = mozilla::MozPromise<mozilla::dom::ClientOpResult, mozilla::CopyableErrorResult, false>; ResolveValueT = mozilla::dom::ClientOpResult; RejectValueT = mozilla::CopyableErrorResult; bool IsExclusive = false]',
 2:56.12     inlined from 'void mozilla::MozPromise<ResolveValueT, RejectValueT, IsExclusive>::ThenValue<ResolveFunction, RejectFunction>::DoResolveOrRejectInternal(mozilla::MozPromise<ResolveValueT, RejectValueT, IsExclusive>::ResolveOrRejectValue&) [with ResolveFunction = mozilla::dom::Clients::Get(const nsAString&, mozilla::ErrorResult&)::<lambda(const mozilla::dom::ClientOpResult&)>; RejectFunction = mozilla::dom::Clients::Get(const nsAString&, mozilla::ErrorResult&)::<lambda(const mozilla::CopyableErrorResult&)>; ResolveValueT = mozilla::dom::ClientOpResult; RejectValueT = mozilla::CopyableErrorResult; bool IsExclusive = false]' at /home/lc/projekty/OpenKomodoIDE/mozilla/build/moz14000-ko14.10/mozilla/obj-x86_64-pc-linux-gnu/dist/include/mozilla/MozPromise.h:871:30:
 2:56.12 /home/lc/projekty/OpenKomodoIDE/mozilla/build/moz14000-ko14.10/mozilla/obj-x86_64-pc-linux-gnu/dist/include/mozilla/MozPromise.h:678:21: warning: 'this' pointer is null [-Wnonnull]
 2:56.12   678 |       aFrom->ChainTo(aTo.forget(), "<chained completion promise>");
 2:56.12       |       ~~~~~~~~~~~~~~^~~~~~~~~~~~~~~~~~~~~~~~~~~~~~~~~~~~~~~~~~~~~~
 2:56.12 /home/lc/projekty/OpenKomodoIDE/mozilla/build/moz14000-ko14.10/mozilla/obj-x86_64-pc-linux-gnu/dist/include/mozilla/MozPromise.h: In member function 'void mozilla::MozPromise<ResolveValueT, RejectValueT, IsExclusive>::ThenValue<ResolveFunction, RejectFunction>::DoResolveOrRejectInternal(mozilla::MozPromise<ResolveValueT, RejectValueT, IsExclusive>::ResolveOrRejectValue&) [with ResolveFunction = mozilla::dom::Clients::Get(const nsAString&, mozilla::ErrorResult&)::<lambda(const mozilla::dom::ClientOpResult&)>; RejectFunction = mozilla::dom::Clients::Get(const nsAString&, mozilla::ErrorResult&)::<lambda(const mozilla::CopyableErrorResult&)>; ResolveValueT = mozilla::dom::ClientOpResult; RejectValueT = mozilla::CopyableErrorResult; bool IsExclusive = false]':
 2:56.12 /home/lc/projekty/OpenKomodoIDE/mozilla/build/moz14000-ko14.10/mozilla/obj-x86_64-pc-linux-gnu/dist/include/mozilla/MozPromise.h:1191:8: note: in a call to non-static member function 'void mozilla::MozPromise<ResolveValueT, RejectValueT, IsExclusive>::ChainTo(already_AddRefed<Private>, mozilla::StaticString) [with ResolveValueT = mozilla::dom::ClientOpResult; RejectValueT = mozilla::CopyableErrorResult; bool IsExclusive = false]'
 2:56.12  1191 |   void ChainTo(already_AddRefed<Private> aChainedPromise,
 2:56.12       |        ^~~~~~~
 2:59.82 In constructor 'nsAutoTObserverArray<T, N>::Iterator::Iterator(nsTObserverArray_base::index_type, const array_type&) [with T = mozilla::NotNull<mozilla::dom::cache::Context::Activity*>; long unsigned int N = 0]',
 2:59.82     inlined from 'nsAutoTObserverArray<T, N>::ForwardIterator::ForwardIterator(const array_type&) [with T = mozilla::NotNull<mozilla::dom::cache::Context::Activity*>; long unsigned int N = 0]' at /home/lc/projekty/OpenKomodoIDE/mozilla/build/moz14000-ko14.10/mozilla/obj-x86_64-pc-linux-gnu/dist/include/nsTObserverArray.h:309:76,
 2:59.82     inlined from 'nsAutoTObserverArray<T, N>::STLIterator<Iterator, U>::STLIterator(const nsAutoTObserverArray<T, N>&) [with Iterator = nsAutoTObserverArray<mozilla::NotNull<mozilla::dom::cache::Context::Activity*>, 0>::ForwardIterator; U = mozilla::NotNull<mozilla::dom::cache::Context::Activity*>; T = mozilla::NotNull<mozilla::dom::cache::Context::Activity*>; long unsigned int N = 0]' at /home/lc/projekty/OpenKomodoIDE/mozilla/build/moz14000-ko14.10/mozilla/obj-x86_64-pc-linux-gnu/dist/include/nsTObserverArray.h:422:11,
 2:59.82     inlined from 'nsAutoTObserverArray<T, N>::STLIteratorRange<Iterator, U>::iterator nsAutoTObserverArray<T, N>::STLIteratorRange<Iterator, U>::begin() const [with Iterator = nsAutoTObserverArray<mozilla::NotNull<mozilla::dom::cache::Context::Activity*>, 0>::ForwardIterator; U = mozilla::NotNull<mozilla::dom::cache::Context::Activity*>; T = mozilla::NotNull<mozilla::dom::cache::Context::Activity*>; long unsigned int N = 0]' at /home/lc/projekty/OpenKomodoIDE/mozilla/build/moz14000-ko14.10/mozilla/obj-x86_64-pc-linux-gnu/dist/include/nsTObserverArray.h:457:52,
 2:59.82     inlined from 'void mozilla::dom::cache::Context::CancelAll()' at /home/lc/projekty/OpenKomodoIDE/mozilla/build/moz14000-ko14.10/mozilla/dom/cache/Context.cpp:917:58:
 2:59.82 /home/lc/projekty/OpenKomodoIDE/mozilla/build/moz14000-ko14.10/mozilla/obj-x86_64-pc-linux-gnu/dist/include/nsTObserverArray.h:282:25: warning: storing the address of local variable '__for_begin' in '*&this_10(D)->mActivityList.D.386704.nsAutoTObserverArray<mozilla::NotNull<mozilla::dom::cache::Context::Activity*>, 0>::nsTObserverArray_base.nsTObserverArray_base::mIterators' [-Wdangling-pointer=]
 2:59.82   282 |       aArray.mIterators = this;
 2:59.82       |       ~~~~~~~~~~~~~~~~~~^~~~~~
 2:59.82 /home/lc/projekty/OpenKomodoIDE/mozilla/build/moz14000-ko14.10/mozilla/dom/cache/Context.cpp: In member function 'void mozilla::dom::cache::Context::CancelAll()':
 2:59.82 /home/lc/projekty/OpenKomodoIDE/mozilla/build/moz14000-ko14.10/mozilla/dom/cache/Context.cpp:917:58: note: '__for_begin' declared here
 2:59.82   917 |   for (const auto& activity : mActivityList.ForwardRange()) {
 2:59.82       |                                                          ^
 2:59.82 /home/lc/projekty/OpenKomodoIDE/mozilla/build/moz14000-ko14.10/mozilla/dom/cache/Context.cpp:896:25: note: 'this' declared here
 2:59.82   896 | void Context::CancelAll() {
 2:59.82       |                         ^
 3:01.84 In constructor 'nsAutoTObserverArray<T, N>::Iterator::Iterator(nsTObserverArray_base::index_type, const array_type&) [with T = mozilla::SafeRefPtr<mozilla::dom::cache::ReadStream::Controllable>; long unsigned int N = 0]',
 3:01.84     inlined from 'nsAutoTObserverArray<T, N>::ForwardIterator::ForwardIterator(const array_type&) [with T = mozilla::SafeRefPtr<mozilla::dom::cache::ReadStream::Controllable>; long unsigned int N = 0]' at /home/lc/projekty/OpenKomodoIDE/mozilla/build/moz14000-ko14.10/mozilla/obj-x86_64-pc-linux-gnu/dist/include/nsTObserverArray.h:309:76,
 3:01.84     inlined from 'nsAutoTObserverArray<T, N>::STLIterator<Iterator, U>::STLIterator(const nsAutoTObserverArray<T, N>&) [with Iterator = nsAutoTObserverArray<mozilla::SafeRefPtr<mozilla::dom::cache::ReadStream::Controllable>, 0>::ForwardIterator; U = mozilla::SafeRefPtr<mozilla::dom::cache::ReadStream::Controllable>; T = mozilla::SafeRefPtr<mozilla::dom::cache::ReadStream::Controllable>; long unsigned int N = 0]' at /home/lc/projekty/OpenKomodoIDE/mozilla/build/moz14000-ko14.10/mozilla/obj-x86_64-pc-linux-gnu/dist/include/nsTObserverArray.h:422:11,
 3:01.84     inlined from 'nsAutoTObserverArray<T, N>::STLIteratorRange<Iterator, U>::iterator nsAutoTObserverArray<T, N>::STLIteratorRange<Iterator, U>::begin() const [with Iterator = nsAutoTObserverArray<mozilla::SafeRefPtr<mozilla::dom::cache::ReadStream::Controllable>, 0>::ForwardIterator; U = mozilla::SafeRefPtr<mozilla::dom::cache::ReadStream::Controllable>; T = mozilla::SafeRefPtr<mozilla::dom::cache::ReadStream::Controllable>; long unsigned int N = 0]' at /home/lc/projekty/OpenKomodoIDE/mozilla/build/moz14000-ko14.10/mozilla/obj-x86_64-pc-linux-gnu/dist/include/nsTObserverArray.h:457:52,
 3:01.84     inlined from 'void mozilla::dom::cache::StreamControl::CloseAllReadStreamsWithoutReporting()' at /home/lc/projekty/OpenKomodoIDE/mozilla/build/moz14000-ko14.10/mozilla/dom/cache/StreamControl.cpp:54:58:
 3:01.84 /home/lc/projekty/OpenKomodoIDE/mozilla/build/moz14000-ko14.10/mozilla/obj-x86_64-pc-linux-gnu/dist/include/nsTObserverArray.h:282:25: warning: storing the address of local variable '__for_begin' in '*&this_6(D)->mReadStreamList.D.2129755.nsAutoTObserverArray<mozilla::SafeRefPtr<mozilla::dom::cache::ReadStream::Controllable>, 0>::nsTObserverArray_base.nsTObserverArray_base::mIterators' [-Wdangling-pointer=]
 3:01.84   282 |       aArray.mIterators = this;
 3:01.84       |       ~~~~~~~~~~~~~~~~~~^~~~~~
 3:01.84 In file included from Unified_cpp_dom_cache1.cpp:92:
 3:01.84 /home/lc/projekty/OpenKomodoIDE/mozilla/build/moz14000-ko14.10/mozilla/dom/cache/StreamControl.cpp: In member function 'void mozilla::dom::cache::StreamControl::CloseAllReadStreamsWithoutReporting()':
 3:01.84 /home/lc/projekty/OpenKomodoIDE/mozilla/build/moz14000-ko14.10/mozilla/dom/cache/StreamControl.cpp:54:58: note: '__for_begin' declared here
 3:01.84    54 |   for (const auto& stream : mReadStreamList.ForwardRange()) {
 3:01.84       |                                                          ^
 3:01.84 /home/lc/projekty/OpenKomodoIDE/mozilla/build/moz14000-ko14.10/mozilla/dom/cache/StreamControl.cpp:51:57: note: 'this' declared here
 3:01.84    51 | void StreamControl::CloseAllReadStreamsWithoutReporting() {
 3:01.84       |                                                         ^
 3:02.44 dom/closewatcher
 3:04.61 In file included from /home/lc/projekty/OpenKomodoIDE/mozilla/build/moz14000-ko14.10/mozilla/modules/libpref/Preferences.h:18,
 3:04.61                  from /home/lc/projekty/OpenKomodoIDE/mozilla/build/moz14000-ko14.10/mozilla/obj-x86_64-pc-linux-gnu/dist/include/mozilla/StaticPrefListBegin.h:12,
 3:04.61                  from /home/lc/projekty/OpenKomodoIDE/mozilla/build/moz14000-ko14.10/mozilla/obj-x86_64-pc-linux-gnu/dist/include/mozilla/StaticPrefs_dom.h:7,
 3:04.61                  from /home/lc/projekty/OpenKomodoIDE/mozilla/build/moz14000-ko14.10/mozilla/dom/cache/Context.cpp:11:
 3:04.61 In static member function 'static void mozilla::MozPromise<ResolveValueT, RejectValueT, IsExclusive>::MaybeChain(PromiseType*, RefPtr<typename PromiseType::Private>&&) [with PromiseType = mozilla::MozPromise<mozilla::dom::quota::ClientDirectoryLockHandle, nsresult, true>; ResolveValueT = mozilla::dom::quota::ClientDirectoryLockHandle; RejectValueT = nsresult; bool IsExclusive = true]',
 3:04.61     inlined from 'void mozilla::MozPromise<ResolveValueT, RejectValueT, IsExclusive>::ThenValue<ResolveRejectFunction>::DoResolveOrRejectInternal(mozilla::MozPromise<ResolveValueT, RejectValueT, IsExclusive>::ResolveOrRejectValue&) [with ResolveRejectFunction = mozilla::dom::cache::Context::QuotaInitRunnable::Run()::<lambda(mozilla::MozPromise<mozilla::dom::quota::ClientDirectoryLockHandle, nsresult, true>::ResolveOrRejectValue&&)>; ResolveValueT = mozilla::dom::quota::ClientDirectoryLockHandle; RejectValueT = nsresult; bool IsExclusive = true]' at /home/lc/projekty/OpenKomodoIDE/mozilla/build/moz14000-ko14.10/mozilla/obj-x86_64-pc-linux-gnu/dist/include/mozilla/MozPromise.h:933:30:
 3:04.61 /home/lc/projekty/OpenKomodoIDE/mozilla/build/moz14000-ko14.10/mozilla/obj-x86_64-pc-linux-gnu/dist/include/mozilla/MozPromise.h:678:21: warning: 'this' pointer is null [-Wnonnull]
 3:04.61   678 |       aFrom->ChainTo(aTo.forget(), "<chained completion promise>");
 3:04.61       |       ~~~~~~~~~~~~~~^~~~~~~~~~~~~~~~~~~~~~~~~~~~~~~~~~~~~~~~~~~~~~
 3:04.61 /home/lc/projekty/OpenKomodoIDE/mozilla/build/moz14000-ko14.10/mozilla/obj-x86_64-pc-linux-gnu/dist/include/mozilla/MozPromise.h: In member function 'void mozilla::MozPromise<ResolveValueT, RejectValueT, IsExclusive>::ThenValue<ResolveRejectFunction>::DoResolveOrRejectInternal(mozilla::MozPromise<ResolveValueT, RejectValueT, IsExclusive>::ResolveOrRejectValue&) [with ResolveRejectFunction = mozilla::dom::cache::Context::QuotaInitRunnable::Run()::<lambda(mozilla::MozPromise<mozilla::dom::quota::ClientDirectoryLockHandle, nsresult, true>::ResolveOrRejectValue&&)>; ResolveValueT = mozilla::dom::quota::ClientDirectoryLockHandle; RejectValueT = nsresult; bool IsExclusive = true]':
 3:04.61 /home/lc/projekty/OpenKomodoIDE/mozilla/build/moz14000-ko14.10/mozilla/obj-x86_64-pc-linux-gnu/dist/include/mozilla/MozPromise.h:1191:8: note: in a call to non-static member function 'void mozilla::MozPromise<ResolveValueT, RejectValueT, IsExclusive>::ChainTo(already_AddRefed<Private>, mozilla::StaticString) [with ResolveValueT = mozilla::dom::quota::ClientDirectoryLockHandle; RejectValueT = nsresult; bool IsExclusive = true]'
 3:04.61  1191 |   void ChainTo(already_AddRefed<Private> aChainedPromise,
 3:04.61       |        ^~~~~~~
 3:04.63 In static member function 'static void mozilla::MozPromise<ResolveValueT, RejectValueT, IsExclusive>::MaybeChain(PromiseType*, RefPtr<typename PromiseType::Private>&&) [with PromiseType = mozilla::MozPromise<mozilla::dom::quota::ClientDirectoryLockHandle, nsresult, true>; ResolveValueT = mozilla::dom::quota::ClientDirectoryLockHandle; RejectValueT = nsresult; bool IsExclusive = true]',
 3:04.63     inlined from 'void mozilla::MozPromise<ResolveValueT, RejectValueT, IsExclusive>::ThenValue<ResolveRejectFunction>::DoResolveOrRejectInternal(mozilla::MozPromise<ResolveValueT, RejectValueT, IsExclusive>::ResolveOrRejectValue&) [with ResolveRejectFunction = mozilla::dom::cache::Context::QuotaInitRunnable::Run()::<lambda(mozilla::MozPromise<mozilla::dom::quota::ClientDirectoryLockHandle, nsresult, true>::ResolveOrRejectValue&&)>; ResolveValueT = mozilla::dom::quota::ClientDirectoryLockHandle; RejectValueT = nsresult; bool IsExclusive = true]' at /home/lc/projekty/OpenKomodoIDE/mozilla/build/moz14000-ko14.10/mozilla/obj-x86_64-pc-linux-gnu/dist/include/mozilla/MozPromise.h:933:30,
 3:04.63     inlined from 'void mozilla::MozPromise<ResolveValueT, RejectValueT, IsExclusive>::ThenValueBase::DoResolveOrReject(mozilla::MozPromise<ResolveValueT, RejectValueT, IsExclusive>::ResolveOrRejectValue&) [with ResolveValueT = mozilla::dom::quota::ClientDirectoryLockHandle; RejectValueT = nsresult; bool IsExclusive = true]' at /home/lc/projekty/OpenKomodoIDE/mozilla/build/moz14000-ko14.10/mozilla/obj-x86_64-pc-linux-gnu/dist/include/mozilla/MozPromise.h:621:32,
 3:04.63     inlined from 'nsresult mozilla::MozPromise<ResolveValueT, RejectValueT, IsExclusive>::ThenValueBase::ResolveOrRejectRunnable::Run() [with ResolveValueT = mozilla::dom::quota::ClientDirectoryLockHandle; RejectValueT = nsresult; bool IsExclusive = true]' at /home/lc/projekty/OpenKomodoIDE/mozilla/build/moz14000-ko14.10/mozilla/obj-x86_64-pc-linux-gnu/dist/include/mozilla/MozPromise.h:488:38:
 3:04.63 /home/lc/projekty/OpenKomodoIDE/mozilla/build/moz14000-ko14.10/mozilla/obj-x86_64-pc-linux-gnu/dist/include/mozilla/MozPromise.h:678:21: warning: 'this' pointer is null [-Wnonnull]
 3:04.63   678 |       aFrom->ChainTo(aTo.forget(), "<chained completion promise>");
 3:04.63       |       ~~~~~~~~~~~~~~^~~~~~~~~~~~~~~~~~~~~~~~~~~~~~~~~~~~~~~~~~~~~~
 3:04.63 /home/lc/projekty/OpenKomodoIDE/mozilla/build/moz14000-ko14.10/mozilla/obj-x86_64-pc-linux-gnu/dist/include/mozilla/MozPromise.h: In member function 'nsresult mozilla::MozPromise<ResolveValueT, RejectValueT, IsExclusive>::ThenValueBase::ResolveOrRejectRunnable::Run() [with ResolveValueT = mozilla::dom::quota::ClientDirectoryLockHandle; RejectValueT = nsresult; bool IsExclusive = true]':
 3:04.63 /home/lc/projekty/OpenKomodoIDE/mozilla/build/moz14000-ko14.10/mozilla/obj-x86_64-pc-linux-gnu/dist/include/mozilla/MozPromise.h:1191:8: note: in a call to non-static member function 'void mozilla::MozPromise<ResolveValueT, RejectValueT, IsExclusive>::ChainTo(already_AddRefed<Private>, mozilla::StaticString) [with ResolveValueT = mozilla::dom::quota::ClientDirectoryLockHandle; RejectValueT = nsresult; bool IsExclusive = true]'
 3:04.63  1191 |   void ChainTo(already_AddRefed<Private> aChainedPromise,
 3:04.63       |        ^~~~~~~
 3:11.07 In file included from /home/lc/projekty/OpenKomodoIDE/mozilla/build/moz14000-ko14.10/mozilla/obj-x86_64-pc-linux-gnu/dist/include/mozilla/dom/SafeRefPtr.h:16,
 3:11.07                  from /home/lc/projekty/OpenKomodoIDE/mozilla/build/moz14000-ko14.10/mozilla/obj-x86_64-pc-linux-gnu/dist/include/nsBaseHashtable.h:13,
 3:11.07                  from /home/lc/projekty/OpenKomodoIDE/mozilla/build/moz14000-ko14.10/mozilla/obj-x86_64-pc-linux-gnu/dist/include/nsTHashMap.h:13,
 3:11.07                  from /home/lc/projekty/OpenKomodoIDE/mozilla/build/moz14000-ko14.10/mozilla/obj-x86_64-pc-linux-gnu/dist/include/nsIWidget.h:43,
 3:11.07                  from /home/lc/projekty/OpenKomodoIDE/mozilla/build/moz14000-ko14.10/mozilla/obj-x86_64-pc-linux-gnu/dist/include/mozilla/BasicEvents.h:19,
 3:11.07                  from /home/lc/projekty/OpenKomodoIDE/mozilla/build/moz14000-ko14.10/mozilla/obj-x86_64-pc-linux-gnu/dist/include/nsContentUtils.h:33,
 3:11.07                  from /home/lc/projekty/OpenKomodoIDE/mozilla/build/moz14000-ko14.10/mozilla/obj-x86_64-pc-linux-gnu/dist/include/mozilla/dom/ClientState.h:14,
 3:11.07                  from /home/lc/projekty/OpenKomodoIDE/mozilla/build/moz14000-ko14.10/mozilla/obj-x86_64-pc-linux-gnu/dist/include/nsIGlobalObject.h:13,
 3:11.07                  from /home/lc/projekty/OpenKomodoIDE/mozilla/build/moz14000-ko14.10/mozilla/obj-x86_64-pc-linux-gnu/dist/include/mozilla/GlobalTeardownObserver.h:11,
 3:11.07                  from /home/lc/projekty/OpenKomodoIDE/mozilla/build/moz14000-ko14.10/mozilla/obj-x86_64-pc-linux-gnu/dist/include/mozilla/DOMEventTargetHelper.h:12,
 3:11.07                  from /home/lc/projekty/OpenKomodoIDE/mozilla/build/moz14000-ko14.10/mozilla/dom/closewatcher/CloseWatcher.h:10,
 3:11.07                  from /home/lc/projekty/OpenKomodoIDE/mozilla/build/moz14000-ko14.10/mozilla/dom/closewatcher/CloseWatcher.cpp:7,
 3:11.07                  from Unified_cpp_dom_closewatcher0.cpp:2:
 3:11.07 In constructor 'nsAutoTObserverArray<T, N>::Iterator::Iterator(nsTObserverArray_base::index_type, const array_type&) [with T = nsTObserverArray<RefPtr<mozilla::dom::CloseWatcher> >; long unsigned int N = 0]',
 3:11.07     inlined from 'nsAutoTObserverArray<T, N>::ForwardIterator::ForwardIterator(const array_type&) [with T = nsTObserverArray<RefPtr<mozilla::dom::CloseWatcher> >; long unsigned int N = 0]' at /home/lc/projekty/OpenKomodoIDE/mozilla/build/moz14000-ko14.10/mozilla/obj-x86_64-pc-linux-gnu/dist/include/nsTObserverArray.h:309:76,
 3:11.07     inlined from 'void mozilla::dom::CloseWatcherManager::Remove(mozilla::dom::CloseWatcher&)' at /home/lc/projekty/OpenKomodoIDE/mozilla/build/moz14000-ko14.10/mozilla/dom/closewatcher/CloseWatcherManager.cpp:70:50:
 3:11.07 /home/lc/projekty/OpenKomodoIDE/mozilla/build/moz14000-ko14.10/mozilla/obj-x86_64-pc-linux-gnu/dist/include/nsTObserverArray.h:282:25: warning: storing the address of local variable 'iter' in '((const array_type*)this)[1].nsAutoTObserverArray<nsTObserverArray<RefPtr<mozilla::dom::CloseWatcher> >, 0>::nsTObserverArray_base.nsTObserverArray_base::mIterators' [-Wdangling-pointer=]
 3:11.07   282 |       aArray.mIterators = this;
 3:11.07       |       ~~~~~~~~~~~~~~~~~~^~~~~~
 3:11.07 In file included from Unified_cpp_dom_closewatcher0.cpp:11:
 3:11.07 /home/lc/projekty/OpenKomodoIDE/mozilla/build/moz14000-ko14.10/mozilla/dom/closewatcher/CloseWatcherManager.cpp: In member function 'void mozilla::dom::CloseWatcherManager::Remove(mozilla::dom::CloseWatcher&)':
 3:11.07 /home/lc/projekty/OpenKomodoIDE/mozilla/build/moz14000-ko14.10/mozilla/dom/closewatcher/CloseWatcherManager.cpp:70:38: note: 'iter' declared here
 3:11.07    70 |   CloseWatcherArray::ForwardIterator iter(mGroups);
 3:11.07       |                                      ^~~~
 3:11.07 /home/lc/projekty/OpenKomodoIDE/mozilla/build/moz14000-ko14.10/mozilla/dom/closewatcher/CloseWatcherManager.cpp:69:56: note: 'this' declared here
 3:11.07    69 | void CloseWatcherManager::Remove(CloseWatcher& aWatcher) {
 3:11.07       |                                                        ^
 3:18.82 In file included from /home/lc/projekty/OpenKomodoIDE/mozilla/build/moz14000-ko14.10/mozilla/obj-x86_64-pc-linux-gnu/dist/include/mozilla/dom/ClientOpPromise.h:9,
 3:18.82                  from /home/lc/projekty/OpenKomodoIDE/mozilla/build/moz14000-ko14.10/mozilla/dom/clients/manager/ClientManager.h:9,
 3:18.82                  from /home/lc/projekty/OpenKomodoIDE/mozilla/build/moz14000-ko14.10/mozilla/dom/clients/manager/ClientChannelHelper.cpp:9,
 3:18.82                  from Unified_cpp_dom_clients_manager0.cpp:2:
 3:18.82 In static member function 'static void mozilla::MozPromise<ResolveValueT, RejectValueT, IsExclusive>::MaybeChain(PromiseType*, RefPtr<typename PromiseType::Private>&&) [with PromiseType = mozilla::MozPromise<mozilla::dom::ClientOpResult, mozilla::CopyableErrorResult, false>; ResolveValueT = mozilla::dom::ClientOpResult; RejectValueT = mozilla::CopyableErrorResult; bool IsExclusive = false]',
 3:18.82     inlined from 'void mozilla::MozPromise<ResolveValueT, RejectValueT, IsExclusive>::ThenValue<ResolveFunction, RejectFunction>::DoResolveOrRejectInternal(mozilla::MozPromise<ResolveValueT, RejectValueT, IsExclusive>::ResolveOrRejectValue&) [with ResolveFunction = mozilla::dom::ClientManagerOpParent::DoServiceOp<RefPtr<mozilla::MozPromise<mozilla::dom::ClientOpResult, mozilla::CopyableErrorResult, false> > (mozilla::dom::ClientManagerService::*)(mozilla::dom::ThreadsafeContentParentHandle*, const mozilla::dom::ClientOpenWindowArgs&), const mozilla::dom::ClientOpenWindowArgs&>(RefPtr<mozilla::MozPromise<mozilla::dom::ClientOpResult, mozilla::CopyableErrorResult, false> > (mozilla::dom::ClientManagerService::*)(mozilla::dom::ThreadsafeContentParentHandle*, const mozilla::dom::ClientOpenWindowArgs&), const mozilla::dom::ClientOpenWindowArgs&)::<lambda(const mozilla::dom::ClientOpResult&)>; RejectFunction = mozilla::dom::ClientManagerOpParent::DoServiceOp<RefPtr<mozilla::MozPromise<mozilla::dom::ClientOpResult, mozilla::CopyableErrorResult, false> > (mozilla::dom::ClientManagerService::*)(mozilla::dom::ThreadsafeContentParentHandle*, const mozilla::dom::ClientOpenWindowArgs&), const mozilla::dom::ClientOpenWindowArgs&>(RefPtr<mozilla::MozPromise<mozilla::dom::ClientOpResult, mozilla::CopyableErrorResult, false> > (mozilla::dom::ClientManagerService::*)(mozilla::dom::ThreadsafeContentParentHandle*, const mozilla::dom::ClientOpenWindowArgs&), const mozilla::dom::ClientOpenWindowArgs&)::<lambda(const mozilla::dom::PClientManagerOpParent::CopyableErrorResult&)>; ResolveValueT = mozilla::dom::ClientOpResult; RejectValueT = mozilla::CopyableErrorResult; bool IsExclusive = false]' at /home/lc/projekty/OpenKomodoIDE/mozilla/build/moz14000-ko14.10/mozilla/obj-x86_64-pc-linux-gnu/dist/include/mozilla/MozPromise.h:871:30:
 3:18.82 /home/lc/projekty/OpenKomodoIDE/mozilla/build/moz14000-ko14.10/mozilla/obj-x86_64-pc-linux-gnu/dist/include/mozilla/MozPromise.h:678:21: warning: 'this' pointer is null [-Wnonnull]
 3:18.82   678 |       aFrom->ChainTo(aTo.forget(), "<chained completion promise>");
 3:18.82       |       ~~~~~~~~~~~~~~^~~~~~~~~~~~~~~~~~~~~~~~~~~~~~~~~~~~~~~~~~~~~~
 3:18.82 /home/lc/projekty/OpenKomodoIDE/mozilla/build/moz14000-ko14.10/mozilla/obj-x86_64-pc-linux-gnu/dist/include/mozilla/MozPromise.h: In member function 'void mozilla::MozPromise<ResolveValueT, RejectValueT, IsExclusive>::ThenValue<ResolveFunction, RejectFunction>::DoResolveOrRejectInternal(mozilla::MozPromise<ResolveValueT, RejectValueT, IsExclusive>::ResolveOrRejectValue&) [with ResolveFunction = mozilla::dom::ClientManagerOpParent::DoServiceOp<RefPtr<mozilla::MozPromise<mozilla::dom::ClientOpResult, mozilla::CopyableErrorResult, false> > (mozilla::dom::ClientManagerService::*)(mozilla::dom::ThreadsafeContentParentHandle*, const mozilla::dom::ClientOpenWindowArgs&), const mozilla::dom::ClientOpenWindowArgs&>(RefPtr<mozilla::MozPromise<mozilla::dom::ClientOpResult, mozilla::CopyableErrorResult, false> > (mozilla::dom::ClientManagerService::*)(mozilla::dom::ThreadsafeContentParentHandle*, const mozilla::dom::ClientOpenWindowArgs&), const mozilla::dom::ClientOpenWindowArgs&)::<lambda(const mozilla::dom::ClientOpResult&)>; RejectFunction = mozilla::dom::ClientManagerOpParent::DoServiceOp<RefPtr<mozilla::MozPromise<mozilla::dom::ClientOpResult, mozilla::CopyableErrorResult, false> > (mozilla::dom::ClientManagerService::*)(mozilla::dom::ThreadsafeContentParentHandle*, const mozilla::dom::ClientOpenWindowArgs&), const mozilla::dom::ClientOpenWindowArgs&>(RefPtr<mozilla::MozPromise<mozilla::dom::ClientOpResult, mozilla::CopyableErrorResult, false> > (mozilla::dom::ClientManagerService::*)(mozilla::dom::ThreadsafeContentParentHandle*, const mozilla::dom::ClientOpenWindowArgs&), const mozilla::dom::ClientOpenWindowArgs&)::<lambda(const mozilla::dom::PClientManagerOpParent::CopyableErrorResult&)>; ResolveValueT = mozilla::dom::ClientOpResult; RejectValueT = mozilla::CopyableErrorResult; bool IsExclusive = false]':
 3:18.82 /home/lc/projekty/OpenKomodoIDE/mozilla/build/moz14000-ko14.10/mozilla/obj-x86_64-pc-linux-gnu/dist/include/mozilla/MozPromise.h:1191:8: note: in a call to non-static member function 'void mozilla::MozPromise<ResolveValueT, RejectValueT, IsExclusive>::ChainTo(already_AddRefed<Private>, mozilla::StaticString) [with ResolveValueT = mozilla::dom::ClientOpResult; RejectValueT = mozilla::CopyableErrorResult; bool IsExclusive = false]'
 3:18.82  1191 |   void ChainTo(already_AddRefed<Private> aChainedPromise,
 3:18.82       |        ^~~~~~~
 3:18.83 In static member function 'static void mozilla::MozPromise<ResolveValueT, RejectValueT, IsExclusive>::MaybeChain(PromiseType*, RefPtr<typename PromiseType::Private>&&) [with PromiseType = mozilla::MozPromise<mozilla::dom::ClientOpResult, mozilla::CopyableErrorResult, false>; ResolveValueT = mozilla::dom::ClientOpResult; RejectValueT = mozilla::CopyableErrorResult; bool IsExclusive = false]',
 3:18.83     inlined from 'void mozilla::MozPromise<ResolveValueT, RejectValueT, IsExclusive>::ThenValue<ResolveFunction, RejectFunction>::DoResolveOrRejectInternal(mozilla::MozPromise<ResolveValueT, RejectValueT, IsExclusive>::ResolveOrRejectValue&) [with ResolveFunction = mozilla::dom::ClientManagerOpParent::DoServiceOp<RefPtr<mozilla::MozPromise<mozilla::dom::ClientOpResult, mozilla::CopyableErrorResult, false> > (mozilla::dom::ClientManagerService::*)(mozilla::dom::ThreadsafeContentParentHandle*, const mozilla::dom::ClientGetInfoAndStateArgs&), const mozilla::dom::ClientGetInfoAndStateArgs&>(RefPtr<mozilla::MozPromise<mozilla::dom::ClientOpResult, mozilla::CopyableErrorResult, false> > (mozilla::dom::ClientManagerService::*)(mozilla::dom::ThreadsafeContentParentHandle*, const mozilla::dom::ClientGetInfoAndStateArgs&), const mozilla::dom::ClientGetInfoAndStateArgs&)::<lambda(const mozilla::dom::ClientOpResult&)>; RejectFunction = mozilla::dom::ClientManagerOpParent::DoServiceOp<RefPtr<mozilla::MozPromise<mozilla::dom::ClientOpResult, mozilla::CopyableErrorResult, false> > (mozilla::dom::ClientManagerService::*)(mozilla::dom::ThreadsafeContentParentHandle*, const mozilla::dom::ClientGetInfoAndStateArgs&), const mozilla::dom::ClientGetInfoAndStateArgs&>(RefPtr<mozilla::MozPromise<mozilla::dom::ClientOpResult, mozilla::CopyableErrorResult, false> > (mozilla::dom::ClientManagerService::*)(mozilla::dom::ThreadsafeContentParentHandle*, const mozilla::dom::ClientGetInfoAndStateArgs&), const mozilla::dom::ClientGetInfoAndStateArgs&)::<lambda(const mozilla::dom::PClientManagerOpParent::CopyableErrorResult&)>; ResolveValueT = mozilla::dom::ClientOpResult; RejectValueT = mozilla::CopyableErrorResult; bool IsExclusive = false]' at /home/lc/projekty/OpenKomodoIDE/mozilla/build/moz14000-ko14.10/mozilla/obj-x86_64-pc-linux-gnu/dist/include/mozilla/MozPromise.h:871:30:
 3:18.83 /home/lc/projekty/OpenKomodoIDE/mozilla/build/moz14000-ko14.10/mozilla/obj-x86_64-pc-linux-gnu/dist/include/mozilla/MozPromise.h:678:21: warning: 'this' pointer is null [-Wnonnull]
 3:18.83   678 |       aFrom->ChainTo(aTo.forget(), "<chained completion promise>");
 3:18.83       |       ~~~~~~~~~~~~~~^~~~~~~~~~~~~~~~~~~~~~~~~~~~~~~~~~~~~~~~~~~~~~
 3:18.83 /home/lc/projekty/OpenKomodoIDE/mozilla/build/moz14000-ko14.10/mozilla/obj-x86_64-pc-linux-gnu/dist/include/mozilla/MozPromise.h: In member function 'void mozilla::MozPromise<ResolveValueT, RejectValueT, IsExclusive>::ThenValue<ResolveFunction, RejectFunction>::DoResolveOrRejectInternal(mozilla::MozPromise<ResolveValueT, RejectValueT, IsExclusive>::ResolveOrRejectValue&) [with ResolveFunction = mozilla::dom::ClientManagerOpParent::DoServiceOp<RefPtr<mozilla::MozPromise<mozilla::dom::ClientOpResult, mozilla::CopyableErrorResult, false> > (mozilla::dom::ClientManagerService::*)(mozilla::dom::ThreadsafeContentParentHandle*, const mozilla::dom::ClientGetInfoAndStateArgs&), const mozilla::dom::ClientGetInfoAndStateArgs&>(RefPtr<mozilla::MozPromise<mozilla::dom::ClientOpResult, mozilla::CopyableErrorResult, false> > (mozilla::dom::ClientManagerService::*)(mozilla::dom::ThreadsafeContentParentHandle*, const mozilla::dom::ClientGetInfoAndStateArgs&), const mozilla::dom::ClientGetInfoAndStateArgs&)::<lambda(const mozilla::dom::ClientOpResult&)>; RejectFunction = mozilla::dom::ClientManagerOpParent::DoServiceOp<RefPtr<mozilla::MozPromise<mozilla::dom::ClientOpResult, mozilla::CopyableErrorResult, false> > (mozilla::dom::ClientManagerService::*)(mozilla::dom::ThreadsafeContentParentHandle*, const mozilla::dom::ClientGetInfoAndStateArgs&), const mozilla::dom::ClientGetInfoAndStateArgs&>(RefPtr<mozilla::MozPromise<mozilla::dom::ClientOpResult, mozilla::CopyableErrorResult, false> > (mozilla::dom::ClientManagerService::*)(mozilla::dom::ThreadsafeContentParentHandle*, const mozilla::dom::ClientGetInfoAndStateArgs&), const mozilla::dom::ClientGetInfoAndStateArgs&)::<lambda(const mozilla::dom::PClientManagerOpParent::CopyableErrorResult&)>; ResolveValueT = mozilla::dom::ClientOpResult; RejectValueT = mozilla::CopyableErrorResult; bool IsExclusive = false]':
 3:18.83 /home/lc/projekty/OpenKomodoIDE/mozilla/build/moz14000-ko14.10/mozilla/obj-x86_64-pc-linux-gnu/dist/include/mozilla/MozPromise.h:1191:8: note: in a call to non-static member function 'void mozilla::MozPromise<ResolveValueT, RejectValueT, IsExclusive>::ChainTo(already_AddRefed<Private>, mozilla::StaticString) [with ResolveValueT = mozilla::dom::ClientOpResult; RejectValueT = mozilla::CopyableErrorResult; bool IsExclusive = false]'
 3:18.83  1191 |   void ChainTo(already_AddRefed<Private> aChainedPromise,
 3:18.83       |        ^~~~~~~
 3:18.84 In static member function 'static void mozilla::MozPromise<ResolveValueT, RejectValueT, IsExclusive>::MaybeChain(PromiseType*, RefPtr<typename PromiseType::Private>&&) [with PromiseType = mozilla::MozPromise<mozilla::dom::ClientOpResult, mozilla::CopyableErrorResult, false>; ResolveValueT = mozilla::dom::ClientOpResult; RejectValueT = mozilla::CopyableErrorResult; bool IsExclusive = false]',
 3:18.85     inlined from 'void mozilla::MozPromise<ResolveValueT, RejectValueT, IsExclusive>::ThenValue<ResolveFunction, RejectFunction>::DoResolveOrRejectInternal(mozilla::MozPromise<ResolveValueT, RejectValueT, IsExclusive>::ResolveOrRejectValue&) [with ResolveFunction = mozilla::dom::ClientManagerOpParent::DoServiceOp<RefPtr<mozilla::MozPromise<mozilla::dom::ClientOpResult, mozilla::CopyableErrorResult, false> > (mozilla::dom::ClientManagerService::*)(mozilla::dom::ThreadsafeContentParentHandle*, const mozilla::dom::ClientClaimArgs&), const mozilla::dom::ClientClaimArgs&>(RefPtr<mozilla::MozPromise<mozilla::dom::ClientOpResult, mozilla::CopyableErrorResult, false> > (mozilla::dom::ClientManagerService::*)(mozilla::dom::ThreadsafeContentParentHandle*, const mozilla::dom::ClientClaimArgs&), const mozilla::dom::ClientClaimArgs&)::<lambda(const mozilla::dom::ClientOpResult&)>; RejectFunction = mozilla::dom::ClientManagerOpParent::DoServiceOp<RefPtr<mozilla::MozPromise<mozilla::dom::ClientOpResult, mozilla::CopyableErrorResult, false> > (mozilla::dom::ClientManagerService::*)(mozilla::dom::ThreadsafeContentParentHandle*, const mozilla::dom::ClientClaimArgs&), const mozilla::dom::ClientClaimArgs&>(RefPtr<mozilla::MozPromise<mozilla::dom::ClientOpResult, mozilla::CopyableErrorResult, false> > (mozilla::dom::ClientManagerService::*)(mozilla::dom::ThreadsafeContentParentHandle*, const mozilla::dom::ClientClaimArgs&), const mozilla::dom::ClientClaimArgs&)::<lambda(const mozilla::dom::PClientManagerOpParent::CopyableErrorResult&)>; ResolveValueT = mozilla::dom::ClientOpResult; RejectValueT = mozilla::CopyableErrorResult; bool IsExclusive = false]' at /home/lc/projekty/OpenKomodoIDE/mozilla/build/moz14000-ko14.10/mozilla/obj-x86_64-pc-linux-gnu/dist/include/mozilla/MozPromise.h:871:30:
 3:18.85 /home/lc/projekty/OpenKomodoIDE/mozilla/build/moz14000-ko14.10/mozilla/obj-x86_64-pc-linux-gnu/dist/include/mozilla/MozPromise.h:678:21: warning: 'this' pointer is null [-Wnonnull]
 3:18.85   678 |       aFrom->ChainTo(aTo.forget(), "<chained completion promise>");
 3:18.85       |       ~~~~~~~~~~~~~~^~~~~~~~~~~~~~~~~~~~~~~~~~~~~~~~~~~~~~~~~~~~~~
 3:18.85 /home/lc/projekty/OpenKomodoIDE/mozilla/build/moz14000-ko14.10/mozilla/obj-x86_64-pc-linux-gnu/dist/include/mozilla/MozPromise.h: In member function 'void mozilla::MozPromise<ResolveValueT, RejectValueT, IsExclusive>::ThenValue<ResolveFunction, RejectFunction>::DoResolveOrRejectInternal(mozilla::MozPromise<ResolveValueT, RejectValueT, IsExclusive>::ResolveOrRejectValue&) [with ResolveFunction = mozilla::dom::ClientManagerOpParent::DoServiceOp<RefPtr<mozilla::MozPromise<mozilla::dom::ClientOpResult, mozilla::CopyableErrorResult, false> > (mozilla::dom::ClientManagerService::*)(mozilla::dom::ThreadsafeContentParentHandle*, const mozilla::dom::ClientClaimArgs&), const mozilla::dom::ClientClaimArgs&>(RefPtr<mozilla::MozPromise<mozilla::dom::ClientOpResult, mozilla::CopyableErrorResult, false> > (mozilla::dom::ClientManagerService::*)(mozilla::dom::ThreadsafeContentParentHandle*, const mozilla::dom::ClientClaimArgs&), const mozilla::dom::ClientClaimArgs&)::<lambda(const mozilla::dom::ClientOpResult&)>; RejectFunction = mozilla::dom::ClientManagerOpParent::DoServiceOp<RefPtr<mozilla::MozPromise<mozilla::dom::ClientOpResult, mozilla::CopyableErrorResult, false> > (mozilla::dom::ClientManagerService::*)(mozilla::dom::ThreadsafeContentParentHandle*, const mozilla::dom::ClientClaimArgs&), const mozilla::dom::ClientClaimArgs&>(RefPtr<mozilla::MozPromise<mozilla::dom::ClientOpResult, mozilla::CopyableErrorResult, false> > (mozilla::dom::ClientManagerService::*)(mozilla::dom::ThreadsafeContentParentHandle*, const mozilla::dom::ClientClaimArgs&), const mozilla::dom::ClientClaimArgs&)::<lambda(const mozilla::dom::PClientManagerOpParent::CopyableErrorResult&)>; ResolveValueT = mozilla::dom::ClientOpResult; RejectValueT = mozilla::CopyableErrorResult; bool IsExclusive = false]':
 3:18.85 /home/lc/projekty/OpenKomodoIDE/mozilla/build/moz14000-ko14.10/mozilla/obj-x86_64-pc-linux-gnu/dist/include/mozilla/MozPromise.h:1191:8: note: in a call to non-static member function 'void mozilla::MozPromise<ResolveValueT, RejectValueT, IsExclusive>::ChainTo(already_AddRefed<Private>, mozilla::StaticString) [with ResolveValueT = mozilla::dom::ClientOpResult; RejectValueT = mozilla::CopyableErrorResult; bool IsExclusive = false]'
 3:18.85  1191 |   void ChainTo(already_AddRefed<Private> aChainedPromise,
 3:18.85       |        ^~~~~~~
 3:18.86 In static member function 'static void mozilla::MozPromise<ResolveValueT, RejectValueT, IsExclusive>::MaybeChain(PromiseType*, RefPtr<typename PromiseType::Private>&&) [with PromiseType = mozilla::MozPromise<mozilla::dom::ClientOpResult, mozilla::CopyableErrorResult, false>; ResolveValueT = mozilla::dom::ClientOpResult; RejectValueT = mozilla::CopyableErrorResult; bool IsExclusive = false]',
 3:18.86     inlined from 'void mozilla::MozPromise<ResolveValueT, RejectValueT, IsExclusive>::ThenValue<ResolveFunction, RejectFunction>::DoResolveOrRejectInternal(mozilla::MozPromise<ResolveValueT, RejectValueT, IsExclusive>::ResolveOrRejectValue&) [with ResolveFunction = mozilla::dom::ClientManagerOpParent::DoServiceOp<RefPtr<mozilla::MozPromise<mozilla::dom::ClientOpResult, mozilla::CopyableErrorResult, false> > (mozilla::dom::ClientManagerService::*)(mozilla::dom::ThreadsafeContentParentHandle*, const mozilla::dom::ClientMatchAllArgs&), const mozilla::dom::ClientMatchAllArgs&>(RefPtr<mozilla::MozPromise<mozilla::dom::ClientOpResult, mozilla::CopyableErrorResult, false> > (mozilla::dom::ClientManagerService::*)(mozilla::dom::ThreadsafeContentParentHandle*, const mozilla::dom::ClientMatchAllArgs&), const mozilla::dom::ClientMatchAllArgs&)::<lambda(const mozilla::dom::ClientOpResult&)>; RejectFunction = mozilla::dom::ClientManagerOpParent::DoServiceOp<RefPtr<mozilla::MozPromise<mozilla::dom::ClientOpResult, mozilla::CopyableErrorResult, false> > (mozilla::dom::ClientManagerService::*)(mozilla::dom::ThreadsafeContentParentHandle*, const mozilla::dom::ClientMatchAllArgs&), const mozilla::dom::ClientMatchAllArgs&>(RefPtr<mozilla::MozPromise<mozilla::dom::ClientOpResult, mozilla::CopyableErrorResult, false> > (mozilla::dom::ClientManagerService::*)(mozilla::dom::ThreadsafeContentParentHandle*, const mozilla::dom::ClientMatchAllArgs&), const mozilla::dom::ClientMatchAllArgs&)::<lambda(const mozilla::dom::PClientManagerOpParent::CopyableErrorResult&)>; ResolveValueT = mozilla::dom::ClientOpResult; RejectValueT = mozilla::CopyableErrorResult; bool IsExclusive = false]' at /home/lc/projekty/OpenKomodoIDE/mozilla/build/moz14000-ko14.10/mozilla/obj-x86_64-pc-linux-gnu/dist/include/mozilla/MozPromise.h:871:30:
 3:18.86 /home/lc/projekty/OpenKomodoIDE/mozilla/build/moz14000-ko14.10/mozilla/obj-x86_64-pc-linux-gnu/dist/include/mozilla/MozPromise.h:678:21: warning: 'this' pointer is null [-Wnonnull]
 3:18.86   678 |       aFrom->ChainTo(aTo.forget(), "<chained completion promise>");
 3:18.86       |       ~~~~~~~~~~~~~~^~~~~~~~~~~~~~~~~~~~~~~~~~~~~~~~~~~~~~~~~~~~~~
 3:18.86 /home/lc/projekty/OpenKomodoIDE/mozilla/build/moz14000-ko14.10/mozilla/obj-x86_64-pc-linux-gnu/dist/include/mozilla/MozPromise.h: In member function 'void mozilla::MozPromise<ResolveValueT, RejectValueT, IsExclusive>::ThenValue<ResolveFunction, RejectFunction>::DoResolveOrRejectInternal(mozilla::MozPromise<ResolveValueT, RejectValueT, IsExclusive>::ResolveOrRejectValue&) [with ResolveFunction = mozilla::dom::ClientManagerOpParent::DoServiceOp<RefPtr<mozilla::MozPromise<mozilla::dom::ClientOpResult, mozilla::CopyableErrorResult, false> > (mozilla::dom::ClientManagerService::*)(mozilla::dom::ThreadsafeContentParentHandle*, const mozilla::dom::ClientMatchAllArgs&), const mozilla::dom::ClientMatchAllArgs&>(RefPtr<mozilla::MozPromise<mozilla::dom::ClientOpResult, mozilla::CopyableErrorResult, false> > (mozilla::dom::ClientManagerService::*)(mozilla::dom::ThreadsafeContentParentHandle*, const mozilla::dom::ClientMatchAllArgs&), const mozilla::dom::ClientMatchAllArgs&)::<lambda(const mozilla::dom::ClientOpResult&)>; RejectFunction = mozilla::dom::ClientManagerOpParent::DoServiceOp<RefPtr<mozilla::MozPromise<mozilla::dom::ClientOpResult, mozilla::CopyableErrorResult, false> > (mozilla::dom::ClientManagerService::*)(mozilla::dom::ThreadsafeContentParentHandle*, const mozilla::dom::ClientMatchAllArgs&), const mozilla::dom::ClientMatchAllArgs&>(RefPtr<mozilla::MozPromise<mozilla::dom::ClientOpResult, mozilla::CopyableErrorResult, false> > (mozilla::dom::ClientManagerService::*)(mozilla::dom::ThreadsafeContentParentHandle*, const mozilla::dom::ClientMatchAllArgs&), const mozilla::dom::ClientMatchAllArgs&)::<lambda(const mozilla::dom::PClientManagerOpParent::CopyableErrorResult&)>; ResolveValueT = mozilla::dom::ClientOpResult; RejectValueT = mozilla::CopyableErrorResult; bool IsExclusive = false]':
 3:18.86 /home/lc/projekty/OpenKomodoIDE/mozilla/build/moz14000-ko14.10/mozilla/obj-x86_64-pc-linux-gnu/dist/include/mozilla/MozPromise.h:1191:8: note: in a call to non-static member function 'void mozilla::MozPromise<ResolveValueT, RejectValueT, IsExclusive>::ChainTo(already_AddRefed<Private>, mozilla::StaticString) [with ResolveValueT = mozilla::dom::ClientOpResult; RejectValueT = mozilla::CopyableErrorResult; bool IsExclusive = false]'
 3:18.86  1191 |   void ChainTo(already_AddRefed<Private> aChainedPromise,
 3:18.86       |        ^~~~~~~
 3:18.87 In static member function 'static void mozilla::MozPromise<ResolveValueT, RejectValueT, IsExclusive>::MaybeChain(PromiseType*, RefPtr<typename PromiseType::Private>&&) [with PromiseType = mozilla::MozPromise<mozilla::dom::ClientOpResult, mozilla::CopyableErrorResult, false>; ResolveValueT = mozilla::dom::ClientOpResult; RejectValueT = mozilla::CopyableErrorResult; bool IsExclusive = false]',
 3:18.87     inlined from 'void mozilla::MozPromise<ResolveValueT, RejectValueT, IsExclusive>::ThenValue<ResolveFunction, RejectFunction>::DoResolveOrRejectInternal(mozilla::MozPromise<ResolveValueT, RejectValueT, IsExclusive>::ResolveOrRejectValue&) [with ResolveFunction = mozilla::dom::ClientManagerOpParent::DoServiceOp<RefPtr<mozilla::MozPromise<mozilla::dom::ClientOpResult, mozilla::CopyableErrorResult, false> > (mozilla::dom::ClientManagerService::*)(mozilla::dom::ThreadsafeContentParentHandle*, const mozilla::dom::ClientNavigateArgs&), const mozilla::dom::ClientNavigateArgs&>(RefPtr<mozilla::MozPromise<mozilla::dom::ClientOpResult, mozilla::CopyableErrorResult, false> > (mozilla::dom::ClientManagerService::*)(mozilla::dom::ThreadsafeContentParentHandle*, const mozilla::dom::ClientNavigateArgs&), const mozilla::dom::ClientNavigateArgs&)::<lambda(const mozilla::dom::ClientOpResult&)>; RejectFunction = mozilla::dom::ClientManagerOpParent::DoServiceOp<RefPtr<mozilla::MozPromise<mozilla::dom::ClientOpResult, mozilla::CopyableErrorResult, false> > (mozilla::dom::ClientManagerService::*)(mozilla::dom::ThreadsafeContentParentHandle*, const mozilla::dom::ClientNavigateArgs&), const mozilla::dom::ClientNavigateArgs&>(RefPtr<mozilla::MozPromise<mozilla::dom::ClientOpResult, mozilla::CopyableErrorResult, false> > (mozilla::dom::ClientManagerService::*)(mozilla::dom::ThreadsafeContentParentHandle*, const mozilla::dom::ClientNavigateArgs&), const mozilla::dom::ClientNavigateArgs&)::<lambda(const mozilla::dom::PClientManagerOpParent::CopyableErrorResult&)>; ResolveValueT = mozilla::dom::ClientOpResult; RejectValueT = mozilla::CopyableErrorResult; bool IsExclusive = false]' at /home/lc/projekty/OpenKomodoIDE/mozilla/build/moz14000-ko14.10/mozilla/obj-x86_64-pc-linux-gnu/dist/include/mozilla/MozPromise.h:871:30:
 3:18.87 /home/lc/projekty/OpenKomodoIDE/mozilla/build/moz14000-ko14.10/mozilla/obj-x86_64-pc-linux-gnu/dist/include/mozilla/MozPromise.h:678:21: warning: 'this' pointer is null [-Wnonnull]
 3:18.87   678 |       aFrom->ChainTo(aTo.forget(), "<chained completion promise>");
 3:18.87       |       ~~~~~~~~~~~~~~^~~~~~~~~~~~~~~~~~~~~~~~~~~~~~~~~~~~~~~~~~~~~~
 3:18.87 /home/lc/projekty/OpenKomodoIDE/mozilla/build/moz14000-ko14.10/mozilla/obj-x86_64-pc-linux-gnu/dist/include/mozilla/MozPromise.h: In member function 'void mozilla::MozPromise<ResolveValueT, RejectValueT, IsExclusive>::ThenValue<ResolveFunction, RejectFunction>::DoResolveOrRejectInternal(mozilla::MozPromise<ResolveValueT, RejectValueT, IsExclusive>::ResolveOrRejectValue&) [with ResolveFunction = mozilla::dom::ClientManagerOpParent::DoServiceOp<RefPtr<mozilla::MozPromise<mozilla::dom::ClientOpResult, mozilla::CopyableErrorResult, false> > (mozilla::dom::ClientManagerService::*)(mozilla::dom::ThreadsafeContentParentHandle*, const mozilla::dom::ClientNavigateArgs&), const mozilla::dom::ClientNavigateArgs&>(RefPtr<mozilla::MozPromise<mozilla::dom::ClientOpResult, mozilla::CopyableErrorResult, false> > (mozilla::dom::ClientManagerService::*)(mozilla::dom::ThreadsafeContentParentHandle*, const mozilla::dom::ClientNavigateArgs&), const mozilla::dom::ClientNavigateArgs&)::<lambda(const mozilla::dom::ClientOpResult&)>; RejectFunction = mozilla::dom::ClientManagerOpParent::DoServiceOp<RefPtr<mozilla::MozPromise<mozilla::dom::ClientOpResult, mozilla::CopyableErrorResult, false> > (mozilla::dom::ClientManagerService::*)(mozilla::dom::ThreadsafeContentParentHandle*, const mozilla::dom::ClientNavigateArgs&), const mozilla::dom::ClientNavigateArgs&>(RefPtr<mozilla::MozPromise<mozilla::dom::ClientOpResult, mozilla::CopyableErrorResult, false> > (mozilla::dom::ClientManagerService::*)(mozilla::dom::ThreadsafeContentParentHandle*, const mozilla::dom::ClientNavigateArgs&), const mozilla::dom::ClientNavigateArgs&)::<lambda(const mozilla::dom::PClientManagerOpParent::CopyableErrorResult&)>; ResolveValueT = mozilla::dom::ClientOpResult; RejectValueT = mozilla::CopyableErrorResult; bool IsExclusive = false]':
 3:18.87 /home/lc/projekty/OpenKomodoIDE/mozilla/build/moz14000-ko14.10/mozilla/obj-x86_64-pc-linux-gnu/dist/include/mozilla/MozPromise.h:1191:8: note: in a call to non-static member function 'void mozilla::MozPromise<ResolveValueT, RejectValueT, IsExclusive>::ChainTo(already_AddRefed<Private>, mozilla::StaticString) [with ResolveValueT = mozilla::dom::ClientOpResult; RejectValueT = mozilla::CopyableErrorResult; bool IsExclusive = false]'
 3:18.87  1191 |   void ChainTo(already_AddRefed<Private> aChainedPromise,
 3:18.87       |        ^~~~~~~
 3:18.89 In static member function 'static void mozilla::MozPromise<ResolveValueT, RejectValueT, IsExclusive>::MaybeChain(PromiseType*, RefPtr<typename PromiseType::Private>&&) [with PromiseType = mozilla::MozPromise<mozilla::dom::ClientOpResult, mozilla::CopyableErrorResult, false>; ResolveValueT = mozilla::dom::ClientOpResult; RejectValueT = mozilla::CopyableErrorResult; bool IsExclusive = false]',
 3:18.89     inlined from 'void mozilla::MozPromise<ResolveValueT, RejectValueT, IsExclusive>::ThenValue<ResolveFunction, RejectFunction>::DoResolveOrRejectInternal(mozilla::MozPromise<ResolveValueT, RejectValueT, IsExclusive>::ResolveOrRejectValue&) [with ResolveFunction = mozilla::dom::ClientHandleOpParent::Init(mozilla::dom::PClientHandleOpParent::ClientOpConstructorArgs&&)::<lambda(bool)> mutable::<lambda(const mozilla::dom::PClientHandleOpParent::ClientOpResult&)>; RejectFunction = mozilla::dom::ClientHandleOpParent::Init(mozilla::dom::PClientHandleOpParent::ClientOpConstructorArgs&&)::<lambda(bool)> mutable::<lambda(const mozilla::dom::PClientHandleOpParent::CopyableErrorResult&)>; ResolveValueT = mozilla::dom::ClientOpResult; RejectValueT = mozilla::CopyableErrorResult; bool IsExclusive = false]' at /home/lc/projekty/OpenKomodoIDE/mozilla/build/moz14000-ko14.10/mozilla/obj-x86_64-pc-linux-gnu/dist/include/mozilla/MozPromise.h:871:30:
 3:18.89 /home/lc/projekty/OpenKomodoIDE/mozilla/build/moz14000-ko14.10/mozilla/obj-x86_64-pc-linux-gnu/dist/include/mozilla/MozPromise.h:678:21: warning: 'this' pointer is null [-Wnonnull]
 3:18.89   678 |       aFrom->ChainTo(aTo.forget(), "<chained completion promise>");
 3:18.89       |       ~~~~~~~~~~~~~~^~~~~~~~~~~~~~~~~~~~~~~~~~~~~~~~~~~~~~~~~~~~~~
 3:18.89 /home/lc/projekty/OpenKomodoIDE/mozilla/build/moz14000-ko14.10/mozilla/obj-x86_64-pc-linux-gnu/dist/include/mozilla/MozPromise.h: In member function 'void mozilla::MozPromise<ResolveValueT, RejectValueT, IsExclusive>::ThenValue<ResolveFunction, RejectFunction>::DoResolveOrRejectInternal(mozilla::MozPromise<ResolveValueT, RejectValueT, IsExclusive>::ResolveOrRejectValue&) [with ResolveFunction = mozilla::dom::ClientHandleOpParent::Init(mozilla::dom::PClientHandleOpParent::ClientOpConstructorArgs&&)::<lambda(bool)> mutable::<lambda(const mozilla::dom::PClientHandleOpParent::ClientOpResult&)>; RejectFunction = mozilla::dom::ClientHandleOpParent::Init(mozilla::dom::PClientHandleOpParent::ClientOpConstructorArgs&&)::<lambda(bool)> mutable::<lambda(const mozilla::dom::PClientHandleOpParent::CopyableErrorResult&)>; ResolveValueT = mozilla::dom::ClientOpResult; RejectValueT = mozilla::CopyableErrorResult; bool IsExclusive = false]':
 3:18.89 /home/lc/projekty/OpenKomodoIDE/mozilla/build/moz14000-ko14.10/mozilla/obj-x86_64-pc-linux-gnu/dist/include/mozilla/MozPromise.h:1191:8: note: in a call to non-static member function 'void mozilla::MozPromise<ResolveValueT, RejectValueT, IsExclusive>::ChainTo(already_AddRefed<Private>, mozilla::StaticString) [with ResolveValueT = mozilla::dom::ClientOpResult; RejectValueT = mozilla::CopyableErrorResult; bool IsExclusive = false]'
 3:18.89  1191 |   void ChainTo(already_AddRefed<Private> aChainedPromise,
 3:18.89       |        ^~~~~~~
 3:18.90 In static member function 'static void mozilla::MozPromise<ResolveValueT, RejectValueT, IsExclusive>::MaybeChain(PromiseType*, RefPtr<typename PromiseType::Private>&&) [with PromiseType = mozilla::MozPromise<mozilla::dom::ClientOpResult, mozilla::CopyableErrorResult, false>; ResolveValueT = mozilla::dom::ClientOpResult; RejectValueT = mozilla::CopyableErrorResult; bool IsExclusive = false]',
 3:18.90     inlined from 'void mozilla::MozPromise<ResolveValueT, RejectValueT, IsExclusive>::ThenValue<ResolveFunction, RejectFunction>::DoResolveOrRejectInternal(mozilla::MozPromise<ResolveValueT, RejectValueT, IsExclusive>::ResolveOrRejectValue&) [with ResolveFunction = mozilla::dom::ClientNavigateOpChild::Init(const mozilla::dom::PClientNavigateOpChild::ClientNavigateOpConstructorArgs&)::<lambda(const mozilla::dom::PClientNavigateOpChild::ClientOpResult&)>; RejectFunction = mozilla::dom::ClientNavigateOpChild::Init(const mozilla::dom::PClientNavigateOpChild::ClientNavigateOpConstructorArgs&)::<lambda(const mozilla::dom::PClientNavigateOpChild::CopyableErrorResult&)>; ResolveValueT = mozilla::dom::ClientOpResult; RejectValueT = mozilla::CopyableErrorResult; bool IsExclusive = false]' at /home/lc/projekty/OpenKomodoIDE/mozilla/build/moz14000-ko14.10/mozilla/obj-x86_64-pc-linux-gnu/dist/include/mozilla/MozPromise.h:871:30:
 3:18.90 /home/lc/projekty/OpenKomodoIDE/mozilla/build/moz14000-ko14.10/mozilla/obj-x86_64-pc-linux-gnu/dist/include/mozilla/MozPromise.h:678:21: warning: 'this' pointer is null [-Wnonnull]
 3:18.90   678 |       aFrom->ChainTo(aTo.forget(), "<chained completion promise>");
 3:18.90       |       ~~~~~~~~~~~~~~^~~~~~~~~~~~~~~~~~~~~~~~~~~~~~~~~~~~~~~~~~~~~~
 3:18.90 /home/lc/projekty/OpenKomodoIDE/mozilla/build/moz14000-ko14.10/mozilla/obj-x86_64-pc-linux-gnu/dist/include/mozilla/MozPromise.h: In member function 'void mozilla::MozPromise<ResolveValueT, RejectValueT, IsExclusive>::ThenValue<ResolveFunction, RejectFunction>::DoResolveOrRejectInternal(mozilla::MozPromise<ResolveValueT, RejectValueT, IsExclusive>::ResolveOrRejectValue&) [with ResolveFunction = mozilla::dom::ClientNavigateOpChild::Init(const mozilla::dom::PClientNavigateOpChild::ClientNavigateOpConstructorArgs&)::<lambda(const mozilla::dom::PClientNavigateOpChild::ClientOpResult&)>; RejectFunction = mozilla::dom::ClientNavigateOpChild::Init(const mozilla::dom::PClientNavigateOpChild::ClientNavigateOpConstructorArgs&)::<lambda(const mozilla::dom::PClientNavigateOpChild::CopyableErrorResult&)>; ResolveValueT = mozilla::dom::ClientOpResult; RejectValueT = mozilla::CopyableErrorResult; bool IsExclusive = false]':
 3:18.90 /home/lc/projekty/OpenKomodoIDE/mozilla/build/moz14000-ko14.10/mozilla/obj-x86_64-pc-linux-gnu/dist/include/mozilla/MozPromise.h:1191:8: note: in a call to non-static member function 'void mozilla::MozPromise<ResolveValueT, RejectValueT, IsExclusive>::ChainTo(already_AddRefed<Private>, mozilla::StaticString) [with ResolveValueT = mozilla::dom::ClientOpResult; RejectValueT = mozilla::CopyableErrorResult; bool IsExclusive = false]'
 3:18.90  1191 |   void ChainTo(already_AddRefed<Private> aChainedPromise,
 3:18.90       |        ^~~~~~~
 3:18.95 In static member function 'static void mozilla::MozPromise<ResolveValueT, RejectValueT, IsExclusive>::MaybeChain(PromiseType*, RefPtr<typename PromiseType::Private>&&) [with PromiseType = mozilla::MozPromise<mozilla::dom::ClientOpResult, mozilla::CopyableErrorResult, false>; ResolveValueT = mozilla::dom::ClientOpResult; RejectValueT = mozilla::CopyableErrorResult; bool IsExclusive = false]',
 3:18.95     inlined from 'void mozilla::MozPromise<ResolveValueT, RejectValueT, IsExclusive>::ThenValue<ResolveFunction, RejectFunction>::DoResolveOrRejectInternal(mozilla::MozPromise<ResolveValueT, RejectValueT, IsExclusive>::ResolveOrRejectValue&) [with ResolveFunction = mozilla::dom::{anonymous}::PromiseListHolder::AddPromise(RefPtr<mozilla::MozPromise<mozilla::dom::ClientOpResult, mozilla::CopyableErrorResult, false> >&&)::<lambda(const mozilla::dom::ClientOpResult&)>; RejectFunction = mozilla::dom::{anonymous}::PromiseListHolder::AddPromise(RefPtr<mozilla::MozPromise<mozilla::dom::ClientOpResult, mozilla::CopyableErrorResult, false> >&&)::<lambda(const mozilla::CopyableErrorResult&)>; ResolveValueT = mozilla::dom::ClientOpResult; RejectValueT = mozilla::CopyableErrorResult; bool IsExclusive = false]' at /home/lc/projekty/OpenKomodoIDE/mozilla/build/moz14000-ko14.10/mozilla/obj-x86_64-pc-linux-gnu/dist/include/mozilla/MozPromise.h:871:30:
 3:18.95 /home/lc/projekty/OpenKomodoIDE/mozilla/build/moz14000-ko14.10/mozilla/obj-x86_64-pc-linux-gnu/dist/include/mozilla/MozPromise.h:678:21: warning: 'this' pointer is null [-Wnonnull]
 3:18.95   678 |       aFrom->ChainTo(aTo.forget(), "<chained completion promise>");
 3:18.95       |       ~~~~~~~~~~~~~~^~~~~~~~~~~~~~~~~~~~~~~~~~~~~~~~~~~~~~~~~~~~~~
 3:18.95 /home/lc/projekty/OpenKomodoIDE/mozilla/build/moz14000-ko14.10/mozilla/obj-x86_64-pc-linux-gnu/dist/include/mozilla/MozPromise.h: In member function 'void mozilla::MozPromise<ResolveValueT, RejectValueT, IsExclusive>::ThenValue<ResolveFunction, RejectFunction>::DoResolveOrRejectInternal(mozilla::MozPromise<ResolveValueT, RejectValueT, IsExclusive>::ResolveOrRejectValue&) [with ResolveFunction = mozilla::dom::{anonymous}::PromiseListHolder::AddPromise(RefPtr<mozilla::MozPromise<mozilla::dom::ClientOpResult, mozilla::CopyableErrorResult, false> >&&)::<lambda(const mozilla::dom::ClientOpResult&)>; RejectFunction = mozilla::dom::{anonymous}::PromiseListHolder::AddPromise(RefPtr<mozilla::MozPromise<mozilla::dom::ClientOpResult, mozilla::CopyableErrorResult, false> >&&)::<lambda(const mozilla::CopyableErrorResult&)>; ResolveValueT = mozilla::dom::ClientOpResult; RejectValueT = mozilla::CopyableErrorResult; bool IsExclusive = false]':
 3:18.95 /home/lc/projekty/OpenKomodoIDE/mozilla/build/moz14000-ko14.10/mozilla/obj-x86_64-pc-linux-gnu/dist/include/mozilla/MozPromise.h:1191:8: note: in a call to non-static member function 'void mozilla::MozPromise<ResolveValueT, RejectValueT, IsExclusive>::ChainTo(already_AddRefed<Private>, mozilla::StaticString) [with ResolveValueT = mozilla::dom::ClientOpResult; RejectValueT = mozilla::CopyableErrorResult; bool IsExclusive = false]'
 3:18.95  1191 |   void ChainTo(already_AddRefed<Private> aChainedPromise,
 3:18.95       |        ^~~~~~~
 3:19.06 In static member function 'static void mozilla::MozPromise<ResolveValueT, RejectValueT, IsExclusive>::MaybeChain(PromiseType*, RefPtr<typename PromiseType::Private>&&) [with PromiseType = mozilla::MozPromise<bool, mozilla::CopyableErrorResult, true>; ResolveValueT = bool; RejectValueT = mozilla::CopyableErrorResult; bool IsExclusive = true]',
 3:19.06     inlined from 'void mozilla::MozPromise<ResolveValueT, RejectValueT, IsExclusive>::ThenValue<ResolveFunction, RejectFunction>::DoResolveOrRejectInternal(mozilla::MozPromise<ResolveValueT, RejectValueT, IsExclusive>::ResolveOrRejectValue&) [with ResolveFunction = mozilla::dom::{anonymous}::ClaimOnMainThread(const mozilla::dom::ClientInfo&, const mozilla::dom::ServiceWorkerDescriptor&)::<lambda()>::<lambda(bool)>; RejectFunction = mozilla::dom::{anonymous}::ClaimOnMainThread(const mozilla::dom::ClientInfo&, const mozilla::dom::ServiceWorkerDescriptor&)::<lambda()>::<lambda(const mozilla::CopyableErrorResult&)>; ResolveValueT = bool; RejectValueT = mozilla::CopyableErrorResult; bool IsExclusive = true]' at /home/lc/projekty/OpenKomodoIDE/mozilla/build/moz14000-ko14.10/mozilla/obj-x86_64-pc-linux-gnu/dist/include/mozilla/MozPromise.h:871:30:
 3:19.06 /home/lc/projekty/OpenKomodoIDE/mozilla/build/moz14000-ko14.10/mozilla/obj-x86_64-pc-linux-gnu/dist/include/mozilla/MozPromise.h:678:21: warning: 'this' pointer is null [-Wnonnull]
 3:19.06   678 |       aFrom->ChainTo(aTo.forget(), "<chained completion promise>");
 3:19.06       |       ~~~~~~~~~~~~~~^~~~~~~~~~~~~~~~~~~~~~~~~~~~~~~~~~~~~~~~~~~~~~
 3:19.06 /home/lc/projekty/OpenKomodoIDE/mozilla/build/moz14000-ko14.10/mozilla/obj-x86_64-pc-linux-gnu/dist/include/mozilla/MozPromise.h: In member function 'void mozilla::MozPromise<ResolveValueT, RejectValueT, IsExclusive>::ThenValue<ResolveFunction, RejectFunction>::DoResolveOrRejectInternal(mozilla::MozPromise<ResolveValueT, RejectValueT, IsExclusive>::ResolveOrRejectValue&) [with ResolveFunction = mozilla::dom::{anonymous}::ClaimOnMainThread(const mozilla::dom::ClientInfo&, const mozilla::dom::ServiceWorkerDescriptor&)::<lambda()>::<lambda(bool)>; RejectFunction = mozilla::dom::{anonymous}::ClaimOnMainThread(const mozilla::dom::ClientInfo&, const mozilla::dom::ServiceWorkerDescriptor&)::<lambda()>::<lambda(const mozilla::CopyableErrorResult&)>; ResolveValueT = bool; RejectValueT = mozilla::CopyableErrorResult; bool IsExclusive = true]':
 3:19.06 /home/lc/projekty/OpenKomodoIDE/mozilla/build/moz14000-ko14.10/mozilla/obj-x86_64-pc-linux-gnu/dist/include/mozilla/MozPromise.h:1191:8: note: in a call to non-static member function 'void mozilla::MozPromise<ResolveValueT, RejectValueT, IsExclusive>::ChainTo(already_AddRefed<Private>, mozilla::StaticString) [with ResolveValueT = bool; RejectValueT = mozilla::CopyableErrorResult; bool IsExclusive = true]'
 3:19.06  1191 |   void ChainTo(already_AddRefed<Private> aChainedPromise,
 3:19.06       |        ^~~~~~~
 3:19.10 In static member function 'static void mozilla::MozPromise<ResolveValueT, RejectValueT, IsExclusive>::MaybeChain(PromiseType*, RefPtr<typename PromiseType::Private>&&) [with PromiseType = mozilla::MozPromise<bool, nsresult, true>; ResolveValueT = bool; RejectValueT = nsresult; bool IsExclusive = true]',
 3:19.10     inlined from 'void mozilla::MozPromise<ResolveValueT, RejectValueT, IsExclusive>::ThenValue<ResolveRejectFunction>::DoResolveOrRejectInternal(mozilla::MozPromise<ResolveValueT, RejectValueT, IsExclusive>::ResolveOrRejectValue&) [with ResolveRejectFunction = mozilla::dom::ClientManagerService::ClientManagerService()::<lambda()>; ResolveValueT = bool; RejectValueT = nsresult; bool IsExclusive = true]' at /home/lc/projekty/OpenKomodoIDE/mozilla/build/moz14000-ko14.10/mozilla/obj-x86_64-pc-linux-gnu/dist/include/mozilla/MozPromise.h:933:30:
 3:19.10 /home/lc/projekty/OpenKomodoIDE/mozilla/build/moz14000-ko14.10/mozilla/obj-x86_64-pc-linux-gnu/dist/include/mozilla/MozPromise.h:678:21: warning: 'this' pointer is null [-Wnonnull]
 3:19.10   678 |       aFrom->ChainTo(aTo.forget(), "<chained completion promise>");
 3:19.10       |       ~~~~~~~~~~~~~~^~~~~~~~~~~~~~~~~~~~~~~~~~~~~~~~~~~~~~~~~~~~~~
 3:19.10 /home/lc/projekty/OpenKomodoIDE/mozilla/build/moz14000-ko14.10/mozilla/obj-x86_64-pc-linux-gnu/dist/include/mozilla/MozPromise.h: In member function 'void mozilla::MozPromise<ResolveValueT, RejectValueT, IsExclusive>::ThenValue<ResolveRejectFunction>::DoResolveOrRejectInternal(mozilla::MozPromise<ResolveValueT, RejectValueT, IsExclusive>::ResolveOrRejectValue&) [with ResolveRejectFunction = mozilla::dom::ClientManagerService::ClientManagerService()::<lambda()>; ResolveValueT = bool; RejectValueT = nsresult; bool IsExclusive = true]':
 3:19.10 /home/lc/projekty/OpenKomodoIDE/mozilla/build/moz14000-ko14.10/mozilla/obj-x86_64-pc-linux-gnu/dist/include/mozilla/MozPromise.h:1191:8: note: in a call to non-static member function 'void mozilla::MozPromise<ResolveValueT, RejectValueT, IsExclusive>::ChainTo(already_AddRefed<Private>, mozilla::StaticString) [with ResolveValueT = bool; RejectValueT = nsresult; bool IsExclusive = true]'
 3:19.10  1191 |   void ChainTo(already_AddRefed<Private> aChainedPromise,
 3:19.10       |        ^~~~~~~
 3:19.12 In static member function 'static void mozilla::MozPromise<ResolveValueT, RejectValueT, IsExclusive>::MaybeChain(PromiseType*, RefPtr<typename PromiseType::Private>&&) [with PromiseType = mozilla::MozPromise<bool, nsresult, true>; ResolveValueT = bool; RejectValueT = nsresult; bool IsExclusive = true]',
 3:19.12     inlined from 'void mozilla::MozPromise<ResolveValueT, RejectValueT, IsExclusive>::ThenValue<ResolveRejectFunction>::DoResolveOrRejectInternal(mozilla::MozPromise<ResolveValueT, RejectValueT, IsExclusive>::ResolveOrRejectValue&) [with ResolveRejectFunction = mozilla::dom::ClientManagerService::ClientManagerService()::<lambda()>; ResolveValueT = bool; RejectValueT = nsresult; bool IsExclusive = true]' at /home/lc/projekty/OpenKomodoIDE/mozilla/build/moz14000-ko14.10/mozilla/obj-x86_64-pc-linux-gnu/dist/include/mozilla/MozPromise.h:933:30,
 3:19.12     inlined from 'void mozilla::MozPromise<ResolveValueT, RejectValueT, IsExclusive>::ThenValueBase::DoResolveOrReject(mozilla::MozPromise<ResolveValueT, RejectValueT, IsExclusive>::ResolveOrRejectValue&) [with ResolveValueT = bool; RejectValueT = nsresult; bool IsExclusive = true]' at /home/lc/projekty/OpenKomodoIDE/mozilla/build/moz14000-ko14.10/mozilla/obj-x86_64-pc-linux-gnu/dist/include/mozilla/MozPromise.h:621:32,
 3:19.12     inlined from 'nsresult mozilla::MozPromise<ResolveValueT, RejectValueT, IsExclusive>::ThenValueBase::ResolveOrRejectRunnable::Run() [with ResolveValueT = bool; RejectValueT = nsresult; bool IsExclusive = true]' at /home/lc/projekty/OpenKomodoIDE/mozilla/build/moz14000-ko14.10/mozilla/obj-x86_64-pc-linux-gnu/dist/include/mozilla/MozPromise.h:488:38:
 3:19.12 /home/lc/projekty/OpenKomodoIDE/mozilla/build/moz14000-ko14.10/mozilla/obj-x86_64-pc-linux-gnu/dist/include/mozilla/MozPromise.h:678:21: warning: 'this' pointer is null [-Wnonnull]
 3:19.12   678 |       aFrom->ChainTo(aTo.forget(), "<chained completion promise>");
 3:19.12       |       ~~~~~~~~~~~~~~^~~~~~~~~~~~~~~~~~~~~~~~~~~~~~~~~~~~~~~~~~~~~~
 3:19.12 /home/lc/projekty/OpenKomodoIDE/mozilla/build/moz14000-ko14.10/mozilla/obj-x86_64-pc-linux-gnu/dist/include/mozilla/MozPromise.h: In member function 'nsresult mozilla::MozPromise<ResolveValueT, RejectValueT, IsExclusive>::ThenValueBase::ResolveOrRejectRunnable::Run() [with ResolveValueT = bool; RejectValueT = nsresult; bool IsExclusive = true]':
 3:19.12 /home/lc/projekty/OpenKomodoIDE/mozilla/build/moz14000-ko14.10/mozilla/obj-x86_64-pc-linux-gnu/dist/include/mozilla/MozPromise.h:1191:8: note: in a call to non-static member function 'void mozilla::MozPromise<ResolveValueT, RejectValueT, IsExclusive>::ChainTo(already_AddRefed<Private>, mozilla::StaticString) [with ResolveValueT = bool; RejectValueT = nsresult; bool IsExclusive = true]'
 3:19.12  1191 |   void ChainTo(already_AddRefed<Private> aChainedPromise,
 3:19.12       |        ^~~~~~~
 3:19.19 In static member function 'static void mozilla::MozPromise<ResolveValueT, RejectValueT, IsExclusive>::MaybeChain(PromiseType*, RefPtr<typename PromiseType::Private>&&) [with PromiseType = mozilla::MozPromise<bool, mozilla::CopyableErrorResult, false>; ResolveValueT = bool; RejectValueT = mozilla::CopyableErrorResult; bool IsExclusive = false]',
 3:19.19     inlined from 'void mozilla::MozPromise<ResolveValueT, RejectValueT, IsExclusive>::ThenValue<ResolveFunction, RejectFunction>::DoResolveOrRejectInternal(mozilla::MozPromise<ResolveValueT, RejectValueT, IsExclusive>::ResolveOrRejectValue&) [with ResolveFunction = mozilla::dom::ClientHandleParent::Init(const mozilla::dom::PClientHandleParent::IPCClientInfo&)::<lambda(bool)>; RejectFunction = mozilla::dom::ClientHandleParent::Init(const mozilla::dom::PClientHandleParent::IPCClientInfo&)::<lambda(const mozilla::dom::PClientHandleParent::CopyableErrorResult&)>; ResolveValueT = bool; RejectValueT = mozilla::CopyableErrorResult; bool IsExclusive = false]' at /home/lc/projekty/OpenKomodoIDE/mozilla/build/moz14000-ko14.10/mozilla/obj-x86_64-pc-linux-gnu/dist/include/mozilla/MozPromise.h:871:30:
 3:19.19 /home/lc/projekty/OpenKomodoIDE/mozilla/build/moz14000-ko14.10/mozilla/obj-x86_64-pc-linux-gnu/dist/include/mozilla/MozPromise.h:678:21: warning: 'this' pointer is null [-Wnonnull]
 3:19.19   678 |       aFrom->ChainTo(aTo.forget(), "<chained completion promise>");
 3:19.19       |       ~~~~~~~~~~~~~~^~~~~~~~~~~~~~~~~~~~~~~~~~~~~~~~~~~~~~~~~~~~~~
 3:19.19 /home/lc/projekty/OpenKomodoIDE/mozilla/build/moz14000-ko14.10/mozilla/obj-x86_64-pc-linux-gnu/dist/include/mozilla/MozPromise.h: In member function 'void mozilla::MozPromise<ResolveValueT, RejectValueT, IsExclusive>::ThenValue<ResolveFunction, RejectFunction>::DoResolveOrRejectInternal(mozilla::MozPromise<ResolveValueT, RejectValueT, IsExclusive>::ResolveOrRejectValue&) [with ResolveFunction = mozilla::dom::ClientHandleParent::Init(const mozilla::dom::PClientHandleParent::IPCClientInfo&)::<lambda(bool)>; RejectFunction = mozilla::dom::ClientHandleParent::Init(const mozilla::dom::PClientHandleParent::IPCClientInfo&)::<lambda(const mozilla::dom::PClientHandleParent::CopyableErrorResult&)>; ResolveValueT = bool; RejectValueT = mozilla::CopyableErrorResult; bool IsExclusive = false]':
 3:19.19 /home/lc/projekty/OpenKomodoIDE/mozilla/build/moz14000-ko14.10/mozilla/obj-x86_64-pc-linux-gnu/dist/include/mozilla/MozPromise.h:1191:8: note: in a call to non-static member function 'void mozilla::MozPromise<ResolveValueT, RejectValueT, IsExclusive>::ChainTo(already_AddRefed<Private>, mozilla::StaticString) [with ResolveValueT = bool; RejectValueT = mozilla::CopyableErrorResult; bool IsExclusive = false]'
 3:19.19  1191 |   void ChainTo(already_AddRefed<Private> aChainedPromise,
 3:19.19       |        ^~~~~~~
 3:19.33 In static member function 'static void mozilla::MozPromise<ResolveValueT, RejectValueT, IsExclusive>::MaybeChain(PromiseType*, RefPtr<typename PromiseType::Private>&&) [with PromiseType = mozilla::MozPromise<bool, mozilla::CopyableErrorResult, false>; ResolveValueT = bool; RejectValueT = mozilla::CopyableErrorResult; bool IsExclusive = false]',
 3:19.33     inlined from 'void mozilla::MozPromise<ResolveValueT, RejectValueT, IsExclusive>::ThenValue<ResolveFunction, RejectFunction>::DoResolveOrRejectInternal(mozilla::MozPromise<ResolveValueT, RejectValueT, IsExclusive>::ResolveOrRejectValue&) [with ResolveFunction = mozilla::dom::ClientHandleOpParent::Init(mozilla::dom::PClientHandleOpParent::ClientOpConstructorArgs&&)::<lambda(bool)>; RejectFunction = mozilla::dom::ClientHandleOpParent::Init(mozilla::dom::PClientHandleOpParent::ClientOpConstructorArgs&&)::<lambda(const mozilla::dom::PClientHandleOpParent::CopyableErrorResult&)>; ResolveValueT = bool; RejectValueT = mozilla::CopyableErrorResult; bool IsExclusive = false]' at /home/lc/projekty/OpenKomodoIDE/mozilla/build/moz14000-ko14.10/mozilla/obj-x86_64-pc-linux-gnu/dist/include/mozilla/MozPromise.h:871:30:
 3:19.33 /home/lc/projekty/OpenKomodoIDE/mozilla/build/moz14000-ko14.10/mozilla/obj-x86_64-pc-linux-gnu/dist/include/mozilla/MozPromise.h:678:21: warning: 'this' pointer is null [-Wnonnull]
 3:19.33   678 |       aFrom->ChainTo(aTo.forget(), "<chained completion promise>");
 3:19.33       |       ~~~~~~~~~~~~~~^~~~~~~~~~~~~~~~~~~~~~~~~~~~~~~~~~~~~~~~~~~~~~
 3:19.33 /home/lc/projekty/OpenKomodoIDE/mozilla/build/moz14000-ko14.10/mozilla/obj-x86_64-pc-linux-gnu/dist/include/mozilla/MozPromise.h: In member function 'void mozilla::MozPromise<ResolveValueT, RejectValueT, IsExclusive>::ThenValue<ResolveFunction, RejectFunction>::DoResolveOrRejectInternal(mozilla::MozPromise<ResolveValueT, RejectValueT, IsExclusive>::ResolveOrRejectValue&) [with ResolveFunction = mozilla::dom::ClientHandleOpParent::Init(mozilla::dom::PClientHandleOpParent::ClientOpConstructorArgs&&)::<lambda(bool)>; RejectFunction = mozilla::dom::ClientHandleOpParent::Init(mozilla::dom::PClientHandleOpParent::ClientOpConstructorArgs&&)::<lambda(const mozilla::dom::PClientHandleOpParent::CopyableErrorResult&)>; ResolveValueT = bool; RejectValueT = mozilla::CopyableErrorResult; bool IsExclusive = false]':
 3:19.33 /home/lc/projekty/OpenKomodoIDE/mozilla/build/moz14000-ko14.10/mozilla/obj-x86_64-pc-linux-gnu/dist/include/mozilla/MozPromise.h:1191:8: note: in a call to non-static member function 'void mozilla::MozPromise<ResolveValueT, RejectValueT, IsExclusive>::ChainTo(already_AddRefed<Private>, mozilla::StaticString) [with ResolveValueT = bool; RejectValueT = mozilla::CopyableErrorResult; bool IsExclusive = false]'
 3:19.33  1191 |   void ChainTo(already_AddRefed<Private> aChainedPromise,
 3:19.33       |        ^~~~~~~
 3:21.17 dom/commandhandler
 3:21.32 In file included from /home/lc/projekty/OpenKomodoIDE/mozilla/build/moz14000-ko14.10/mozilla/obj-x86_64-pc-linux-gnu/dist/include/mozilla/EffectCompositor.h:16,
 3:21.32                  from /home/lc/projekty/OpenKomodoIDE/mozilla/build/moz14000-ko14.10/mozilla/obj-x86_64-pc-linux-gnu/dist/include/nsDisplayList.h:30,
 3:21.32                  from /home/lc/projekty/OpenKomodoIDE/mozilla/build/moz14000-ko14.10/mozilla/obj-x86_64-pc-linux-gnu/dist/include/mozilla/layout/RemoteLayerTreeOwner.h:17,
 3:21.32                  from /home/lc/projekty/OpenKomodoIDE/mozilla/build/moz14000-ko14.10/mozilla/obj-x86_64-pc-linux-gnu/dist/include/mozilla/dom/BrowserParent.h:25,
 3:21.32                  from /home/lc/projekty/OpenKomodoIDE/mozilla/build/moz14000-ko14.10/mozilla/dom/clients/manager/ClientOpenWindowUtils.cpp:36,
 3:21.32                  from Unified_cpp_dom_clients_manager1.cpp:2:
 3:21.32 /home/lc/projekty/OpenKomodoIDE/mozilla/build/moz14000-ko14.10/mozilla/obj-x86_64-pc-linux-gnu/dist/include/mozilla/PseudoElementHashEntry.h: In static member function 'static PLDHashNumber mozilla::PseudoElementHashEntry::HashKey(KeyTypePointer)':
 3:21.32 /home/lc/projekty/OpenKomodoIDE/mozilla/build/moz14000-ko14.10/mozilla/obj-x86_64-pc-linux-gnu/dist/include/mozilla/PseudoElementHashEntry.h:36: note: '-Wmisleading-indentation' is disabled from this point onwards, since column-tracking was disabled due to the size of the code/headers
 3:21.32    36 |     if (!aKey) return 0;
 3:21.32 /home/lc/projekty/OpenKomodoIDE/mozilla/build/moz14000-ko14.10/mozilla/obj-x86_64-pc-linux-gnu/dist/include/mozilla/PseudoElementHashEntry.h:36: note: adding '-flarge-source-files' will allow for more column-tracking support, at the expense of compilation time and memory
 3:21.79 In file included from /home/lc/projekty/OpenKomodoIDE/mozilla/build/moz14000-ko14.10/mozilla/layout/generic/nsIFrame.h:52,
 3:21.79                  from /home/lc/projekty/OpenKomodoIDE/mozilla/build/moz14000-ko14.10/mozilla/obj-x86_64-pc-linux-gnu/dist/include/mozilla/dom/CanvasRenderingContext2D.h:31,
 3:21.79                  from /home/lc/projekty/OpenKomodoIDE/mozilla/build/moz14000-ko14.10/mozilla/dom/canvas/OffscreenCanvasRenderingContext2D.h:11,
 3:21.79                  from /home/lc/projekty/OpenKomodoIDE/mozilla/build/moz14000-ko14.10/mozilla/dom/canvas/OffscreenCanvasRenderingContext2D.cpp:7:
 3:21.79 /home/lc/projekty/OpenKomodoIDE/mozilla/build/moz14000-ko14.10/mozilla/obj-x86_64-pc-linux-gnu/dist/include/FrameProperties.h: In instantiation of 'static mozilla::FrameProperties::PropertyType<T> mozilla::FrameProperties::ReinterpretHelper<T>::FromInternalValue(uint64_t) [with T = mozilla::SmallValueHolder<mozilla::FrameBidiData>; mozilla::FrameProperties::PropertyType<T> = mozilla::FrameBidiData; uint64_t = long unsigned int]':
 3:21.79 /home/lc/projekty/OpenKomodoIDE/mozilla/build/moz14000-ko14.10/mozilla/obj-x86_64-pc-linux-gnu/dist/include/FrameProperties.h:202:51:   required from 'mozilla::FrameProperties::PropertyType<T> mozilla::FrameProperties::Get(Descriptor<T>, bool*) const [with T = mozilla::SmallValueHolder<mozilla::FrameBidiData>; PropertyType<T> = mozilla::FrameBidiData; Descriptor<T> = const mozilla::FramePropertyDescriptor<mozilla::SmallValueHolder<mozilla::FrameBidiData> >*]'
 3:21.79   202 |     return ReinterpretHelper<T>::FromInternalValue(v);
 3:21.79       |            ~~~~~~~~~~~~~~~~~~~~~~~~~~~~~~~~~~~~~~~^~~
 3:21.79 /home/lc/projekty/OpenKomodoIDE/mozilla/build/moz14000-ko14.10/mozilla/layout/generic/nsIFrame.h:4451:27:   required from 'mozilla::FrameProperties::PropertyType<T> nsIFrame::GetProperty(mozilla::FrameProperties::Descriptor<T>, bool*) const [with T = mozilla::SmallValueHolder<mozilla::FrameBidiData>; mozilla::FrameProperties::PropertyType<T> = mozilla::FrameBidiData; mozilla::FrameProperties::Descriptor<T> = const mozilla::FramePropertyDescriptor<mozilla::SmallValueHolder<mozilla::FrameBidiData> >*]'
 3:21.79  4451 |     return mProperties.Get(aProperty, aFoundResult);
 3:21.79       |            ~~~~~~~~~~~~~~~^~~~~~~~~~~~~~~~~~~~~~~~~
 3:21.79 /home/lc/projekty/OpenKomodoIDE/mozilla/build/moz14000-ko14.10/mozilla/layout/generic/nsIFrame.h:1542:50:   required from here
 3:21.79  1542 |     mozilla::FrameBidiData bidiData = GetProperty(BidiDataProperty(), &exists);
 3:21.79       |                                       ~~~~~~~~~~~^~~~~~~~~~~~~~~~~~~~~~~~~~~~~
 3:21.79 /home/lc/projekty/OpenKomodoIDE/mozilla/build/moz14000-ko14.10/mozilla/obj-x86_64-pc-linux-gnu/dist/include/FrameProperties.h:302:13: warning: 'void* memcpy(void*, const void*, size_t)' copying an object of non-trivial type 'mozilla::FrameProperties::PropertyType<mozilla::SmallValueHolder<mozilla::FrameBidiData> >' {aka 'struct mozilla::FrameBidiData'} from an array of 'uint64_t' {aka 'long unsigned int'} [-Wclass-memaccess]
 3:21.79   302 |       memcpy(&value, &aInternalValue, sizeof(value));
 3:21.79       |       ~~~~~~^~~~~~~~~~~~~~~~~~~~~~~~~~~~~~~~~~~~~~~~
 3:21.79 /home/lc/projekty/OpenKomodoIDE/mozilla/build/moz14000-ko14.10/mozilla/layout/generic/nsIFrame.h:413:8: note: 'mozilla::FrameProperties::PropertyType<mozilla::SmallValueHolder<mozilla::FrameBidiData> >' {aka 'struct mozilla::FrameBidiData'} declared here
 3:21.79   413 | struct FrameBidiData {
 3:21.79       |        ^~~~~~~~~~~~~
 3:23.64 In file included from /home/lc/projekty/OpenKomodoIDE/mozilla/build/moz14000-ko14.10/mozilla/obj-x86_64-pc-linux-gnu/dist/include/mozilla/SVGObserverUtils.h:13,
 3:23.64                  from /home/lc/projekty/OpenKomodoIDE/mozilla/build/moz14000-ko14.10/mozilla/dom/canvas/OffscreenCanvasDisplayHelper.cpp:20:
 3:23.64 /home/lc/projekty/OpenKomodoIDE/mozilla/build/moz14000-ko14.10/mozilla/obj-x86_64-pc-linux-gnu/dist/include/FrameProperties.h: In instantiation of 'static mozilla::FrameProperties::PropertyType<T> mozilla::FrameProperties::ReinterpretHelper<T>::FromInternalValue(uint64_t) [with T = mozilla::SmallValueHolder<mozilla::FrameBidiData>; mozilla::FrameProperties::PropertyType<T> = mozilla::FrameBidiData; uint64_t = long unsigned int]':
 3:23.64 /home/lc/projekty/OpenKomodoIDE/mozilla/build/moz14000-ko14.10/mozilla/obj-x86_64-pc-linux-gnu/dist/include/FrameProperties.h:202:51:   required from 'mozilla::FrameProperties::PropertyType<T> mozilla::FrameProperties::Get(Descriptor<T>, bool*) const [with T = mozilla::SmallValueHolder<mozilla::FrameBidiData>; PropertyType<T> = mozilla::FrameBidiData; Descriptor<T> = const mozilla::FramePropertyDescriptor<mozilla::SmallValueHolder<mozilla::FrameBidiData> >*]'
 3:23.64   202 |     return ReinterpretHelper<T>::FromInternalValue(v);
 3:23.64       |            ~~~~~~~~~~~~~~~~~~~~~~~~~~~~~~~~~~~~~~~^~~
 3:23.64 /home/lc/projekty/OpenKomodoIDE/mozilla/build/moz14000-ko14.10/mozilla/layout/generic/nsIFrame.h:4451:27:   required from 'mozilla::FrameProperties::PropertyType<T> nsIFrame::GetProperty(mozilla::FrameProperties::Descriptor<T>, bool*) const [with T = mozilla::SmallValueHolder<mozilla::FrameBidiData>; mozilla::FrameProperties::PropertyType<T> = mozilla::FrameBidiData; mozilla::FrameProperties::Descriptor<T> = const mozilla::FramePropertyDescriptor<mozilla::SmallValueHolder<mozilla::FrameBidiData> >*]'
 3:23.64  4451 |     return mProperties.Get(aProperty, aFoundResult);
 3:23.64       |            ~~~~~~~~~~~~~~~^~~~~~~~~~~~~~~~~~~~~~~~~
 3:23.64 /home/lc/projekty/OpenKomodoIDE/mozilla/build/moz14000-ko14.10/mozilla/layout/generic/nsIFrame.h:1542:50:   required from here
 3:23.64  1542 |     mozilla::FrameBidiData bidiData = GetProperty(BidiDataProperty(), &exists);
 3:23.64       |                                       ~~~~~~~~~~~^~~~~~~~~~~~~~~~~~~~~~~~~~~~~
 3:23.64 /home/lc/projekty/OpenKomodoIDE/mozilla/build/moz14000-ko14.10/mozilla/obj-x86_64-pc-linux-gnu/dist/include/FrameProperties.h:302:13: warning: 'void* memcpy(void*, const void*, size_t)' copying an object of non-trivial type 'mozilla::FrameProperties::PropertyType<mozilla::SmallValueHolder<mozilla::FrameBidiData> >' {aka 'struct mozilla::FrameBidiData'} from an array of 'uint64_t' {aka 'long unsigned int'} [-Wclass-memaccess]
 3:23.64   302 |       memcpy(&value, &aInternalValue, sizeof(value));
 3:23.64       |       ~~~~~~^~~~~~~~~~~~~~~~~~~~~~~~~~~~~~~~~~~~~~~~
 3:23.64 In file included from /home/lc/projekty/OpenKomodoIDE/mozilla/build/moz14000-ko14.10/mozilla/obj-x86_64-pc-linux-gnu/dist/include/mozilla/SVGObserverUtils.h:15:
 3:23.64 /home/lc/projekty/OpenKomodoIDE/mozilla/build/moz14000-ko14.10/mozilla/layout/generic/nsIFrame.h:413:8: note: 'mozilla::FrameProperties::PropertyType<mozilla::SmallValueHolder<mozilla::FrameBidiData> >' {aka 'struct mozilla::FrameBidiData'} declared here
 3:23.64   413 | struct FrameBidiData {
 3:23.64       |        ^~~~~~~~~~~~~
 3:27.59 In file included from /home/lc/projekty/OpenKomodoIDE/mozilla/build/moz14000-ko14.10/mozilla/dom/commandhandler/nsCommandParams.cpp:11,
 3:27.59                  from Unified_cpp_dom_commandhandler0.cpp:20:
 3:27.59 In member function 'void nsCommandParams::HashEntry::Reset(uint8_t)',
 3:27.59     inlined from 'nsCommandParams::HashEntry::HashEntry(const nsCommandParams::HashEntry&)' at /home/lc/projekty/OpenKomodoIDE/mozilla/build/moz14000-ko14.10/mozilla/dom/commandhandler/nsCommandParams.h:80:12,
 3:27.59     inlined from 'static void nsCommandParams::HashMoveEntry(PLDHashTable*, const PLDHashEntryHdr*, PLDHashEntryHdr*)' at /home/lc/projekty/OpenKomodoIDE/mozilla/build/moz14000-ko14.10/mozilla/dom/commandhandler/nsCommandParams.cpp:293:62:
 3:27.59 /home/lc/projekty/OpenKomodoIDE/mozilla/build/moz14000-ko14.10/mozilla/dom/commandhandler/nsCommandParams.h:123:11: warning: '*(nsCommandParams::HashEntry*)aTo.nsCommandParams::HashEntry::mData.nsCommandParams::HashEntry::<unnamed union>::mString' may be used uninitialized [-Wmaybe-uninitialized]
 3:27.59   123 |           delete mData.mString;
 3:27.59       |           ^~~~~~~~~~~~~~~~~~~~
 3:27.59 /home/lc/projekty/OpenKomodoIDE/mozilla/build/moz14000-ko14.10/mozilla/dom/commandhandler/nsCommandParams.h:130:11: warning: '*(nsCommandParams::HashEntry*)aTo.nsCommandParams::HashEntry::mData.nsCommandParams::HashEntry::<unnamed union>::mCString' may be used uninitialized [-Wmaybe-uninitialized]
 3:27.59   130 |           delete mData.mCString;
 3:27.59       |           ^~~~~~~~~~~~~~~~~~~~~
 3:30.21 In file included from /home/lc/projekty/OpenKomodoIDE/mozilla/build/moz14000-ko14.10/mozilla/obj-x86_64-pc-linux-gnu/dist/include/nsIFrame.h:52,
 3:30.21                  from /home/lc/projekty/OpenKomodoIDE/mozilla/build/moz14000-ko14.10/mozilla/obj-x86_64-pc-linux-gnu/ipc/ipdl/_ipdlheaders/mozilla/dom/PBrowserBridgeParent.h:33,
 3:30.21                  from /home/lc/projekty/OpenKomodoIDE/mozilla/build/moz14000-ko14.10/mozilla/obj-x86_64-pc-linux-gnu/dist/include/mozilla/dom/BrowserBridgeParent.h:10,
 3:30.21                  from /home/lc/projekty/OpenKomodoIDE/mozilla/build/moz14000-ko14.10/mozilla/obj-x86_64-pc-linux-gnu/dist/include/mozilla/dom/BrowserParent.h:19:
 3:30.21 /home/lc/projekty/OpenKomodoIDE/mozilla/build/moz14000-ko14.10/mozilla/obj-x86_64-pc-linux-gnu/dist/include/FrameProperties.h: In instantiation of 'static mozilla::FrameProperties::PropertyType<T> mozilla::FrameProperties::ReinterpretHelper<T>::FromInternalValue(uint64_t) [with T = mozilla::SmallValueHolder<mozilla::FrameBidiData>; mozilla::FrameProperties::PropertyType<T> = mozilla::FrameBidiData; uint64_t = long unsigned int]':
 3:30.21 /home/lc/projekty/OpenKomodoIDE/mozilla/build/moz14000-ko14.10/mozilla/obj-x86_64-pc-linux-gnu/dist/include/FrameProperties.h:202:51:   required from 'mozilla::FrameProperties::PropertyType<T> mozilla::FrameProperties::Get(Descriptor<T>, bool*) const [with T = mozilla::SmallValueHolder<mozilla::FrameBidiData>; PropertyType<T> = mozilla::FrameBidiData; Descriptor<T> = const mozilla::FramePropertyDescriptor<mozilla::SmallValueHolder<mozilla::FrameBidiData> >*]'
 3:30.21   202 |     return ReinterpretHelper<T>::FromInternalValue(v);
 3:30.21       |            ~~~~~~~~~~~~~~~~~~~~~~~~~~~~~~~~~~~~~~~^~~
 3:30.21 /home/lc/projekty/OpenKomodoIDE/mozilla/build/moz14000-ko14.10/mozilla/obj-x86_64-pc-linux-gnu/dist/include/nsIFrame.h:4451:27:   required from 'mozilla::FrameProperties::PropertyType<T> nsIFrame::GetProperty(mozilla::FrameProperties::Descriptor<T>, bool*) const [with T = mozilla::SmallValueHolder<mozilla::FrameBidiData>; mozilla::FrameProperties::PropertyType<T> = mozilla::FrameBidiData; mozilla::FrameProperties::Descriptor<T> = const mozilla::FramePropertyDescriptor<mozilla::SmallValueHolder<mozilla::FrameBidiData> >*]'
 3:30.21  4451 |     return mProperties.Get(aProperty, aFoundResult);
 3:30.21       |            ~~~~~~~~~~~~~~~^~~~~~~~~~~~~~~~~~~~~~~~~
 3:30.21 /home/lc/projekty/OpenKomodoIDE/mozilla/build/moz14000-ko14.10/mozilla/obj-x86_64-pc-linux-gnu/dist/include/nsIFrame.h:1542:50:   required from here
 3:30.21  1542 |     mozilla::FrameBidiData bidiData = GetProperty(BidiDataProperty(), &exists);
 3:30.21       |                                       ~~~~~~~~~~~^~~~~~~~~~~~~~~~~~~~~~~~~~~~~
 3:30.21 /home/lc/projekty/OpenKomodoIDE/mozilla/build/moz14000-ko14.10/mozilla/obj-x86_64-pc-linux-gnu/dist/include/FrameProperties.h:302:13: warning: 'void* memcpy(void*, const void*, size_t)' copying an object of non-trivial type 'mozilla::FrameProperties::PropertyType<mozilla::SmallValueHolder<mozilla::FrameBidiData> >' {aka 'struct mozilla::FrameBidiData'} from an array of 'uint64_t' {aka 'long unsigned int'} [-Wclass-memaccess]
 3:30.21   302 |       memcpy(&value, &aInternalValue, sizeof(value));
 3:30.21       |       ~~~~~~^~~~~~~~~~~~~~~~~~~~~~~~~~~~~~~~~~~~~~~~
 3:30.21 /home/lc/projekty/OpenKomodoIDE/mozilla/build/moz14000-ko14.10/mozilla/obj-x86_64-pc-linux-gnu/dist/include/nsIFrame.h:413:8: note: 'mozilla::FrameProperties::PropertyType<mozilla::SmallValueHolder<mozilla::FrameBidiData> >' {aka 'struct mozilla::FrameBidiData'} declared here
 3:30.21   413 | struct FrameBidiData {
 3:30.21       |        ^~~~~~~~~~~~~
 3:48.04 In file included from UnifiedBindings1.cpp:392:
 3:48.05 CSSBinding.cpp: In member function 'bool mozilla::dom::PropertyDefinition::Init(mozilla::dom::BindingCallContext&, JS::Handle<JS::Value>, const char*, bool)':
 3:48.05 CSSBinding.cpp:102: note: '-Wmisleading-indentation' is disabled from this point onwards, since column-tracking was disabled due to the size of the code/headers
 3:48.05   102 |   } else if (cx) {
 3:48.05 CSSBinding.cpp:102: note: adding '-flarge-source-files' will allow for more column-tracking support, at the expense of compilation time and memory
 4:00.84 In file included from /home/lc/projekty/OpenKomodoIDE/mozilla/build/moz14000-ko14.10/mozilla/dom/clients/manager/ClientOpPromise.h:9,
 4:00.84                  from /home/lc/projekty/OpenKomodoIDE/mozilla/build/moz14000-ko14.10/mozilla/dom/clients/manager/ClientOpenWindowUtils.h:9,
 4:00.84                  from /home/lc/projekty/OpenKomodoIDE/mozilla/build/moz14000-ko14.10/mozilla/dom/clients/manager/ClientOpenWindowUtils.cpp:7:
 4:00.84 In static member function 'static void mozilla::MozPromise<ResolveValueT, RejectValueT, IsExclusive>::MaybeChain(PromiseType*, RefPtr<typename PromiseType::Private>&&) [with PromiseType = mozilla::MozPromise<mozilla::dom::ClientOpResult, mozilla::CopyableErrorResult, false>; ResolveValueT = mozilla::dom::ClientOpResult; RejectValueT = mozilla::CopyableErrorResult; bool IsExclusive = false]',
 4:00.84     inlined from 'void mozilla::MozPromise<ResolveValueT, RejectValueT, IsExclusive>::ThenValue<ResolveFunction, RejectFunction>::DoResolveOrRejectInternal(mozilla::MozPromise<ResolveValueT, RejectValueT, IsExclusive>::ResolveOrRejectValue&) [with ResolveFunction = mozilla::dom::ClientSourceOpChild::DoSourceOp<RefPtr<mozilla::MozPromise<mozilla::dom::ClientOpResult, mozilla::CopyableErrorResult, false> > (mozilla::dom::ClientSource::*)(const mozilla::dom::ClientControlledArgs&), const mozilla::dom::ClientControlledArgs&>(RefPtr<mozilla::MozPromise<mozilla::dom::ClientOpResult, mozilla::CopyableErrorResult, false> > (mozilla::dom::ClientSource::*)(const mozilla::dom::ClientControlledArgs&), const mozilla::dom::ClientControlledArgs&)::<lambda(const mozilla::dom::ClientOpResult&)>; RejectFunction = mozilla::dom::ClientSourceOpChild::DoSourceOp<RefPtr<mozilla::MozPromise<mozilla::dom::ClientOpResult, mozilla::CopyableErrorResult, false> > (mozilla::dom::ClientSource::*)(const mozilla::dom::ClientControlledArgs&), const mozilla::dom::ClientControlledArgs&>(RefPtr<mozilla::MozPromise<mozilla::dom::ClientOpResult, mozilla::CopyableErrorResult, false> > (mozilla::dom::ClientSource::*)(const mozilla::dom::ClientControlledArgs&), const mozilla::dom::ClientControlledArgs&)::<lambda(const mozilla::dom::PClientSourceOpChild::CopyableErrorResult&)>; ResolveValueT = mozilla::dom::ClientOpResult; RejectValueT = mozilla::CopyableErrorResult; bool IsExclusive = false]' at /home/lc/projekty/OpenKomodoIDE/mozilla/build/moz14000-ko14.10/mozilla/obj-x86_64-pc-linux-gnu/dist/include/mozilla/MozPromise.h:871:30:
 4:00.84 /home/lc/projekty/OpenKomodoIDE/mozilla/build/moz14000-ko14.10/mozilla/obj-x86_64-pc-linux-gnu/dist/include/mozilla/MozPromise.h:678:21: warning: 'this' pointer is null [-Wnonnull]
 4:00.84   678 |       aFrom->ChainTo(aTo.forget(), "<chained completion promise>");
 4:00.84       |       ~~~~~~~~~~~~~~^~~~~~~~~~~~~~~~~~~~~~~~~~~~~~~~~~~~~~~~~~~~~~
 4:00.84 /home/lc/projekty/OpenKomodoIDE/mozilla/build/moz14000-ko14.10/mozilla/obj-x86_64-pc-linux-gnu/dist/include/mozilla/MozPromise.h: In member function 'void mozilla::MozPromise<ResolveValueT, RejectValueT, IsExclusive>::ThenValue<ResolveFunction, RejectFunction>::DoResolveOrRejectInternal(mozilla::MozPromise<ResolveValueT, RejectValueT, IsExclusive>::ResolveOrRejectValue&) [with ResolveFunction = mozilla::dom::ClientSourceOpChild::DoSourceOp<RefPtr<mozilla::MozPromise<mozilla::dom::ClientOpResult, mozilla::CopyableErrorResult, false> > (mozilla::dom::ClientSource::*)(const mozilla::dom::ClientControlledArgs&), const mozilla::dom::ClientControlledArgs&>(RefPtr<mozilla::MozPromise<mozilla::dom::ClientOpResult, mozilla::CopyableErrorResult, false> > (mozilla::dom::ClientSource::*)(const mozilla::dom::ClientControlledArgs&), const mozilla::dom::ClientControlledArgs&)::<lambda(const mozilla::dom::ClientOpResult&)>; RejectFunction = mozilla::dom::ClientSourceOpChild::DoSourceOp<RefPtr<mozilla::MozPromise<mozilla::dom::ClientOpResult, mozilla::CopyableErrorResult, false> > (mozilla::dom::ClientSource::*)(const mozilla::dom::ClientControlledArgs&), const mozilla::dom::ClientControlledArgs&>(RefPtr<mozilla::MozPromise<mozilla::dom::ClientOpResult, mozilla::CopyableErrorResult, false> > (mozilla::dom::ClientSource::*)(const mozilla::dom::ClientControlledArgs&), const mozilla::dom::ClientControlledArgs&)::<lambda(const mozilla::dom::PClientSourceOpChild::CopyableErrorResult&)>; ResolveValueT = mozilla::dom::ClientOpResult; RejectValueT = mozilla::CopyableErrorResult; bool IsExclusive = false]':
 4:00.84 /home/lc/projekty/OpenKomodoIDE/mozilla/build/moz14000-ko14.10/mozilla/obj-x86_64-pc-linux-gnu/dist/include/mozilla/MozPromise.h:1191:8: note: in a call to non-static member function 'void mozilla::MozPromise<ResolveValueT, RejectValueT, IsExclusive>::ChainTo(already_AddRefed<Private>, mozilla::StaticString) [with ResolveValueT = mozilla::dom::ClientOpResult; RejectValueT = mozilla::CopyableErrorResult; bool IsExclusive = false]'
 4:00.84  1191 |   void ChainTo(already_AddRefed<Private> aChainedPromise,
 4:00.84       |        ^~~~~~~
 4:00.85 In static member function 'static void mozilla::MozPromise<ResolveValueT, RejectValueT, IsExclusive>::MaybeChain(PromiseType*, RefPtr<typename PromiseType::Private>&&) [with PromiseType = mozilla::MozPromise<mozilla::dom::ClientOpResult, mozilla::CopyableErrorResult, false>; ResolveValueT = mozilla::dom::ClientOpResult; RejectValueT = mozilla::CopyableErrorResult; bool IsExclusive = false]',
 4:00.85     inlined from 'void mozilla::MozPromise<ResolveValueT, RejectValueT, IsExclusive>::ThenValue<ResolveFunction, RejectFunction>::DoResolveOrRejectInternal(mozilla::MozPromise<ResolveValueT, RejectValueT, IsExclusive>::ResolveOrRejectValue&) [with ResolveFunction = mozilla::dom::ClientSourceOpChild::DoSourceOp<RefPtr<mozilla::MozPromise<mozilla::dom::ClientOpResult, mozilla::CopyableErrorResult, false> > (mozilla::dom::ClientSource::*)()>(RefPtr<mozilla::MozPromise<mozilla::dom::ClientOpResult, mozilla::CopyableErrorResult, false> > (mozilla::dom::ClientSource::*)())::<lambda(const mozilla::dom::ClientOpResult&)>; RejectFunction = mozilla::dom::ClientSourceOpChild::DoSourceOp<RefPtr<mozilla::MozPromise<mozilla::dom::ClientOpResult, mozilla::CopyableErrorResult, false> > (mozilla::dom::ClientSource::*)()>(RefPtr<mozilla::MozPromise<mozilla::dom::ClientOpResult, mozilla::CopyableErrorResult, false> > (mozilla::dom::ClientSource::*)())::<lambda(const mozilla::dom::PClientSourceOpChild::CopyableErrorResult&)>; ResolveValueT = mozilla::dom::ClientOpResult; RejectValueT = mozilla::CopyableErrorResult; bool IsExclusive = false]' at /home/lc/projekty/OpenKomodoIDE/mozilla/build/moz14000-ko14.10/mozilla/obj-x86_64-pc-linux-gnu/dist/include/mozilla/MozPromise.h:871:30:
 4:00.85 /home/lc/projekty/OpenKomodoIDE/mozilla/build/moz14000-ko14.10/mozilla/obj-x86_64-pc-linux-gnu/dist/include/mozilla/MozPromise.h:678:21: warning: 'this' pointer is null [-Wnonnull]
 4:00.85   678 |       aFrom->ChainTo(aTo.forget(), "<chained completion promise>");
 4:00.85       |       ~~~~~~~~~~~~~~^~~~~~~~~~~~~~~~~~~~~~~~~~~~~~~~~~~~~~~~~~~~~~
 4:00.85 /home/lc/projekty/OpenKomodoIDE/mozilla/build/moz14000-ko14.10/mozilla/obj-x86_64-pc-linux-gnu/dist/include/mozilla/MozPromise.h: In member function 'void mozilla::MozPromise<ResolveValueT, RejectValueT, IsExclusive>::ThenValue<ResolveFunction, RejectFunction>::DoResolveOrRejectInternal(mozilla::MozPromise<ResolveValueT, RejectValueT, IsExclusive>::ResolveOrRejectValue&) [with ResolveFunction = mozilla::dom::ClientSourceOpChild::DoSourceOp<RefPtr<mozilla::MozPromise<mozilla::dom::ClientOpResult, mozilla::CopyableErrorResult, false> > (mozilla::dom::ClientSource::*)()>(RefPtr<mozilla::MozPromise<mozilla::dom::ClientOpResult, mozilla::CopyableErrorResult, false> > (mozilla::dom::ClientSource::*)())::<lambda(const mozilla::dom::ClientOpResult&)>; RejectFunction = mozilla::dom::ClientSourceOpChild::DoSourceOp<RefPtr<mozilla::MozPromise<mozilla::dom::ClientOpResult, mozilla::CopyableErrorResult, false> > (mozilla::dom::ClientSource::*)()>(RefPtr<mozilla::MozPromise<mozilla::dom::ClientOpResult, mozilla::CopyableErrorResult, false> > (mozilla::dom::ClientSource::*)())::<lambda(const mozilla::dom::PClientSourceOpChild::CopyableErrorResult&)>; ResolveValueT = mozilla::dom::ClientOpResult; RejectValueT = mozilla::CopyableErrorResult; bool IsExclusive = false]':
 4:00.85 /home/lc/projekty/OpenKomodoIDE/mozilla/build/moz14000-ko14.10/mozilla/obj-x86_64-pc-linux-gnu/dist/include/mozilla/MozPromise.h:1191:8: note: in a call to non-static member function 'void mozilla::MozPromise<ResolveValueT, RejectValueT, IsExclusive>::ChainTo(already_AddRefed<Private>, mozilla::StaticString) [with ResolveValueT = mozilla::dom::ClientOpResult; RejectValueT = mozilla::CopyableErrorResult; bool IsExclusive = false]'
 4:00.85  1191 |   void ChainTo(already_AddRefed<Private> aChainedPromise,
 4:00.85       |        ^~~~~~~
 4:00.87 In static member function 'static void mozilla::MozPromise<ResolveValueT, RejectValueT, IsExclusive>::MaybeChain(PromiseType*, RefPtr<typename PromiseType::Private>&&) [with PromiseType = mozilla::MozPromise<mozilla::dom::ClientOpResult, mozilla::CopyableErrorResult, false>; ResolveValueT = mozilla::dom::ClientOpResult; RejectValueT = mozilla::CopyableErrorResult; bool IsExclusive = false]',
 4:00.87     inlined from 'void mozilla::MozPromise<ResolveValueT, RejectValueT, IsExclusive>::ThenValue<ResolveFunction, RejectFunction>::DoResolveOrRejectInternal(mozilla::MozPromise<ResolveValueT, RejectValueT, IsExclusive>::ResolveOrRejectValue&) [with ResolveFunction = mozilla::dom::ClientSourceOpChild::DoSourceOp<RefPtr<mozilla::MozPromise<mozilla::dom::ClientOpResult, mozilla::CopyableErrorResult, false> > (mozilla::dom::ClientSource::*)(const mozilla::dom::ClientGetInfoAndStateArgs&), const mozilla::dom::ClientGetInfoAndStateArgs&>(RefPtr<mozilla::MozPromise<mozilla::dom::ClientOpResult, mozilla::CopyableErrorResult, false> > (mozilla::dom::ClientSource::*)(const mozilla::dom::ClientGetInfoAndStateArgs&), const mozilla::dom::ClientGetInfoAndStateArgs&)::<lambda(const mozilla::dom::ClientOpResult&)>; RejectFunction = mozilla::dom::ClientSourceOpChild::DoSourceOp<RefPtr<mozilla::MozPromise<mozilla::dom::ClientOpResult, mozilla::CopyableErrorResult, false> > (mozilla::dom::ClientSource::*)(const mozilla::dom::ClientGetInfoAndStateArgs&), const mozilla::dom::ClientGetInfoAndStateArgs&>(RefPtr<mozilla::MozPromise<mozilla::dom::ClientOpResult, mozilla::CopyableErrorResult, false> > (mozilla::dom::ClientSource::*)(const mozilla::dom::ClientGetInfoAndStateArgs&), const mozilla::dom::ClientGetInfoAndStateArgs&)::<lambda(const mozilla::dom::PClientSourceOpChild::CopyableErrorResult&)>; ResolveValueT = mozilla::dom::ClientOpResult; RejectValueT = mozilla::CopyableErrorResult; bool IsExclusive = false]' at /home/lc/projekty/OpenKomodoIDE/mozilla/build/moz14000-ko14.10/mozilla/obj-x86_64-pc-linux-gnu/dist/include/mozilla/MozPromise.h:871:30:
 4:00.87 /home/lc/projekty/OpenKomodoIDE/mozilla/build/moz14000-ko14.10/mozilla/obj-x86_64-pc-linux-gnu/dist/include/mozilla/MozPromise.h:678:21: warning: 'this' pointer is null [-Wnonnull]
 4:00.87   678 |       aFrom->ChainTo(aTo.forget(), "<chained completion promise>");
 4:00.87       |       ~~~~~~~~~~~~~~^~~~~~~~~~~~~~~~~~~~~~~~~~~~~~~~~~~~~~~~~~~~~~
 4:00.87 /home/lc/projekty/OpenKomodoIDE/mozilla/build/moz14000-ko14.10/mozilla/obj-x86_64-pc-linux-gnu/dist/include/mozilla/MozPromise.h: In member function 'void mozilla::MozPromise<ResolveValueT, RejectValueT, IsExclusive>::ThenValue<ResolveFunction, RejectFunction>::DoResolveOrRejectInternal(mozilla::MozPromise<ResolveValueT, RejectValueT, IsExclusive>::ResolveOrRejectValue&) [with ResolveFunction = mozilla::dom::ClientSourceOpChild::DoSourceOp<RefPtr<mozilla::MozPromise<mozilla::dom::ClientOpResult, mozilla::CopyableErrorResult, false> > (mozilla::dom::ClientSource::*)(const mozilla::dom::ClientGetInfoAndStateArgs&), const mozilla::dom::ClientGetInfoAndStateArgs&>(RefPtr<mozilla::MozPromise<mozilla::dom::ClientOpResult, mozilla::CopyableErrorResult, false> > (mozilla::dom::ClientSource::*)(const mozilla::dom::ClientGetInfoAndStateArgs&), const mozilla::dom::ClientGetInfoAndStateArgs&)::<lambda(const mozilla::dom::ClientOpResult&)>; RejectFunction = mozilla::dom::ClientSourceOpChild::DoSourceOp<RefPtr<mozilla::MozPromise<mozilla::dom::ClientOpResult, mozilla::CopyableErrorResult, false> > (mozilla::dom::ClientSource::*)(const mozilla::dom::ClientGetInfoAndStateArgs&), const mozilla::dom::ClientGetInfoAndStateArgs&>(RefPtr<mozilla::MozPromise<mozilla::dom::ClientOpResult, mozilla::CopyableErrorResult, false> > (mozilla::dom::ClientSource::*)(const mozilla::dom::ClientGetInfoAndStateArgs&), const mozilla::dom::ClientGetInfoAndStateArgs&)::<lambda(const mozilla::dom::PClientSourceOpChild::CopyableErrorResult&)>; ResolveValueT = mozilla::dom::ClientOpResult; RejectValueT = mozilla::CopyableErrorResult; bool IsExclusive = false]':
 4:00.87 /home/lc/projekty/OpenKomodoIDE/mozilla/build/moz14000-ko14.10/mozilla/obj-x86_64-pc-linux-gnu/dist/include/mozilla/MozPromise.h:1191:8: note: in a call to non-static member function 'void mozilla::MozPromise<ResolveValueT, RejectValueT, IsExclusive>::ChainTo(already_AddRefed<Private>, mozilla::StaticString) [with ResolveValueT = mozilla::dom::ClientOpResult; RejectValueT = mozilla::CopyableErrorResult; bool IsExclusive = false]'
 4:00.87  1191 |   void ChainTo(already_AddRefed<Private> aChainedPromise,
 4:00.87       |        ^~~~~~~
 4:00.88 In static member function 'static void mozilla::MozPromise<ResolveValueT, RejectValueT, IsExclusive>::MaybeChain(PromiseType*, RefPtr<typename PromiseType::Private>&&) [with PromiseType = mozilla::MozPromise<mozilla::dom::ClientOpResult, mozilla::CopyableErrorResult, false>; ResolveValueT = mozilla::dom::ClientOpResult; RejectValueT = mozilla::CopyableErrorResult; bool IsExclusive = false]',
 4:00.88     inlined from 'void mozilla::MozPromise<ResolveValueT, RejectValueT, IsExclusive>::ThenValue<ResolveFunction, RejectFunction>::DoResolveOrRejectInternal(mozilla::MozPromise<ResolveValueT, RejectValueT, IsExclusive>::ResolveOrRejectValue&) [with ResolveFunction = mozilla::dom::ClientSourceOpChild::DoSourceOp<RefPtr<mozilla::MozPromise<mozilla::dom::ClientOpResult, mozilla::CopyableErrorResult, false> > (mozilla::dom::ClientSource::*)(const mozilla::dom::ClientPostMessageArgs&), const mozilla::dom::ClientPostMessageArgs&>(RefPtr<mozilla::MozPromise<mozilla::dom::ClientOpResult, mozilla::CopyableErrorResult, false> > (mozilla::dom::ClientSource::*)(const mozilla::dom::ClientPostMessageArgs&), const mozilla::dom::ClientPostMessageArgs&)::<lambda(const mozilla::dom::ClientOpResult&)>; RejectFunction = mozilla::dom::ClientSourceOpChild::DoSourceOp<RefPtr<mozilla::MozPromise<mozilla::dom::ClientOpResult, mozilla::CopyableErrorResult, false> > (mozilla::dom::ClientSource::*)(const mozilla::dom::ClientPostMessageArgs&), const mozilla::dom::ClientPostMessageArgs&>(RefPtr<mozilla::MozPromise<mozilla::dom::ClientOpResult, mozilla::CopyableErrorResult, false> > (mozilla::dom::ClientSource::*)(const mozilla::dom::ClientPostMessageArgs&), const mozilla::dom::ClientPostMessageArgs&)::<lambda(const mozilla::dom::PClientSourceOpChild::CopyableErrorResult&)>; ResolveValueT = mozilla::dom::ClientOpResult; RejectValueT = mozilla::CopyableErrorResult; bool IsExclusive = false]' at /home/lc/projekty/OpenKomodoIDE/mozilla/build/moz14000-ko14.10/mozilla/obj-x86_64-pc-linux-gnu/dist/include/mozilla/MozPromise.h:871:30:
 4:00.89 /home/lc/projekty/OpenKomodoIDE/mozilla/build/moz14000-ko14.10/mozilla/obj-x86_64-pc-linux-gnu/dist/include/mozilla/MozPromise.h:678:21: warning: 'this' pointer is null [-Wnonnull]
 4:00.89   678 |       aFrom->ChainTo(aTo.forget(), "<chained completion promise>");
 4:00.89       |       ~~~~~~~~~~~~~~^~~~~~~~~~~~~~~~~~~~~~~~~~~~~~~~~~~~~~~~~~~~~~
 4:00.89 /home/lc/projekty/OpenKomodoIDE/mozilla/build/moz14000-ko14.10/mozilla/obj-x86_64-pc-linux-gnu/dist/include/mozilla/MozPromise.h: In member function 'void mozilla::MozPromise<ResolveValueT, RejectValueT, IsExclusive>::ThenValue<ResolveFunction, RejectFunction>::DoResolveOrRejectInternal(mozilla::MozPromise<ResolveValueT, RejectValueT, IsExclusive>::ResolveOrRejectValue&) [with ResolveFunction = mozilla::dom::ClientSourceOpChild::DoSourceOp<RefPtr<mozilla::MozPromise<mozilla::dom::ClientOpResult, mozilla::CopyableErrorResult, false> > (mozilla::dom::ClientSource::*)(const mozilla::dom::ClientPostMessageArgs&), const mozilla::dom::ClientPostMessageArgs&>(RefPtr<mozilla::MozPromise<mozilla::dom::ClientOpResult, mozilla::CopyableErrorResult, false> > (mozilla::dom::ClientSource::*)(const mozilla::dom::ClientPostMessageArgs&), const mozilla::dom::ClientPostMessageArgs&)::<lambda(const mozilla::dom::ClientOpResult&)>; RejectFunction = mozilla::dom::ClientSourceOpChild::DoSourceOp<RefPtr<mozilla::MozPromise<mozilla::dom::ClientOpResult, mozilla::CopyableErrorResult, false> > (mozilla::dom::ClientSource::*)(const mozilla::dom::ClientPostMessageArgs&), const mozilla::dom::ClientPostMessageArgs&>(RefPtr<mozilla::MozPromise<mozilla::dom::ClientOpResult, mozilla::CopyableErrorResult, false> > (mozilla::dom::ClientSource::*)(const mozilla::dom::ClientPostMessageArgs&), const mozilla::dom::ClientPostMessageArgs&)::<lambda(const mozilla::dom::PClientSourceOpChild::CopyableErrorResult&)>; ResolveValueT = mozilla::dom::ClientOpResult; RejectValueT = mozilla::CopyableErrorResult; bool IsExclusive = false]':
 4:00.89 /home/lc/projekty/OpenKomodoIDE/mozilla/build/moz14000-ko14.10/mozilla/obj-x86_64-pc-linux-gnu/dist/include/mozilla/MozPromise.h:1191:8: note: in a call to non-static member function 'void mozilla::MozPromise<ResolveValueT, RejectValueT, IsExclusive>::ChainTo(already_AddRefed<Private>, mozilla::StaticString) [with ResolveValueT = mozilla::dom::ClientOpResult; RejectValueT = mozilla::CopyableErrorResult; bool IsExclusive = false]'
 4:00.89  1191 |   void ChainTo(already_AddRefed<Private> aChainedPromise,
 4:00.89       |        ^~~~~~~
 4:00.90 In static member function 'static void mozilla::MozPromise<ResolveValueT, RejectValueT, IsExclusive>::MaybeChain(PromiseType*, RefPtr<typename PromiseType::Private>&&) [with PromiseType = mozilla::MozPromise<mozilla::dom::ClientOpResult, mozilla::CopyableErrorResult, false>; ResolveValueT = mozilla::dom::ClientOpResult; RejectValueT = mozilla::CopyableErrorResult; bool IsExclusive = false]',
 4:00.90     inlined from 'void mozilla::MozPromise<ResolveValueT, RejectValueT, IsExclusive>::ThenValue<ResolveFunction, RejectFunction>::DoResolveOrRejectInternal(mozilla::MozPromise<ResolveValueT, RejectValueT, IsExclusive>::ResolveOrRejectValue&) [with ResolveFunction = mozilla::dom::ClientSourceOpChild::DoSourceOp<RefPtr<mozilla::MozPromise<mozilla::dom::ClientOpResult, mozilla::CopyableErrorResult, false> > (mozilla::dom::ClientSource::*)(const mozilla::dom::ClientFocusArgs&), const mozilla::dom::ClientFocusArgs&>(RefPtr<mozilla::MozPromise<mozilla::dom::ClientOpResult, mozilla::CopyableErrorResult, false> > (mozilla::dom::ClientSource::*)(const mozilla::dom::ClientFocusArgs&), const mozilla::dom::ClientFocusArgs&)::<lambda(const mozilla::dom::ClientOpResult&)>; RejectFunction = mozilla::dom::ClientSourceOpChild::DoSourceOp<RefPtr<mozilla::MozPromise<mozilla::dom::ClientOpResult, mozilla::CopyableErrorResult, false> > (mozilla::dom::ClientSource::*)(const mozilla::dom::ClientFocusArgs&), const mozilla::dom::ClientFocusArgs&>(RefPtr<mozilla::MozPromise<mozilla::dom::ClientOpResult, mozilla::CopyableErrorResult, false> > (mozilla::dom::ClientSource::*)(const mozilla::dom::ClientFocusArgs&), const mozilla::dom::ClientFocusArgs&)::<lambda(const mozilla::dom::PClientSourceOpChild::CopyableErrorResult&)>; ResolveValueT = mozilla::dom::ClientOpResult; RejectValueT = mozilla::CopyableErrorResult; bool IsExclusive = false]' at /home/lc/projekty/OpenKomodoIDE/mozilla/build/moz14000-ko14.10/mozilla/obj-x86_64-pc-linux-gnu/dist/include/mozilla/MozPromise.h:871:30:
 4:00.90 /home/lc/projekty/OpenKomodoIDE/mozilla/build/moz14000-ko14.10/mozilla/obj-x86_64-pc-linux-gnu/dist/include/mozilla/MozPromise.h:678:21: warning: 'this' pointer is null [-Wnonnull]
 4:00.90   678 |       aFrom->ChainTo(aTo.forget(), "<chained completion promise>");
 4:00.90       |       ~~~~~~~~~~~~~~^~~~~~~~~~~~~~~~~~~~~~~~~~~~~~~~~~~~~~~~~~~~~~
 4:00.90 /home/lc/projekty/OpenKomodoIDE/mozilla/build/moz14000-ko14.10/mozilla/obj-x86_64-pc-linux-gnu/dist/include/mozilla/MozPromise.h: In member function 'void mozilla::MozPromise<ResolveValueT, RejectValueT, IsExclusive>::ThenValue<ResolveFunction, RejectFunction>::DoResolveOrRejectInternal(mozilla::MozPromise<ResolveValueT, RejectValueT, IsExclusive>::ResolveOrRejectValue&) [with ResolveFunction = mozilla::dom::ClientSourceOpChild::DoSourceOp<RefPtr<mozilla::MozPromise<mozilla::dom::ClientOpResult, mozilla::CopyableErrorResult, false> > (mozilla::dom::ClientSource::*)(const mozilla::dom::ClientFocusArgs&), const mozilla::dom::ClientFocusArgs&>(RefPtr<mozilla::MozPromise<mozilla::dom::ClientOpResult, mozilla::CopyableErrorResult, false> > (mozilla::dom::ClientSource::*)(const mozilla::dom::ClientFocusArgs&), const mozilla::dom::ClientFocusArgs&)::<lambda(const mozilla::dom::ClientOpResult&)>; RejectFunction = mozilla::dom::ClientSourceOpChild::DoSourceOp<RefPtr<mozilla::MozPromise<mozilla::dom::ClientOpResult, mozilla::CopyableErrorResult, false> > (mozilla::dom::ClientSource::*)(const mozilla::dom::ClientFocusArgs&), const mozilla::dom::ClientFocusArgs&>(RefPtr<mozilla::MozPromise<mozilla::dom::ClientOpResult, mozilla::CopyableErrorResult, false> > (mozilla::dom::ClientSource::*)(const mozilla::dom::ClientFocusArgs&), const mozilla::dom::ClientFocusArgs&)::<lambda(const mozilla::dom::PClientSourceOpChild::CopyableErrorResult&)>; ResolveValueT = mozilla::dom::ClientOpResult; RejectValueT = mozilla::CopyableErrorResult; bool IsExclusive = false]':
 4:00.90 /home/lc/projekty/OpenKomodoIDE/mozilla/build/moz14000-ko14.10/mozilla/obj-x86_64-pc-linux-gnu/dist/include/mozilla/MozPromise.h:1191:8: note: in a call to non-static member function 'void mozilla::MozPromise<ResolveValueT, RejectValueT, IsExclusive>::ChainTo(already_AddRefed<Private>, mozilla::StaticString) [with ResolveValueT = mozilla::dom::ClientOpResult; RejectValueT = mozilla::CopyableErrorResult; bool IsExclusive = false]'
 4:00.90  1191 |   void ChainTo(already_AddRefed<Private> aChainedPromise,
 4:00.90       |        ^~~~~~~
 4:00.96 In static member function 'static void mozilla::MozPromise<ResolveValueT, RejectValueT, IsExclusive>::MaybeChain(PromiseType*, RefPtr<typename PromiseType::Private>&&) [with PromiseType = mozilla::MozPromise<mozilla::dom::ClientOpResult, mozilla::CopyableErrorResult, false>; ResolveValueT = mozilla::dom::ClientOpResult; RejectValueT = mozilla::CopyableErrorResult; bool IsExclusive = false]',
 4:00.96     inlined from 'void mozilla::MozPromise<ResolveValueT, RejectValueT, IsExclusive>::ThenValue<ResolveFunction, RejectFunction>::DoResolveOrRejectInternal(mozilla::MozPromise<ResolveValueT, RejectValueT, IsExclusive>::ResolveOrRejectValue&) [with ResolveFunction = mozilla::dom::{anonymous}::WaitForLoad(const ClientOpenWindowArgsParsed&, mozilla::dom::BrowsingContext*, mozilla::MozPromise<mozilla::dom::ClientOpResult, mozilla::CopyableErrorResult, false>::Private*)::<lambda(const mozilla::dom::ClientOpResult&)>; RejectFunction = mozilla::dom::{anonymous}::WaitForLoad(const ClientOpenWindowArgsParsed&, mozilla::dom::BrowsingContext*, mozilla::MozPromise<mozilla::dom::ClientOpResult, mozilla::CopyableErrorResult, false>::Private*)::<lambda(const mozilla::CopyableErrorResult&)>; ResolveValueT = mozilla::dom::ClientOpResult; RejectValueT = mozilla::CopyableErrorResult; bool IsExclusive = false]' at /home/lc/projekty/OpenKomodoIDE/mozilla/build/moz14000-ko14.10/mozilla/obj-x86_64-pc-linux-gnu/dist/include/mozilla/MozPromise.h:871:30:
 4:00.96 /home/lc/projekty/OpenKomodoIDE/mozilla/build/moz14000-ko14.10/mozilla/obj-x86_64-pc-linux-gnu/dist/include/mozilla/MozPromise.h:678:21: warning: 'this' pointer is null [-Wnonnull]
 4:00.96   678 |       aFrom->ChainTo(aTo.forget(), "<chained completion promise>");
 4:00.96       |       ~~~~~~~~~~~~~~^~~~~~~~~~~~~~~~~~~~~~~~~~~~~~~~~~~~~~~~~~~~~~
 4:00.96 /home/lc/projekty/OpenKomodoIDE/mozilla/build/moz14000-ko14.10/mozilla/obj-x86_64-pc-linux-gnu/dist/include/mozilla/MozPromise.h: In member function 'void mozilla::MozPromise<ResolveValueT, RejectValueT, IsExclusive>::ThenValue<ResolveFunction, RejectFunction>::DoResolveOrRejectInternal(mozilla::MozPromise<ResolveValueT, RejectValueT, IsExclusive>::ResolveOrRejectValue&) [with ResolveFunction = mozilla::dom::{anonymous}::WaitForLoad(const ClientOpenWindowArgsParsed&, mozilla::dom::BrowsingContext*, mozilla::MozPromise<mozilla::dom::ClientOpResult, mozilla::CopyableErrorResult, false>::Private*)::<lambda(const mozilla::dom::ClientOpResult&)>; RejectFunction = mozilla::dom::{anonymous}::WaitForLoad(const ClientOpenWindowArgsParsed&, mozilla::dom::BrowsingContext*, mozilla::MozPromise<mozilla::dom::ClientOpResult, mozilla::CopyableErrorResult, false>::Private*)::<lambda(const mozilla::CopyableErrorResult&)>; ResolveValueT = mozilla::dom::ClientOpResult; RejectValueT = mozilla::CopyableErrorResult; bool IsExclusive = false]':
 4:00.96 /home/lc/projekty/OpenKomodoIDE/mozilla/build/moz14000-ko14.10/mozilla/obj-x86_64-pc-linux-gnu/dist/include/mozilla/MozPromise.h:1191:8: note: in a call to non-static member function 'void mozilla::MozPromise<ResolveValueT, RejectValueT, IsExclusive>::ChainTo(already_AddRefed<Private>, mozilla::StaticString) [with ResolveValueT = mozilla::dom::ClientOpResult; RejectValueT = mozilla::CopyableErrorResult; bool IsExclusive = false]'
 4:00.96  1191 |   void ChainTo(already_AddRefed<Private> aChainedPromise,
 4:00.96       |        ^~~~~~~
 4:05.50 In static member function 'static void mozilla::MozPromise<ResolveValueT, RejectValueT, IsExclusive>::MaybeChain(PromiseType*, RefPtr<typename PromiseType::Private>&&) [with PromiseType = mozilla::MozPromise<RefPtr<mozilla::dom::BrowsingContext>, mozilla::CopyableErrorResult, false>; ResolveValueT = RefPtr<mozilla::dom::BrowsingContext>; RejectValueT = mozilla::CopyableErrorResult; bool IsExclusive = false]',
 4:05.50     inlined from 'void mozilla::MozPromise<ResolveValueT, RejectValueT, IsExclusive>::ThenValue<ResolveFunction, RejectFunction>::DoResolveOrRejectInternal(mozilla::MozPromise<ResolveValueT, RejectValueT, IsExclusive>::ResolveOrRejectValue&) [with ResolveFunction = mozilla::dom::ClientOpenWindow(ThreadsafeContentParentHandle*, const ClientOpenWindowArgs&)::<lambda(const RefPtr<mozilla::dom::BrowsingContext>&)>; RejectFunction = mozilla::dom::ClientOpenWindow(ThreadsafeContentParentHandle*, const ClientOpenWindowArgs&)::<lambda()>; ResolveValueT = RefPtr<mozilla::dom::BrowsingContext>; RejectValueT = mozilla::CopyableErrorResult; bool IsExclusive = false]' at /home/lc/projekty/OpenKomodoIDE/mozilla/build/moz14000-ko14.10/mozilla/obj-x86_64-pc-linux-gnu/dist/include/mozilla/MozPromise.h:871:30:
 4:05.50 /home/lc/projekty/OpenKomodoIDE/mozilla/build/moz14000-ko14.10/mozilla/obj-x86_64-pc-linux-gnu/dist/include/mozilla/MozPromise.h:678:21: warning: 'this' pointer is null [-Wnonnull]
 4:05.50   678 |       aFrom->ChainTo(aTo.forget(), "<chained completion promise>");
 4:05.50       |       ~~~~~~~~~~~~~~^~~~~~~~~~~~~~~~~~~~~~~~~~~~~~~~~~~~~~~~~~~~~~
 4:05.50 /home/lc/projekty/OpenKomodoIDE/mozilla/build/moz14000-ko14.10/mozilla/obj-x86_64-pc-linux-gnu/dist/include/mozilla/MozPromise.h: In member function 'void mozilla::MozPromise<ResolveValueT, RejectValueT, IsExclusive>::ThenValue<ResolveFunction, RejectFunction>::DoResolveOrRejectInternal(mozilla::MozPromise<ResolveValueT, RejectValueT, IsExclusive>::ResolveOrRejectValue&) [with ResolveFunction = mozilla::dom::ClientOpenWindow(ThreadsafeContentParentHandle*, const ClientOpenWindowArgs&)::<lambda(const RefPtr<mozilla::dom::BrowsingContext>&)>; RejectFunction = mozilla::dom::ClientOpenWindow(ThreadsafeContentParentHandle*, const ClientOpenWindowArgs&)::<lambda()>; ResolveValueT = RefPtr<mozilla::dom::BrowsingContext>; RejectValueT = mozilla::CopyableErrorResult; bool IsExclusive = false]':
 4:05.50 /home/lc/projekty/OpenKomodoIDE/mozilla/build/moz14000-ko14.10/mozilla/obj-x86_64-pc-linux-gnu/dist/include/mozilla/MozPromise.h:1191:8: note: in a call to non-static member function 'void mozilla::MozPromise<ResolveValueT, RejectValueT, IsExclusive>::ChainTo(already_AddRefed<Private>, mozilla::StaticString) [with ResolveValueT = RefPtr<mozilla::dom::BrowsingContext>; RejectValueT = mozilla::CopyableErrorResult; bool IsExclusive = false]'
 4:05.50  1191 |   void ChainTo(already_AddRefed<Private> aChainedPromise,
 4:05.50       |        ^~~~~~~
 4:20.93 In file included from /home/lc/projekty/OpenKomodoIDE/mozilla/build/moz14000-ko14.10/mozilla/layout/generic/nsIFrame.h:52,
 4:20.93                  from /home/lc/projekty/OpenKomodoIDE/mozilla/build/moz14000-ko14.10/mozilla/dom/base/nsIContentInlines.h:14,
 4:20.93                  from /home/lc/projekty/OpenKomodoIDE/mozilla/build/moz14000-ko14.10/mozilla/obj-x86_64-pc-linux-gnu/dist/include/mozilla/EditorBase.h:33,
 4:20.93                  from /home/lc/projekty/OpenKomodoIDE/mozilla/build/moz14000-ko14.10/mozilla/obj-x86_64-pc-linux-gnu/dist/include/mozilla/TextEditor.h:9,
 4:20.93                  from /home/lc/projekty/OpenKomodoIDE/mozilla/build/moz14000-ko14.10/mozilla/obj-x86_64-pc-linux-gnu/dist/include/mozilla/dom/HTMLTextAreaElement.h:13,
 4:20.93                  from HTMLTextAreaElementBinding.cpp:28,
 4:20.93                  from UnifiedBindings10.cpp:262:
 4:20.93 /home/lc/projekty/OpenKomodoIDE/mozilla/build/moz14000-ko14.10/mozilla/obj-x86_64-pc-linux-gnu/dist/include/FrameProperties.h: In instantiation of 'static mozilla::FrameProperties::PropertyType<T> mozilla::FrameProperties::ReinterpretHelper<T>::FromInternalValue(uint64_t) [with T = mozilla::SmallValueHolder<mozilla::FrameBidiData>; mozilla::FrameProperties::PropertyType<T> = mozilla::FrameBidiData; uint64_t = long unsigned int]':
 4:20.93 /home/lc/projekty/OpenKomodoIDE/mozilla/build/moz14000-ko14.10/mozilla/obj-x86_64-pc-linux-gnu/dist/include/FrameProperties.h:202:51:   required from 'mozilla::FrameProperties::PropertyType<T> mozilla::FrameProperties::Get(Descriptor<T>, bool*) const [with T = mozilla::SmallValueHolder<mozilla::FrameBidiData>; PropertyType<T> = mozilla::FrameBidiData; Descriptor<T> = const mozilla::FramePropertyDescriptor<mozilla::SmallValueHolder<mozilla::FrameBidiData> >*]'
 4:20.93   202 |     return ReinterpretHelper<T>::FromInternalValue(v);
 4:20.93       |            ~~~~~~~~~~~~~~~~~~~~~~~~~~~~~~~~~~~~~~~^~~
 4:20.93 /home/lc/projekty/OpenKomodoIDE/mozilla/build/moz14000-ko14.10/mozilla/layout/generic/nsIFrame.h:4451:27:   required from 'mozilla::FrameProperties::PropertyType<T> nsIFrame::GetProperty(mozilla::FrameProperties::Descriptor<T>, bool*) const [with T = mozilla::SmallValueHolder<mozilla::FrameBidiData>; mozilla::FrameProperties::PropertyType<T> = mozilla::FrameBidiData; mozilla::FrameProperties::Descriptor<T> = const mozilla::FramePropertyDescriptor<mozilla::SmallValueHolder<mozilla::FrameBidiData> >*]'
 4:20.93  4451 |     return mProperties.Get(aProperty, aFoundResult);
 4:20.93       |            ~~~~~~~~~~~~~~~^~~~~~~~~~~~~~~~~~~~~~~~~
 4:20.93 /home/lc/projekty/OpenKomodoIDE/mozilla/build/moz14000-ko14.10/mozilla/layout/generic/nsIFrame.h:1542:50:   required from here
 4:20.93  1542 |     mozilla::FrameBidiData bidiData = GetProperty(BidiDataProperty(), &exists);
 4:20.93       |                                       ~~~~~~~~~~~^~~~~~~~~~~~~~~~~~~~~~~~~~~~~
 4:20.93 /home/lc/projekty/OpenKomodoIDE/mozilla/build/moz14000-ko14.10/mozilla/obj-x86_64-pc-linux-gnu/dist/include/FrameProperties.h:302:13: warning: 'void* memcpy(void*, const void*, size_t)' copying an object of non-trivial type 'mozilla::FrameProperties::PropertyType<mozilla::SmallValueHolder<mozilla::FrameBidiData> >' {aka 'struct mozilla::FrameBidiData'} from an array of 'uint64_t' {aka 'long unsigned int'} [-Wclass-memaccess]
 4:20.93   302 |       memcpy(&value, &aInternalValue, sizeof(value));
 4:20.93       |       ~~~~~~^~~~~~~~~~~~~~~~~~~~~~~~~~~~~~~~~~~~~~~~
 4:20.93 /home/lc/projekty/OpenKomodoIDE/mozilla/build/moz14000-ko14.10/mozilla/layout/generic/nsIFrame.h:413:8: note: 'mozilla::FrameProperties::PropertyType<mozilla::SmallValueHolder<mozilla::FrameBidiData> >' {aka 'struct mozilla::FrameBidiData'} declared here
 4:20.93   413 | struct FrameBidiData {
 4:20.93       |        ^~~~~~~~~~~~~
 4:20.94 g++: fatal error: Killed signal terminated program cc1plus
 4:20.94 compilation terminated.
 4:22.06 In file included from /home/lc/projekty/OpenKomodoIDE/mozilla/build/moz14000-ko14.10/mozilla/obj-x86_64-pc-linux-gnu/dist/include/mozilla/ipc/SideVariant.h:10,
 4:22.06                  from /home/lc/projekty/OpenKomodoIDE/mozilla/build/moz14000-ko14.10/mozilla/obj-x86_64-pc-linux-gnu/ipc/ipdl/_ipdlheaders/mozilla/layers/LayersMessages.h:36,
 4:22.06                  from /home/lc/projekty/OpenKomodoIDE/mozilla/build/moz14000-ko14.10/mozilla/obj-x86_64-pc-linux-gnu/dist/include/mozilla/layers/TextureHost.h:23,
 4:22.06                  from /home/lc/projekty/OpenKomodoIDE/mozilla/build/moz14000-ko14.10/mozilla/obj-x86_64-pc-linux-gnu/dist/include/mozilla/layers/AsyncImagePipelineOp.h:12,
 4:22.06                  from /home/lc/projekty/OpenKomodoIDE/mozilla/build/moz14000-ko14.10/mozilla/obj-x86_64-pc-linux-gnu/dist/include/mozilla/webrender/WebRenderAPI.h:18,
 4:22.06                  from /home/lc/projekty/OpenKomodoIDE/mozilla/build/moz14000-ko14.10/mozilla/obj-x86_64-pc-linux-gnu/dist/include/mozilla/layers/WebRenderUserData.h:12,
 4:22.06                  from /home/lc/projekty/OpenKomodoIDE/mozilla/build/moz14000-ko14.10/mozilla/obj-x86_64-pc-linux-gnu/dist/include/nsDisplayListInvalidation.h:11,
 4:22.06                  from /home/lc/projekty/OpenKomodoIDE/mozilla/build/moz14000-ko14.10/mozilla/obj-x86_64-pc-linux-gnu/dist/include/nsDisplayList.h:49,
 4:22.06                  from /home/lc/projekty/OpenKomodoIDE/mozilla/build/moz14000-ko14.10/mozilla/dom/canvas/CanvasRenderingContext2D.cpp:47,
 4:22.06                  from Unified_cpp_dom_canvas0.cpp:38:
 4:22.06 /usr/include/c++/14/variant: In member function 'constexpr void std::__detail::__variant::_Variant_storage<false, _Types ...>::_M_reset()':
 4:22.06 /usr/include/c++/14/variant:493: note: '-Wmisleading-indentation' is disabled from this point onwards, since column-tracking was disabled due to the size of the code/headers
 4:22.06   493 |         if (!_M_valid()) [[__unlikely__]]
 4:22.06 /usr/include/c++/14/variant:493: note: adding '-flarge-source-files' will allow for more column-tracking support, at the expense of compilation time and memory
 4:23.11 gmake[4]: *** [/home/lc/projekty/OpenKomodoIDE/mozilla/build/moz14000-ko14.10/mozilla/config/rules.mk:676: UnifiedBindings1.o] Error 1
 4:23.11 gmake[4]: *** Deleting file 'UnifiedBindings1.o'
 4:23.11 gmake[4]: *** Waiting for unfinished jobs....
 4:23.14 dom/console
 4:23.29 error: could not compile `firefox-on-glean` (lib)
 4:23.29 Caused by:
 4:23.32   process didn't exit successfully: `/home/lc/.rustup/toolchains/stable-x86_64-unknown-linux-gnu/bin/rustc --crate-name firefox_on_glean --edition=2018 toolkit/components/glean/api/src/lib.rs --error-format=json --json=diagnostic-rendered-ansi,artifacts,future-incompat --crate-type lib --emit=dep-info,metadata,link -C opt-level=2 -C panic=abort -C embed-bitcode=no --cfg 'feature="gecko-profiler"' --cfg 'feature="nsstring"' --cfg 'feature="with_gecko"' --cfg 'feature="xpcom"' --check-cfg 'cfg(docsrs,test)' --check-cfg 'cfg(feature, values("gecko-profiler", "nsstring", "with_gecko", "xpcom"))' -C metadata=9f50acde37b81565 -C extra-filename=-f1d954dd45730ee4 --out-dir /home/lc/projekty/OpenKomodoIDE/mozilla/build/moz14000-ko14.10/mozilla/obj-x86_64-pc-linux-gnu/x86_64-unknown-linux-gnu/release/deps --target x86_64-unknown-linux-gnu -C linker=/home/lc/projekty/OpenKomodoIDE/mozilla/build/moz14000-ko14.10/mozilla/build/cargo-linker -C strip=debuginfo -L dependency=/home/lc/projekty/OpenKomodoIDE/mozilla/build/moz14000-ko14.10/mozilla/obj-x86_64-pc-linux-gnu/x86_64-unknown-linux-gnu/release/deps -L dependency=/home/lc/projekty/OpenKomodoIDE/mozilla/build/moz14000-ko14.10/mozilla/obj-x86_64-pc-linux-gnu/release/deps --extern bincode=/home/lc/projekty/OpenKomodoIDE/mozilla/build/moz14000-ko14.10/mozilla/obj-x86_64-pc-linux-gnu/x86_64-unknown-linux-gnu/release/deps/libbincode-78c4bfb000741390.rmeta --extern chrono=/home/lc/projekty/OpenKomodoIDE/mozilla/build/moz14000-ko14.10/mozilla/obj-x86_64-pc-linux-gnu/x86_64-unknown-linux-gnu/release/deps/libchrono-bb3040780e0d5bf1.rmeta --extern gecko_profiler=/home/lc/projekty/OpenKomodoIDE/mozilla/build/moz14000-ko14.10/mozilla/obj-x86_64-pc-linux-gnu/x86_64-unknown-linux-gnu/release/deps/libgecko_profiler-e907828ce00bf6a1.rmeta --extern glean=/home/lc/projekty/OpenKomodoIDE/mozilla/build/moz14000-ko14.10/mozilla/obj-x86_64-pc-linux-gnu/x86_64-unknown-linux-gnu/release/deps/libglean-f9a2efa00fd14464.rmeta --extern inherent=/home/lc/projekty/OpenKomodoIDE/mozilla/build/moz14000-ko14.10/mozilla/obj-x86_64-pc-linux-gnu/release/deps/libinherent-8e3a139753a718b9.so --extern log=/home/lc/projekty/OpenKomodoIDE/mozilla/build/moz14000-ko14.10/mozilla/obj-x86_64-pc-linux-gnu/x86_64-unknown-linux-gnu/release/deps/liblog-396d11eb114b6ccb.rmeta --extern mozbuild=/home/lc/projekty/OpenKomodoIDE/mozilla/build/moz14000-ko14.10/mozilla/obj-x86_64-pc-linux-gnu/x86_64-unknown-linux-gnu/release/deps/libmozbuild-59ba1c14ec7b8aec.rmeta --extern nserror=/home/lc/projekty/OpenKomodoIDE/mozilla/build/moz14000-ko14.10/mozilla/obj-x86_64-pc-linux-gnu/x86_64-unknown-linux-gnu/release/deps/libnserror-4494cf902422f5e8.rmeta --extern nsstring=/home/lc/projekty/OpenKomodoIDE/mozilla/build/moz14000-ko14.10/mozilla/obj-x86_64-pc-linux-gnu/x86_64-unknown-linux-gnu/release/deps/libnsstring-77c3ebfd7751a03b.rmeta --extern once_cell=/home/lc/projekty/OpenKomodoIDE/mozilla/build/moz14000-ko14.10/mozilla/obj-x86_64-pc-linux-gnu/x86_64-unknown-linux-gnu/release/deps/libonce_cell-8115e46bf2ab89b0.rmeta --extern serde=/home/lc/projekty/OpenKomodoIDE/mozilla/build/moz14000-ko14.10/mozilla/obj-x86_64-pc-linux-gnu/x86_64-unknown-linux-gnu/release/deps/libserde-4ce8f5e033699afa.rmeta --extern serde_json=/home/lc/projekty/OpenKomodoIDE/mozilla/build/moz14000-ko14.10/mozilla/obj-x86_64-pc-linux-gnu/x86_64-unknown-linux-gnu/release/deps/libserde_json-6dac786aa2447cff.rmeta --extern thin_vec=/home/lc/projekty/OpenKomodoIDE/mozilla/build/moz14000-ko14.10/mozilla/obj-x86_64-pc-linux-gnu/x86_64-unknown-linux-gnu/release/deps/libthin_vec-e75d8bbe49214072.rmeta --extern time=/home/lc/projekty/OpenKomodoIDE/mozilla/build/moz14000-ko14.10/mozilla/obj-x86_64-pc-linux-gnu/x86_64-unknown-linux-gnu/release/deps/libtime-c829dc58fdda193e.rmeta --extern uuid=/home/lc/projekty/OpenKomodoIDE/mozilla/build/moz14000-ko14.10/mozilla/obj-x86_64-pc-linux-gnu/x86_64-unknown-linux-gnu/release/deps/libuuid-e0eec29d56303bd9.rmeta --extern malloc_size_of=/home/lc/projekty/OpenKomodoIDE/mozilla/build/moz14000-ko14.10/mozilla/obj-x86_64-pc-linux-gnu/x86_64-unknown-linux-gnu/release/deps/libwr_malloc_size_of-2c95877a7e8c6239.rmeta --extern xpcom=/home/lc/projekty/OpenKomodoIDE/mozilla/build/moz14000-ko14.10/mozilla/obj-x86_64-pc-linux-gnu/x86_64-unknown-linux-gnu/release/deps/libxpcom-11c39baec716ad5e.rmeta -C debuginfo=2 --cap-lints warn -Cembed-bitcode=yes -C codegen-units=1` (signal: 9, SIGKILL: kill)
 4:27.22 gmake[4]: *** [/home/lc/projekty/OpenKomodoIDE/mozilla/build/moz14000-ko14.10/mozilla/config/makefiles/rust.mk:528: force-cargo-library-build] Error 101
 4:27.23 gmake[3]: *** [/home/lc/projekty/OpenKomodoIDE/mozilla/build/moz14000-ko14.10/mozilla/config/recurse.mk:72: toolkit/library/rust/target-objects] Error 2
 4:27.24 gmake[3]: *** Waiting for unfinished jobs....
 4:29.04 In file included from /home/lc/projekty/OpenKomodoIDE/mozilla/build/moz14000-ko14.10/mozilla/obj-x86_64-pc-linux-gnu/dist/include/mozilla/layers/AnimationStorageData.h:15,
 4:29.04                  from /home/lc/projekty/OpenKomodoIDE/mozilla/build/moz14000-ko14.10/mozilla/obj-x86_64-pc-linux-gnu/dist/include/mozilla/layers/AnimationInfo.h:15,
 4:29.04                  from /home/lc/projekty/OpenKomodoIDE/mozilla/build/moz14000-ko14.10/mozilla/obj-x86_64-pc-linux-gnu/dist/include/mozilla/layers/WebRenderUserData.h:14,
 4:29.04                  from /home/lc/projekty/OpenKomodoIDE/mozilla/build/moz14000-ko14.10/mozilla/obj-x86_64-pc-linux-gnu/dist/include/mozilla/dom/ImageBitmapRenderingContext.h:12,
 4:29.04                  from ImageBitmapRenderingContextBinding.cpp:23,
 4:29.04                  from UnifiedBindings11.cpp:197:
 4:29.04 /home/lc/projekty/OpenKomodoIDE/mozilla/build/moz14000-ko14.10/mozilla/obj-x86_64-pc-linux-gnu/dist/include/mozilla/TimingParams.h: In static member function 'static mozilla::Maybe<mozilla::BaseTimeDuration<mozilla::StickyTimeDurationValueCalculator> > mozilla::TimingParams::ParseDuration(DoubleOrString&, mozilla::ErrorResult&)':
 4:29.04 /home/lc/projekty/OpenKomodoIDE/mozilla/build/moz14000-ko14.10/mozilla/obj-x86_64-pc-linux-gnu/dist/include/mozilla/TimingParams.h:97: note: '-Wmisleading-indentation' is disabled from this point onwards, since column-tracking was disabled due to the size of the code/headers
 4:29.04    97 |     } else if (!aDuration.GetAsString().EqualsLiteral("auto")) {
 4:29.04 /home/lc/projekty/OpenKomodoIDE/mozilla/build/moz14000-ko14.10/mozilla/obj-x86_64-pc-linux-gnu/dist/include/mozilla/TimingParams.h:97: note: adding '-flarge-source-files' will allow for more column-tracking support, at the expense of compilation time and memory
 4:33.92 In file included from /home/lc/projekty/OpenKomodoIDE/mozilla/build/moz14000-ko14.10/mozilla/obj-x86_64-pc-linux-gnu/dist/include/mozilla/BitSet.h:13,
 4:33.92                  from /home/lc/projekty/OpenKomodoIDE/mozilla/build/moz14000-ko14.10/mozilla/obj-x86_64-pc-linux-gnu/dist/include/js/HeapAPI.h:11,
 4:33.92                  from /home/lc/projekty/OpenKomodoIDE/mozilla/build/moz14000-ko14.10/mozilla/obj-x86_64-pc-linux-gnu/dist/include/js/TracingAPI.h:11,
 4:33.92                  from /home/lc/projekty/OpenKomodoIDE/mozilla/build/moz14000-ko14.10/mozilla/obj-x86_64-pc-linux-gnu/dist/include/js/GCPolicyAPI.h:79,
 4:33.92                  from /home/lc/projekty/OpenKomodoIDE/mozilla/build/moz14000-ko14.10/mozilla/obj-x86_64-pc-linux-gnu/dist/include/js/RootingAPI.h:24,
 4:33.92                  from /home/lc/projekty/OpenKomodoIDE/mozilla/build/moz14000-ko14.10/mozilla/obj-x86_64-pc-linux-gnu/dist/include/js/CallAndConstruct.h:15,
 4:33.92                  from /home/lc/projekty/OpenKomodoIDE/mozilla/build/moz14000-ko14.10/mozilla/obj-x86_64-pc-linux-gnu/dist/include/mozilla/dom/IDBCursorBinding.h:6,
 4:33.92                  from IDBCursorBinding.cpp:4,
 4:33.92                  from UnifiedBindings11.cpp:2:
 4:33.92 /home/lc/projekty/OpenKomodoIDE/mozilla/build/moz14000-ko14.10/mozilla/obj-x86_64-pc-linux-gnu/dist/include/mozilla/PodOperations.h: In instantiation of 'void mozilla::PodZero(T*) [with T = xpc::GlobalProperties]':
 4:33.92 /home/lc/projekty/OpenKomodoIDE/mozilla/build/moz14000-ko14.10/mozilla/js/xpconnect/src/xpcprivate.h:2177:0:   required from here
 4:33.92  2177 |   GlobalProperties() { mozilla::PodZero(this); }
 4:33.92 /home/lc/projekty/OpenKomodoIDE/mozilla/build/moz14000-ko14.10/mozilla/obj-x86_64-pc-linux-gnu/dist/include/mozilla/PodOperations.h:37:9: warning: 'void* memset(void*, int, size_t)' clearing an object of non-trivial type 'struct xpc::GlobalProperties'; use assignment or value-initialization instead [-Wclass-memaccess]
 4:33.92    37 |   memset(aT, 0, sizeof(T));
 4:33.92       |   ~~~~~~^~~~~~~~~~~~~~~~~~
 4:33.92 In file included from /home/lc/projekty/OpenKomodoIDE/mozilla/build/moz14000-ko14.10/mozilla/obj-x86_64-pc-linux-gnu/dist/include/mozilla/dom/IntlUtils.h:11,
 4:33.92                  from IntlUtilsBinding.cpp:23,
 4:33.92                  from UnifiedBindings11.cpp:353:
 4:33.92 /home/lc/projekty/OpenKomodoIDE/mozilla/build/moz14000-ko14.10/mozilla/js/xpconnect/src/xpcprivate.h:2176: note: 'struct xpc::GlobalProperties' declared here
 4:33.92  2176 | struct GlobalProperties {
 4:34.96 In file included from /home/lc/projekty/OpenKomodoIDE/mozilla/build/moz14000-ko14.10/mozilla/layout/generic/nsIFrame.h:52,
 4:34.96                  from /home/lc/projekty/OpenKomodoIDE/mozilla/build/moz14000-ko14.10/mozilla/obj-x86_64-pc-linux-gnu/dist/include/mozilla/dom/CanvasRenderingContext2D.h:31,
 4:34.96                  from ImageBitmapBinding.cpp:22,
 4:34.96                  from UnifiedBindings11.cpp:184:
 4:34.96 /home/lc/projekty/OpenKomodoIDE/mozilla/build/moz14000-ko14.10/mozilla/obj-x86_64-pc-linux-gnu/dist/include/FrameProperties.h: In instantiation of 'static mozilla::FrameProperties::PropertyType<T> mozilla::FrameProperties::ReinterpretHelper<T>::FromInternalValue(uint64_t) [with T = mozilla::SmallValueHolder<mozilla::FrameBidiData>; mozilla::FrameProperties::PropertyType<T> = mozilla::FrameBidiData; uint64_t = long unsigned int]':
 4:34.96 /home/lc/projekty/OpenKomodoIDE/mozilla/build/moz14000-ko14.10/mozilla/obj-x86_64-pc-linux-gnu/dist/include/FrameProperties.h:202:51:   required from 'mozilla::FrameProperties::PropertyType<T> mozilla::FrameProperties::Get(Descriptor<T>, bool*) const [with T = mozilla::SmallValueHolder<mozilla::FrameBidiData>; PropertyType<T> = mozilla::FrameBidiData; Descriptor<T> = const mozilla::FramePropertyDescriptor<mozilla::SmallValueHolder<mozilla::FrameBidiData> >*]'
 4:34.96   202 |     return ReinterpretHelper<T>::FromInternalValue(v);
 4:34.96       |            ~~~~~~~~~~~~~~~~~~~~~~~~~~~~~~~~~~~~~~~^~~
 4:34.96 /home/lc/projekty/OpenKomodoIDE/mozilla/build/moz14000-ko14.10/mozilla/layout/generic/nsIFrame.h:4451:27:   required from 'mozilla::FrameProperties::PropertyType<T> nsIFrame::GetProperty(mozilla::FrameProperties::Descriptor<T>, bool*) const [with T = mozilla::SmallValueHolder<mozilla::FrameBidiData>; mozilla::FrameProperties::PropertyType<T> = mozilla::FrameBidiData; mozilla::FrameProperties::Descriptor<T> = const mozilla::FramePropertyDescriptor<mozilla::SmallValueHolder<mozilla::FrameBidiData> >*]'
 4:34.96  4451 |     return mProperties.Get(aProperty, aFoundResult);
 4:34.96       |            ~~~~~~~~~~~~~~~^~~~~~~~~~~~~~~~~~~~~~~~~
 4:34.96 /home/lc/projekty/OpenKomodoIDE/mozilla/build/moz14000-ko14.10/mozilla/layout/generic/nsIFrame.h:1542:50:   required from here
 4:34.96  1542 |     mozilla::FrameBidiData bidiData = GetProperty(BidiDataProperty(), &exists);
 4:34.96       |                                       ~~~~~~~~~~~^~~~~~~~~~~~~~~~~~~~~~~~~~~~~
 4:34.96 /home/lc/projekty/OpenKomodoIDE/mozilla/build/moz14000-ko14.10/mozilla/obj-x86_64-pc-linux-gnu/dist/include/FrameProperties.h:302:13: warning: 'void* memcpy(void*, const void*, size_t)' copying an object of non-trivial type 'mozilla::FrameProperties::PropertyType<mozilla::SmallValueHolder<mozilla::FrameBidiData> >' {aka 'struct mozilla::FrameBidiData'} from an array of 'uint64_t' {aka 'long unsigned int'} [-Wclass-memaccess]
 4:34.96   302 |       memcpy(&value, &aInternalValue, sizeof(value));
 4:34.96       |       ~~~~~~^~~~~~~~~~~~~~~~~~~~~~~~~~~~~~~~~~~~~~~~
 4:34.96 /home/lc/projekty/OpenKomodoIDE/mozilla/build/moz14000-ko14.10/mozilla/layout/generic/nsIFrame.h:413:8: note: 'mozilla::FrameProperties::PropertyType<mozilla::SmallValueHolder<mozilla::FrameBidiData> >' {aka 'struct mozilla::FrameBidiData'} declared here
 4:34.96   413 | struct FrameBidiData {
 4:34.96       |        ^~~~~~~~~~~~~
 4:40.17 In file included from /home/lc/projekty/OpenKomodoIDE/mozilla/build/moz14000-ko14.10/mozilla/layout/generic/nsIFrame.h:52,
 4:40.17                  from /home/lc/projekty/OpenKomodoIDE/mozilla/build/moz14000-ko14.10/mozilla/obj-x86_64-pc-linux-gnu/dist/include/mozilla/dom/CanvasRenderingContext2D.h:31,
 4:40.17                  from /home/lc/projekty/OpenKomodoIDE/mozilla/build/moz14000-ko14.10/mozilla/dom/canvas/CanvasGradient.cpp:7,
 4:40.17                  from Unified_cpp_dom_canvas0.cpp:11:
 4:40.17 /home/lc/projekty/OpenKomodoIDE/mozilla/build/moz14000-ko14.10/mozilla/obj-x86_64-pc-linux-gnu/dist/include/FrameProperties.h: In instantiation of 'static mozilla::FrameProperties::PropertyType<T> mozilla::FrameProperties::ReinterpretHelper<T>::FromInternalValue(uint64_t) [with T = mozilla::SmallValueHolder<mozilla::FrameBidiData>; mozilla::FrameProperties::PropertyType<T> = mozilla::FrameBidiData; uint64_t = long unsigned int]':
 4:40.17 /home/lc/projekty/OpenKomodoIDE/mozilla/build/moz14000-ko14.10/mozilla/obj-x86_64-pc-linux-gnu/dist/include/FrameProperties.h:202:51:   required from 'mozilla::FrameProperties::PropertyType<T> mozilla::FrameProperties::Get(Descriptor<T>, bool*) const [with T = mozilla::SmallValueHolder<mozilla::FrameBidiData>; PropertyType<T> = mozilla::FrameBidiData; Descriptor<T> = const mozilla::FramePropertyDescriptor<mozilla::SmallValueHolder<mozilla::FrameBidiData> >*]'
 4:40.17   202 |     return ReinterpretHelper<T>::FromInternalValue(v);
 4:40.17       |            ~~~~~~~~~~~~~~~~~~~~~~~~~~~~~~~~~~~~~~~^~~
 4:40.17 /home/lc/projekty/OpenKomodoIDE/mozilla/build/moz14000-ko14.10/mozilla/layout/generic/nsIFrame.h:4451:27:   required from 'mozilla::FrameProperties::PropertyType<T> nsIFrame::GetProperty(mozilla::FrameProperties::Descriptor<T>, bool*) const [with T = mozilla::SmallValueHolder<mozilla::FrameBidiData>; mozilla::FrameProperties::PropertyType<T> = mozilla::FrameBidiData; mozilla::FrameProperties::Descriptor<T> = const mozilla::FramePropertyDescriptor<mozilla::SmallValueHolder<mozilla::FrameBidiData> >*]'
 4:40.17  4451 |     return mProperties.Get(aProperty, aFoundResult);
 4:40.17       |            ~~~~~~~~~~~~~~~^~~~~~~~~~~~~~~~~~~~~~~~~
 4:40.17 /home/lc/projekty/OpenKomodoIDE/mozilla/build/moz14000-ko14.10/mozilla/layout/generic/nsIFrame.h:1542:50:   required from here
 4:40.17  1542 |     mozilla::FrameBidiData bidiData = GetProperty(BidiDataProperty(), &exists);
 4:40.17       |                                       ~~~~~~~~~~~^~~~~~~~~~~~~~~~~~~~~~~~~~~~~
 4:40.17 /home/lc/projekty/OpenKomodoIDE/mozilla/build/moz14000-ko14.10/mozilla/obj-x86_64-pc-linux-gnu/dist/include/FrameProperties.h:302:13: warning: 'void* memcpy(void*, const void*, size_t)' copying an object of non-trivial type 'mozilla::FrameProperties::PropertyType<mozilla::SmallValueHolder<mozilla::FrameBidiData> >' {aka 'struct mozilla::FrameBidiData'} from an array of 'uint64_t' {aka 'long unsigned int'} [-Wclass-memaccess]
 4:40.17   302 |       memcpy(&value, &aInternalValue, sizeof(value));
 4:40.17       |       ~~~~~~^~~~~~~~~~~~~~~~~~~~~~~~~~~~~~~~~~~~~~~~
 4:40.17 /home/lc/projekty/OpenKomodoIDE/mozilla/build/moz14000-ko14.10/mozilla/layout/generic/nsIFrame.h:413:8: note: 'mozilla::FrameProperties::PropertyType<mozilla::SmallValueHolder<mozilla::FrameBidiData> >' {aka 'struct mozilla::FrameBidiData'} declared here
 4:40.17   413 | struct FrameBidiData {
 4:40.17       |        ^~~~~~~~~~~~~
 4:43.94 In file included from /home/lc/projekty/OpenKomodoIDE/mozilla/build/moz14000-ko14.10/mozilla/obj-x86_64-pc-linux-gnu/dist/include/mozilla/EffectCompositor.h:16,
 4:43.94                  from /home/lc/projekty/OpenKomodoIDE/mozilla/build/moz14000-ko14.10/mozilla/obj-x86_64-pc-linux-gnu/dist/include/nsDisplayList.h:30,
 4:43.94                  from /home/lc/projekty/OpenKomodoIDE/mozilla/build/moz14000-ko14.10/mozilla/dom/canvas/WebGLContext.cpp:49,
 4:43.94                  from Unified_cpp_dom_canvas1.cpp:119:
 4:43.94 /home/lc/projekty/OpenKomodoIDE/mozilla/build/moz14000-ko14.10/mozilla/obj-x86_64-pc-linux-gnu/dist/include/mozilla/PseudoElementHashEntry.h: In static member function 'static PLDHashNumber mozilla::PseudoElementHashEntry::HashKey(KeyTypePointer)':
 4:43.94 /home/lc/projekty/OpenKomodoIDE/mozilla/build/moz14000-ko14.10/mozilla/obj-x86_64-pc-linux-gnu/dist/include/mozilla/PseudoElementHashEntry.h:36: note: '-Wmisleading-indentation' is disabled from this point onwards, since column-tracking was disabled due to the size of the code/headers
 4:43.94    36 |     if (!aKey) return 0;
 4:43.94 /home/lc/projekty/OpenKomodoIDE/mozilla/build/moz14000-ko14.10/mozilla/obj-x86_64-pc-linux-gnu/dist/include/mozilla/PseudoElementHashEntry.h:36: note: adding '-flarge-source-files' will allow for more column-tracking support, at the expense of compilation time and memory
 4:45.61 In file included from /home/lc/projekty/OpenKomodoIDE/mozilla/build/moz14000-ko14.10/mozilla/obj-x86_64-pc-linux-gnu/dist/include/js/CallAndConstruct.h:15,
 4:45.61                  from /home/lc/projekty/OpenKomodoIDE/mozilla/build/moz14000-ko14.10/mozilla/obj-x86_64-pc-linux-gnu/dist/include/mozilla/dom/ConsoleBinding.h:6,
 4:45.61                  from /home/lc/projekty/OpenKomodoIDE/mozilla/build/moz14000-ko14.10/mozilla/obj-x86_64-pc-linux-gnu/dist/include/mozilla/dom/Console.h:11,
 4:45.61                  from /home/lc/projekty/OpenKomodoIDE/mozilla/build/moz14000-ko14.10/mozilla/dom/console/Console.cpp:7,
 4:45.61                  from Unified_cpp_dom_console0.cpp:2:
 4:45.61 In constructor 'JS::AutoGCRooter::AutoGCRooter(JS::RootingContext*, Kind)',
 4:45.61     inlined from 'JS::AutoGCRooter::AutoGCRooter(JSContext*, Kind)' at /home/lc/projekty/OpenKomodoIDE/mozilla/build/moz14000-ko14.10/mozilla/obj-x86_64-pc-linux-gnu/dist/include/js/RootingAPI.h:1089:55,
 4:45.61     inlined from 'JS::CustomAutoRooter::CustomAutoRooter(const CX&) [with CX = JSContext*]' at /home/lc/projekty/OpenKomodoIDE/mozilla/build/moz14000-ko14.10/mozilla/obj-x86_64-pc-linux-gnu/dist/include/js/RootingAPI.h:1131:52,
 4:45.61     inlined from 'mozilla::dom::SequenceRooter<T>::SequenceRooter(const CX&, nsTArray<E>*) [with CX = JSContext*; T = JS::Value]' at /home/lc/projekty/OpenKomodoIDE/mozilla/build/moz14000-ko14.10/mozilla/obj-x86_64-pc-linux-gnu/dist/include/mozilla/dom/BindingUtils.h:2377:39,
 4:45.61     inlined from 'mozilla::dom::ConsoleInstance::ConsoleInstance(JSContext*, const mozilla::dom::ConsoleInstanceOptions&)' at /home/lc/projekty/OpenKomodoIDE/mozilla/build/moz14000-ko14.10/mozilla/dom/console/ConsoleInstance.cpp:81:51:
 4:45.61 /home/lc/projekty/OpenKomodoIDE/mozilla/build/moz14000-ko14.10/mozilla/obj-x86_64-pc-linux-gnu/dist/include/js/RootingAPI.h:1095:15: warning: storing the address of local variable 'rootedSequence' in '*&MEM[(struct Array *)aCx_115(D) + 128B].mArr[2]' [-Wdangling-pointer=]
 4:45.61  1095 |     *stackTop = this;
 4:45.61       |     ~~~~~~~~~~^~~~~~
 4:45.61 In file included from Unified_cpp_dom_console0.cpp:11:
 4:45.61 /home/lc/projekty/OpenKomodoIDE/mozilla/build/moz14000-ko14.10/mozilla/dom/console/ConsoleInstance.cpp: In constructor 'mozilla::dom::ConsoleInstance::ConsoleInstance(JSContext*, const mozilla::dom::ConsoleInstanceOptions&)':
 4:45.61 /home/lc/projekty/OpenKomodoIDE/mozilla/build/moz14000-ko14.10/mozilla/dom/console/ConsoleInstance.cpp:81:22: note: 'rootedSequence' declared here
 4:45.61    81 |       SequenceRooter rootedSequence(aCx, &sequence);
 4:45.61       |                      ^~~~~~~~~~~~~~
 4:45.61 /home/lc/projekty/OpenKomodoIDE/mozilla/build/moz14000-ko14.10/mozilla/dom/console/ConsoleInstance.cpp:46:45: note: 'aCx' declared here
 4:45.61    46 | ConsoleInstance::ConsoleInstance(JSContext* aCx,
 4:45.61       |                                  ~~~~~~~~~~~^~~
 4:45.95 In file included from /home/lc/projekty/OpenKomodoIDE/mozilla/build/moz14000-ko14.10/mozilla/layout/generic/nsIFrame.h:52,
 4:45.95                  from /home/lc/projekty/OpenKomodoIDE/mozilla/build/moz14000-ko14.10/mozilla/obj-x86_64-pc-linux-gnu/dist/include/mozilla/WheelHandlingHelper.h:13,
 4:45.95                  from /home/lc/projekty/OpenKomodoIDE/mozilla/build/moz14000-ko14.10/mozilla/obj-x86_64-pc-linux-gnu/dist/include/InputData.h:17,
 4:45.95                  from /home/lc/projekty/OpenKomodoIDE/mozilla/build/moz14000-ko14.10/mozilla/obj-x86_64-pc-linux-gnu/dist/include/mozilla/layers/KeyboardMap.h:12,
 4:45.95                  from /home/lc/projekty/OpenKomodoIDE/mozilla/build/moz14000-ko14.10/mozilla/obj-x86_64-pc-linux-gnu/dist/include/mozilla/layers/LayersMessageUtils.h:35,
 4:45.95                  from /home/lc/projekty/OpenKomodoIDE/mozilla/build/moz14000-ko14.10/mozilla/obj-x86_64-pc-linux-gnu/ipc/ipdl/PWebGL.cpp:7,
 4:45.95                  from Unified_cpp_dom_canvas4.cpp:2:
 4:45.95 /home/lc/projekty/OpenKomodoIDE/mozilla/build/moz14000-ko14.10/mozilla/obj-x86_64-pc-linux-gnu/dist/include/FrameProperties.h: In instantiation of 'static mozilla::FrameProperties::PropertyType<T> mozilla::FrameProperties::ReinterpretHelper<T>::FromInternalValue(uint64_t) [with T = mozilla::SmallValueHolder<mozilla::FrameBidiData>; mozilla::FrameProperties::PropertyType<T> = mozilla::FrameBidiData; uint64_t = long unsigned int]':
 4:45.95 /home/lc/projekty/OpenKomodoIDE/mozilla/build/moz14000-ko14.10/mozilla/obj-x86_64-pc-linux-gnu/dist/include/FrameProperties.h:202:51:   required from 'mozilla::FrameProperties::PropertyType<T> mozilla::FrameProperties::Get(Descriptor<T>, bool*) const [with T = mozilla::SmallValueHolder<mozilla::FrameBidiData>; PropertyType<T> = mozilla::FrameBidiData; Descriptor<T> = const mozilla::FramePropertyDescriptor<mozilla::SmallValueHolder<mozilla::FrameBidiData> >*]'
 4:45.95   202 |     return ReinterpretHelper<T>::FromInternalValue(v);
 4:45.95       |            ~~~~~~~~~~~~~~~~~~~~~~~~~~~~~~~~~~~~~~~^~~
 4:45.95 /home/lc/projekty/OpenKomodoIDE/mozilla/build/moz14000-ko14.10/mozilla/layout/generic/nsIFrame.h:4451:27:   required from 'mozilla::FrameProperties::PropertyType<T> nsIFrame::GetProperty(mozilla::FrameProperties::Descriptor<T>, bool*) const [with T = mozilla::SmallValueHolder<mozilla::FrameBidiData>; mozilla::FrameProperties::PropertyType<T> = mozilla::FrameBidiData; mozilla::FrameProperties::Descriptor<T> = const mozilla::FramePropertyDescriptor<mozilla::SmallValueHolder<mozilla::FrameBidiData> >*]'
 4:45.95  4451 |     return mProperties.Get(aProperty, aFoundResult);
 4:45.95       |            ~~~~~~~~~~~~~~~^~~~~~~~~~~~~~~~~~~~~~~~~
 4:45.95 /home/lc/projekty/OpenKomodoIDE/mozilla/build/moz14000-ko14.10/mozilla/layout/generic/nsIFrame.h:1542:50:   required from here
 4:45.95  1542 |     mozilla::FrameBidiData bidiData = GetProperty(BidiDataProperty(), &exists);
 4:45.95       |                                       ~~~~~~~~~~~^~~~~~~~~~~~~~~~~~~~~~~~~~~~~
 4:45.95 /home/lc/projekty/OpenKomodoIDE/mozilla/build/moz14000-ko14.10/mozilla/obj-x86_64-pc-linux-gnu/dist/include/FrameProperties.h:302:13: warning: 'void* memcpy(void*, const void*, size_t)' copying an object of non-trivial type 'mozilla::FrameProperties::PropertyType<mozilla::SmallValueHolder<mozilla::FrameBidiData> >' {aka 'struct mozilla::FrameBidiData'} from an array of 'uint64_t' {aka 'long unsigned int'} [-Wclass-memaccess]
 4:45.95   302 |       memcpy(&value, &aInternalValue, sizeof(value));
 4:45.95       |       ~~~~~~^~~~~~~~~~~~~~~~~~~~~~~~~~~~~~~~~~~~~~~~
 4:45.95 /home/lc/projekty/OpenKomodoIDE/mozilla/build/moz14000-ko14.10/mozilla/layout/generic/nsIFrame.h:413:8: note: 'mozilla::FrameProperties::PropertyType<mozilla::SmallValueHolder<mozilla::FrameBidiData> >' {aka 'struct mozilla::FrameBidiData'} declared here
 4:45.95   413 | struct FrameBidiData {
 4:45.95       |        ^~~~~~~~~~~~~
 4:50.22 In file included from /home/lc/projekty/OpenKomodoIDE/mozilla/build/moz14000-ko14.10/mozilla/obj-x86_64-pc-linux-gnu/dist/include/nsIFrame.h:52,
 4:50.22                  from /home/lc/projekty/OpenKomodoIDE/mozilla/build/moz14000-ko14.10/mozilla/obj-x86_64-pc-linux-gnu/dist/include/nsCSSFrameConstructor.h:26,
 4:50.22                  from /home/lc/projekty/OpenKomodoIDE/mozilla/build/moz14000-ko14.10/mozilla/obj-x86_64-pc-linux-gnu/dist/include/mozilla/PresShell.h:32,
 4:50.22                  from /home/lc/projekty/OpenKomodoIDE/mozilla/build/moz14000-ko14.10/mozilla/dom/canvas/nsICanvasRenderingContextInternal.cpp:15,
 4:50.22                  from Unified_cpp_dom_canvas3.cpp:137:
 4:50.22 /home/lc/projekty/OpenKomodoIDE/mozilla/build/moz14000-ko14.10/mozilla/obj-x86_64-pc-linux-gnu/dist/include/FrameProperties.h: In instantiation of 'static mozilla::FrameProperties::PropertyType<T> mozilla::FrameProperties::ReinterpretHelper<T>::FromInternalValue(uint64_t) [with T = mozilla::SmallValueHolder<mozilla::FrameBidiData>; mozilla::FrameProperties::PropertyType<T> = mozilla::FrameBidiData; uint64_t = long unsigned int]':
 4:50.22 /home/lc/projekty/OpenKomodoIDE/mozilla/build/moz14000-ko14.10/mozilla/obj-x86_64-pc-linux-gnu/dist/include/FrameProperties.h:202:51:   required from 'mozilla::FrameProperties::PropertyType<T> mozilla::FrameProperties::Get(Descriptor<T>, bool*) const [with T = mozilla::SmallValueHolder<mozilla::FrameBidiData>; PropertyType<T> = mozilla::FrameBidiData; Descriptor<T> = const mozilla::FramePropertyDescriptor<mozilla::SmallValueHolder<mozilla::FrameBidiData> >*]'
 4:50.22   202 |     return ReinterpretHelper<T>::FromInternalValue(v);
 4:50.22       |            ~~~~~~~~~~~~~~~~~~~~~~~~~~~~~~~~~~~~~~~^~~
 4:50.22 /home/lc/projekty/OpenKomodoIDE/mozilla/build/moz14000-ko14.10/mozilla/obj-x86_64-pc-linux-gnu/dist/include/nsIFrame.h:4451:27:   required from 'mozilla::FrameProperties::PropertyType<T> nsIFrame::GetProperty(mozilla::FrameProperties::Descriptor<T>, bool*) const [with T = mozilla::SmallValueHolder<mozilla::FrameBidiData>; mozilla::FrameProperties::PropertyType<T> = mozilla::FrameBidiData; mozilla::FrameProperties::Descriptor<T> = const mozilla::FramePropertyDescriptor<mozilla::SmallValueHolder<mozilla::FrameBidiData> >*]'
 4:50.22  4451 |     return mProperties.Get(aProperty, aFoundResult);
 4:50.22       |            ~~~~~~~~~~~~~~~^~~~~~~~~~~~~~~~~~~~~~~~~
 4:50.22 /home/lc/projekty/OpenKomodoIDE/mozilla/build/moz14000-ko14.10/mozilla/obj-x86_64-pc-linux-gnu/dist/include/nsIFrame.h:1542:50:   required from here
 4:50.22  1542 |     mozilla::FrameBidiData bidiData = GetProperty(BidiDataProperty(), &exists);
 4:50.22       |                                       ~~~~~~~~~~~^~~~~~~~~~~~~~~~~~~~~~~~~~~~~
 4:50.22 /home/lc/projekty/OpenKomodoIDE/mozilla/build/moz14000-ko14.10/mozilla/obj-x86_64-pc-linux-gnu/dist/include/FrameProperties.h:302:13: warning: 'void* memcpy(void*, const void*, size_t)' copying an object of non-trivial type 'mozilla::FrameProperties::PropertyType<mozilla::SmallValueHolder<mozilla::FrameBidiData> >' {aka 'struct mozilla::FrameBidiData'} from an array of 'uint64_t' {aka 'long unsigned int'} [-Wclass-memaccess]
 4:50.22   302 |       memcpy(&value, &aInternalValue, sizeof(value));
 4:50.22       |       ~~~~~~^~~~~~~~~~~~~~~~~~~~~~~~~~~~~~~~~~~~~~~~
 4:50.22 /home/lc/projekty/OpenKomodoIDE/mozilla/build/moz14000-ko14.10/mozilla/obj-x86_64-pc-linux-gnu/dist/include/nsIFrame.h:413:8: note: 'mozilla::FrameProperties::PropertyType<mozilla::SmallValueHolder<mozilla::FrameBidiData> >' {aka 'struct mozilla::FrameBidiData'} declared here
 4:50.22   413 | struct FrameBidiData {
 4:50.22       |        ^~~~~~~~~~~~~
 4:50.56 In file included from /home/lc/projekty/OpenKomodoIDE/mozilla/build/moz14000-ko14.10/mozilla/obj-x86_64-pc-linux-gnu/dist/include/mozilla/SVGObserverUtils.h:13,
 4:50.56                  from /home/lc/projekty/OpenKomodoIDE/mozilla/build/moz14000-ko14.10/mozilla/dom/canvas/WebGLContext.cpp:46:
 4:50.56 /home/lc/projekty/OpenKomodoIDE/mozilla/build/moz14000-ko14.10/mozilla/obj-x86_64-pc-linux-gnu/dist/include/FrameProperties.h: In instantiation of 'static mozilla::FrameProperties::PropertyType<T> mozilla::FrameProperties::ReinterpretHelper<T>::FromInternalValue(uint64_t) [with T = mozilla::SmallValueHolder<mozilla::FrameBidiData>; mozilla::FrameProperties::PropertyType<T> = mozilla::FrameBidiData; uint64_t = long unsigned int]':
 4:50.56 /home/lc/projekty/OpenKomodoIDE/mozilla/build/moz14000-ko14.10/mozilla/obj-x86_64-pc-linux-gnu/dist/include/FrameProperties.h:202:51:   required from 'mozilla::FrameProperties::PropertyType<T> mozilla::FrameProperties::Get(Descriptor<T>, bool*) const [with T = mozilla::SmallValueHolder<mozilla::FrameBidiData>; PropertyType<T> = mozilla::FrameBidiData; Descriptor<T> = const mozilla::FramePropertyDescriptor<mozilla::SmallValueHolder<mozilla::FrameBidiData> >*]'
 4:50.56   202 |     return ReinterpretHelper<T>::FromInternalValue(v);
 4:50.56       |            ~~~~~~~~~~~~~~~~~~~~~~~~~~~~~~~~~~~~~~~^~~
 4:50.56 /home/lc/projekty/OpenKomodoIDE/mozilla/build/moz14000-ko14.10/mozilla/layout/generic/nsIFrame.h:4451:27:   required from 'mozilla::FrameProperties::PropertyType<T> nsIFrame::GetProperty(mozilla::FrameProperties::Descriptor<T>, bool*) const [with T = mozilla::SmallValueHolder<mozilla::FrameBidiData>; mozilla::FrameProperties::PropertyType<T> = mozilla::FrameBidiData; mozilla::FrameProperties::Descriptor<T> = const mozilla::FramePropertyDescriptor<mozilla::SmallValueHolder<mozilla::FrameBidiData> >*]'
 4:50.56  4451 |     return mProperties.Get(aProperty, aFoundResult);
 4:50.56       |            ~~~~~~~~~~~~~~~^~~~~~~~~~~~~~~~~~~~~~~~~
 4:50.56 /home/lc/projekty/OpenKomodoIDE/mozilla/build/moz14000-ko14.10/mozilla/layout/generic/nsIFrame.h:1542:50:   required from here
 4:50.56  1542 |     mozilla::FrameBidiData bidiData = GetProperty(BidiDataProperty(), &exists);
 4:50.56       |                                       ~~~~~~~~~~~^~~~~~~~~~~~~~~~~~~~~~~~~~~~~
 4:50.56 /home/lc/projekty/OpenKomodoIDE/mozilla/build/moz14000-ko14.10/mozilla/obj-x86_64-pc-linux-gnu/dist/include/FrameProperties.h:302:13: warning: 'void* memcpy(void*, const void*, size_t)' copying an object of non-trivial type 'mozilla::FrameProperties::PropertyType<mozilla::SmallValueHolder<mozilla::FrameBidiData> >' {aka 'struct mozilla::FrameBidiData'} from an array of 'uint64_t' {aka 'long unsigned int'} [-Wclass-memaccess]
 4:50.56   302 |       memcpy(&value, &aInternalValue, sizeof(value));
 4:50.56       |       ~~~~~~^~~~~~~~~~~~~~~~~~~~~~~~~~~~~~~~~~~~~~~~
 4:50.56 In file included from /home/lc/projekty/OpenKomodoIDE/mozilla/build/moz14000-ko14.10/mozilla/obj-x86_64-pc-linux-gnu/dist/include/mozilla/SVGObserverUtils.h:15:
 4:50.56 /home/lc/projekty/OpenKomodoIDE/mozilla/build/moz14000-ko14.10/mozilla/layout/generic/nsIFrame.h:413:8: note: 'mozilla::FrameProperties::PropertyType<mozilla::SmallValueHolder<mozilla::FrameBidiData> >' {aka 'struct mozilla::FrameBidiData'} declared here
 4:50.56   413 | struct FrameBidiData {
 4:50.56       |        ^~~~~~~~~~~~~
 5:06.34 In file included from /home/lc/projekty/OpenKomodoIDE/mozilla/build/moz14000-ko14.10/mozilla/modules/libpref/Preferences.h:18,
 5:06.35                  from /home/lc/projekty/OpenKomodoIDE/mozilla/build/moz14000-ko14.10/mozilla/obj-x86_64-pc-linux-gnu/dist/include/mozilla/StaticPrefListBegin.h:12,
 5:06.35                  from /home/lc/projekty/OpenKomodoIDE/mozilla/build/moz14000-ko14.10/mozilla/obj-x86_64-pc-linux-gnu/dist/include/mozilla/StaticPrefs_dom.h:7,
 5:06.35                  from /home/lc/projekty/OpenKomodoIDE/mozilla/build/moz14000-ko14.10/mozilla/dom/html/nsIFormControl.h:10,
 5:06.35                  from /home/lc/projekty/OpenKomodoIDE/mozilla/build/moz14000-ko14.10/mozilla/dom/html/nsGenericHTMLElement.h:12,
 5:06.35                  from /home/lc/projekty/OpenKomodoIDE/mozilla/build/moz14000-ko14.10/mozilla/obj-x86_64-pc-linux-gnu/dist/include/mozilla/dom/HTMLCanvasElement.h:15,
 5:06.35                  from /home/lc/projekty/OpenKomodoIDE/mozilla/build/moz14000-ko14.10/mozilla/dom/canvas/WebGLContext.h:23,
 5:06.35                  from /home/lc/projekty/OpenKomodoIDE/mozilla/build/moz14000-ko14.10/mozilla/dom/canvas/WebGL2Context.h:9,
 5:06.35                  from /home/lc/projekty/OpenKomodoIDE/mozilla/build/moz14000-ko14.10/mozilla/dom/canvas/WebGL2Context.cpp:6,
 5:06.35                  from Unified_cpp_dom_canvas1.cpp:2:
 5:06.35 In static member function 'static void mozilla::MozPromise<ResolveValueT, RejectValueT, IsExclusive>::MaybeChain(PromiseType*, RefPtr<typename PromiseType::Private>&&) [with PromiseType = mozilla::MozPromise<mozilla::void_t, mozilla::ipc::ResponseRejectReason, true>; ResolveValueT = mozilla::void_t; RejectValueT = mozilla::ipc::ResponseRejectReason; bool IsExclusive = true]',
 5:06.35     inlined from 'void mozilla::MozPromise<ResolveValueT, RejectValueT, IsExclusive>::ThenValue<ResolveRejectFunction>::DoResolveOrRejectInternal(mozilla::MozPromise<ResolveValueT, RejectValueT, IsExclusive>::ResolveOrRejectValue&) [with ResolveRejectFunction = mozilla::dom::WebGLChild::FlushPendingCmds()::<lambda()>; ResolveValueT = mozilla::void_t; RejectValueT = mozilla::ipc::ResponseRejectReason; bool IsExclusive = true]' at /home/lc/projekty/OpenKomodoIDE/mozilla/build/moz14000-ko14.10/mozilla/obj-x86_64-pc-linux-gnu/dist/include/mozilla/MozPromise.h:933:30:
 5:06.35 /home/lc/projekty/OpenKomodoIDE/mozilla/build/moz14000-ko14.10/mozilla/obj-x86_64-pc-linux-gnu/dist/include/mozilla/MozPromise.h:678:21: warning: 'this' pointer is null [-Wnonnull]
 5:06.35   678 |       aFrom->ChainTo(aTo.forget(), "<chained completion promise>");
 5:06.35       |       ~~~~~~~~~~~~~~^~~~~~~~~~~~~~~~~~~~~~~~~~~~~~~~~~~~~~~~~~~~~~
 5:06.35 /home/lc/projekty/OpenKomodoIDE/mozilla/build/moz14000-ko14.10/mozilla/obj-x86_64-pc-linux-gnu/dist/include/mozilla/MozPromise.h: In member function 'void mozilla::MozPromise<ResolveValueT, RejectValueT, IsExclusive>::ThenValue<ResolveRejectFunction>::DoResolveOrRejectInternal(mozilla::MozPromise<ResolveValueT, RejectValueT, IsExclusive>::ResolveOrRejectValue&) [with ResolveRejectFunction = mozilla::dom::WebGLChild::FlushPendingCmds()::<lambda()>; ResolveValueT = mozilla::void_t; RejectValueT = mozilla::ipc::ResponseRejectReason; bool IsExclusive = true]':
 5:06.35 /home/lc/projekty/OpenKomodoIDE/mozilla/build/moz14000-ko14.10/mozilla/obj-x86_64-pc-linux-gnu/dist/include/mozilla/MozPromise.h:1191:8: note: in a call to non-static member function 'void mozilla::MozPromise<ResolveValueT, RejectValueT, IsExclusive>::ChainTo(already_AddRefed<Private>, mozilla::StaticString) [with ResolveValueT = mozilla::void_t; RejectValueT = mozilla::ipc::ResponseRejectReason; bool IsExclusive = true]'
 5:06.35  1191 |   void ChainTo(already_AddRefed<Private> aChainedPromise,
 5:06.35       |        ^~~~~~~
 5:06.36 In static member function 'static void mozilla::MozPromise<ResolveValueT, RejectValueT, IsExclusive>::MaybeChain(PromiseType*, RefPtr<typename PromiseType::Private>&&) [with PromiseType = mozilla::MozPromise<mozilla::void_t, mozilla::ipc::ResponseRejectReason, true>; ResolveValueT = mozilla::void_t; RejectValueT = mozilla::ipc::ResponseRejectReason; bool IsExclusive = true]',
 5:06.36     inlined from 'void mozilla::MozPromise<ResolveValueT, RejectValueT, IsExclusive>::ThenValue<ResolveRejectFunction>::DoResolveOrRejectInternal(mozilla::MozPromise<ResolveValueT, RejectValueT, IsExclusive>::ResolveOrRejectValue&) [with ResolveRejectFunction = mozilla::dom::WebGLChild::FlushPendingCmds()::<lambda()>; ResolveValueT = mozilla::void_t; RejectValueT = mozilla::ipc::ResponseRejectReason; bool IsExclusive = true]' at /home/lc/projekty/OpenKomodoIDE/mozilla/build/moz14000-ko14.10/mozilla/obj-x86_64-pc-linux-gnu/dist/include/mozilla/MozPromise.h:933:30,
 5:06.36     inlined from 'void mozilla::MozPromise<ResolveValueT, RejectValueT, IsExclusive>::ThenValueBase::DoResolveOrReject(mozilla::MozPromise<ResolveValueT, RejectValueT, IsExclusive>::ResolveOrRejectValue&) [with ResolveValueT = mozilla::void_t; RejectValueT = mozilla::ipc::ResponseRejectReason; bool IsExclusive = true]' at /home/lc/projekty/OpenKomodoIDE/mozilla/build/moz14000-ko14.10/mozilla/obj-x86_64-pc-linux-gnu/dist/include/mozilla/MozPromise.h:621:32,
 5:06.36     inlined from 'nsresult mozilla::MozPromise<ResolveValueT, RejectValueT, IsExclusive>::ThenValueBase::ResolveOrRejectRunnable::Run() [with ResolveValueT = mozilla::void_t; RejectValueT = mozilla::ipc::ResponseRejectReason; bool IsExclusive = true]' at /home/lc/projekty/OpenKomodoIDE/mozilla/build/moz14000-ko14.10/mozilla/obj-x86_64-pc-linux-gnu/dist/include/mozilla/MozPromise.h:488:38:
 5:06.36 /home/lc/projekty/OpenKomodoIDE/mozilla/build/moz14000-ko14.10/mozilla/obj-x86_64-pc-linux-gnu/dist/include/mozilla/MozPromise.h:678:21: warning: 'this' pointer is null [-Wnonnull]
 5:06.36   678 |       aFrom->ChainTo(aTo.forget(), "<chained completion promise>");
 5:06.36       |       ~~~~~~~~~~~~~~^~~~~~~~~~~~~~~~~~~~~~~~~~~~~~~~~~~~~~~~~~~~~~
 5:06.36 /home/lc/projekty/OpenKomodoIDE/mozilla/build/moz14000-ko14.10/mozilla/obj-x86_64-pc-linux-gnu/dist/include/mozilla/MozPromise.h: In member function 'nsresult mozilla::MozPromise<ResolveValueT, RejectValueT, IsExclusive>::ThenValueBase::ResolveOrRejectRunnable::Run() [with ResolveValueT = mozilla::void_t; RejectValueT = mozilla::ipc::ResponseRejectReason; bool IsExclusive = true]':
 5:06.36 /home/lc/projekty/OpenKomodoIDE/mozilla/build/moz14000-ko14.10/mozilla/obj-x86_64-pc-linux-gnu/dist/include/mozilla/MozPromise.h:1191:8: note: in a call to non-static member function 'void mozilla::MozPromise<ResolveValueT, RejectValueT, IsExclusive>::ChainTo(already_AddRefed<Private>, mozilla::StaticString) [with ResolveValueT = mozilla::void_t; RejectValueT = mozilla::ipc::ResponseRejectReason; bool IsExclusive = true]'
 5:06.36  1191 |   void ChainTo(already_AddRefed<Private> aChainedPromise,
 5:06.36       |        ^~~~~~~
 5:09.44 gmake[3]: *** [/home/lc/projekty/OpenKomodoIDE/mozilla/build/moz14000-ko14.10/mozilla/config/recurse.mk:72: dom/bindings/target-objects] Error 2
 5:19.73 In file included from /home/lc/projekty/OpenKomodoIDE/mozilla/build/moz14000-ko14.10/mozilla/modules/libpref/Preferences.h:18,
 5:19.73                  from /home/lc/projekty/OpenKomodoIDE/mozilla/build/moz14000-ko14.10/mozilla/obj-x86_64-pc-linux-gnu/dist/include/mozilla/StaticPrefListBegin.h:12,
 5:19.73                  from /home/lc/projekty/OpenKomodoIDE/mozilla/build/moz14000-ko14.10/mozilla/obj-x86_64-pc-linux-gnu/dist/include/mozilla/StaticPrefs_privacy.h:7,
 5:19.73                  from /home/lc/projekty/OpenKomodoIDE/mozilla/build/moz14000-ko14.10/mozilla/obj-x86_64-pc-linux-gnu/dist/include/mozilla/OriginAttributes.h:11,
 5:19.73                  from /home/lc/projekty/OpenKomodoIDE/mozilla/build/moz14000-ko14.10/mozilla/obj-x86_64-pc-linux-gnu/dist/include/nsILoadInfo.h:58,
 5:19.73                  from /home/lc/projekty/OpenKomodoIDE/mozilla/build/moz14000-ko14.10/mozilla/dom/base/nsPIDOMWindow.h:21,
 5:19.73                  from /home/lc/projekty/OpenKomodoIDE/mozilla/build/moz14000-ko14.10/mozilla/dom/base/nsContentUtils.h:55,
 5:19.73                  from /home/lc/projekty/OpenKomodoIDE/mozilla/build/moz14000-ko14.10/mozilla/obj-x86_64-pc-linux-gnu/dist/include/mozilla/dom/ClientState.h:14,
 5:19.73                  from /home/lc/projekty/OpenKomodoIDE/mozilla/build/moz14000-ko14.10/mozilla/dom/base/nsIGlobalObject.h:13,
 5:19.73                  from /home/lc/projekty/OpenKomodoIDE/mozilla/build/moz14000-ko14.10/mozilla/obj-x86_64-pc-linux-gnu/dist/include/mozilla/dom/TypedArray.h:31,
 5:19.73                  from /home/lc/projekty/OpenKomodoIDE/mozilla/build/moz14000-ko14.10/mozilla/obj-x86_64-pc-linux-gnu/dist/include/mozilla/dom/WebGLRenderingContextBinding.h:17,
 5:19.73                  from /home/lc/projekty/OpenKomodoIDE/mozilla/build/moz14000-ko14.10/mozilla/obj-x86_64-pc-linux-gnu/dist/include/mozilla/dom/CanvasRenderingContext2DBinding.h:8,
 5:19.73                  from /home/lc/projekty/OpenKomodoIDE/mozilla/build/moz14000-ko14.10/mozilla/dom/canvas/CanvasGradient.h:10,
 5:19.73                  from /home/lc/projekty/OpenKomodoIDE/mozilla/build/moz14000-ko14.10/mozilla/dom/canvas/CanvasGradient.cpp:5:
 5:19.73 In static member function 'static void mozilla::MozPromise<ResolveValueT, RejectValueT, IsExclusive>::MaybeChain(PromiseType*, RefPtr<typename PromiseType::Private>&&) [with PromiseType = mozilla::MozPromise<mozilla::void_t, mozilla::ipc::ResponseRejectReason, true>; ResolveValueT = mozilla::void_t; RejectValueT = mozilla::ipc::ResponseRejectReason; bool IsExclusive = true]',
 5:19.73     inlined from 'void mozilla::MozPromise<ResolveValueT, RejectValueT, IsExclusive>::ThenValue<ResolveRejectFunction>::DoResolveOrRejectInternal(mozilla::MozPromise<ResolveValueT, RejectValueT, IsExclusive>::ResolveOrRejectValue&) [with ResolveRejectFunction = mozilla::ClientWebGLContext::TexImage(uint8_t, GLenum, GLint, GLenum, const mozilla::ivec3&, const mozilla::Maybe<mozilla::avec3<int> >&, GLint, const mozilla::webgl::PackingInfo&, const mozilla::TexImageSource&) const::<lambda()>; ResolveValueT = mozilla::void_t; RejectValueT = mozilla::ipc::ResponseRejectReason; bool IsExclusive = true]' at /home/lc/projekty/OpenKomodoIDE/mozilla/build/moz14000-ko14.10/mozilla/obj-x86_64-pc-linux-gnu/dist/include/mozilla/MozPromise.h:933:30:
 5:19.73 /home/lc/projekty/OpenKomodoIDE/mozilla/build/moz14000-ko14.10/mozilla/obj-x86_64-pc-linux-gnu/dist/include/mozilla/MozPromise.h:678:21: warning: 'this' pointer is null [-Wnonnull]
 5:19.73   678 |       aFrom->ChainTo(aTo.forget(), "<chained completion promise>");
 5:19.73       |       ~~~~~~~~~~~~~~^~~~~~~~~~~~~~~~~~~~~~~~~~~~~~~~~~~~~~~~~~~~~~
 5:19.73 /home/lc/projekty/OpenKomodoIDE/mozilla/build/moz14000-ko14.10/mozilla/obj-x86_64-pc-linux-gnu/dist/include/mozilla/MozPromise.h: In member function 'void mozilla::MozPromise<ResolveValueT, RejectValueT, IsExclusive>::ThenValue<ResolveRejectFunction>::DoResolveOrRejectInternal(mozilla::MozPromise<ResolveValueT, RejectValueT, IsExclusive>::ResolveOrRejectValue&) [with ResolveRejectFunction = mozilla::ClientWebGLContext::TexImage(uint8_t, GLenum, GLint, GLenum, const mozilla::ivec3&, const mozilla::Maybe<mozilla::avec3<int> >&, GLint, const mozilla::webgl::PackingInfo&, const mozilla::TexImageSource&) const::<lambda()>; ResolveValueT = mozilla::void_t; RejectValueT = mozilla::ipc::ResponseRejectReason; bool IsExclusive = true]':
 5:19.74 /home/lc/projekty/OpenKomodoIDE/mozilla/build/moz14000-ko14.10/mozilla/obj-x86_64-pc-linux-gnu/dist/include/mozilla/MozPromise.h:1191:8: note: in a call to non-static member function 'void mozilla::MozPromise<ResolveValueT, RejectValueT, IsExclusive>::ChainTo(already_AddRefed<Private>, mozilla::StaticString) [with ResolveValueT = mozilla::void_t; RejectValueT = mozilla::ipc::ResponseRejectReason; bool IsExclusive = true]'
 5:19.74  1191 |   void ChainTo(already_AddRefed<Private> aChainedPromise,
 5:19.74       |        ^~~~~~~
 5:19.74 In static member function 'static void mozilla::MozPromise<ResolveValueT, RejectValueT, IsExclusive>::MaybeChain(PromiseType*, RefPtr<typename PromiseType::Private>&&) [with PromiseType = mozilla::MozPromise<mozilla::void_t, mozilla::ipc::ResponseRejectReason, true>; ResolveValueT = mozilla::void_t; RejectValueT = mozilla::ipc::ResponseRejectReason; bool IsExclusive = true]',
 5:19.74     inlined from 'void mozilla::MozPromise<ResolveValueT, RejectValueT, IsExclusive>::ThenValue<ResolveRejectFunction>::DoResolveOrRejectInternal(mozilla::MozPromise<ResolveValueT, RejectValueT, IsExclusive>::ResolveOrRejectValue&) [with ResolveRejectFunction = mozilla::ClientWebGLContext::TexImage(uint8_t, GLenum, GLint, GLenum, const mozilla::ivec3&, const mozilla::Maybe<mozilla::avec3<int> >&, GLint, const mozilla::webgl::PackingInfo&, const mozilla::TexImageSource&) const::<lambda()>; ResolveValueT = mozilla::void_t; RejectValueT = mozilla::ipc::ResponseRejectReason; bool IsExclusive = true]' at /home/lc/projekty/OpenKomodoIDE/mozilla/build/moz14000-ko14.10/mozilla/obj-x86_64-pc-linux-gnu/dist/include/mozilla/MozPromise.h:933:30,
 5:19.74     inlined from 'void mozilla::MozPromise<ResolveValueT, RejectValueT, IsExclusive>::ThenValueBase::DoResolveOrReject(mozilla::MozPromise<ResolveValueT, RejectValueT, IsExclusive>::ResolveOrRejectValue&) [with ResolveValueT = mozilla::void_t; RejectValueT = mozilla::ipc::ResponseRejectReason; bool IsExclusive = true]' at /home/lc/projekty/OpenKomodoIDE/mozilla/build/moz14000-ko14.10/mozilla/obj-x86_64-pc-linux-gnu/dist/include/mozilla/MozPromise.h:621:32,
 5:19.74     inlined from 'nsresult mozilla::MozPromise<ResolveValueT, RejectValueT, IsExclusive>::ThenValueBase::ResolveOrRejectRunnable::Run() [with ResolveValueT = mozilla::void_t; RejectValueT = mozilla::ipc::ResponseRejectReason; bool IsExclusive = true]' at /home/lc/projekty/OpenKomodoIDE/mozilla/build/moz14000-ko14.10/mozilla/obj-x86_64-pc-linux-gnu/dist/include/mozilla/MozPromise.h:488:38:
 5:19.74 /home/lc/projekty/OpenKomodoIDE/mozilla/build/moz14000-ko14.10/mozilla/obj-x86_64-pc-linux-gnu/dist/include/mozilla/MozPromise.h:678:21: warning: 'this' pointer is null [-Wnonnull]
 5:19.74   678 |       aFrom->ChainTo(aTo.forget(), "<chained completion promise>");
 5:19.74       |       ~~~~~~~~~~~~~~^~~~~~~~~~~~~~~~~~~~~~~~~~~~~~~~~~~~~~~~~~~~~~
 5:19.74 /home/lc/projekty/OpenKomodoIDE/mozilla/build/moz14000-ko14.10/mozilla/obj-x86_64-pc-linux-gnu/dist/include/mozilla/MozPromise.h: In member function 'nsresult mozilla::MozPromise<ResolveValueT, RejectValueT, IsExclusive>::ThenValueBase::ResolveOrRejectRunnable::Run() [with ResolveValueT = mozilla::void_t; RejectValueT = mozilla::ipc::ResponseRejectReason; bool IsExclusive = true]':
 5:19.74 /home/lc/projekty/OpenKomodoIDE/mozilla/build/moz14000-ko14.10/mozilla/obj-x86_64-pc-linux-gnu/dist/include/mozilla/MozPromise.h:1191:8: note: in a call to non-static member function 'void mozilla::MozPromise<ResolveValueT, RejectValueT, IsExclusive>::ChainTo(already_AddRefed<Private>, mozilla::StaticString) [with ResolveValueT = mozilla::void_t; RejectValueT = mozilla::ipc::ResponseRejectReason; bool IsExclusive = true]'
 5:19.74  1191 |   void ChainTo(already_AddRefed<Private> aChainedPromise,
 5:19.74       |        ^~~~~~~
 5:24.66 In file included from Unified_cpp_dom_canvas3.cpp:56:
 5:24.66 /home/lc/projekty/OpenKomodoIDE/mozilla/build/moz14000-ko14.10/mozilla/dom/canvas/WebGLTexelConversions.cpp: In member function 'void mozilla::{anonymous}::WebGLImageConverter::run() [with mozilla::WebGLTexelFormat SrcFormat = mozilla::WebGLTexelFormat::A16F; mozilla::WebGLTexelFormat DstFormat = mozilla::WebGLTexelFormat::A16F; mozilla::WebGLTexelPremultiplicationOp PremultiplicationOp = mozilla::WebGLTexelPremultiplicationOp::None; mozilla::dom::PredefinedColorSpace SrcColorSpace = mozilla::dom::PredefinedColorSpace::Srgb; mozilla::dom::PredefinedColorSpace DstColorSpace = mozilla::dom::PredefinedColorSpace::Display_p3]':
 5:24.66 /home/lc/projekty/OpenKomodoIDE/mozilla/build/moz14000-ko14.10/mozilla/dom/canvas/WebGLTexelConversions.cpp:225:17: warning: 'srcAsFloat[0]' may be used uninitialized [-Wmaybe-uninitialized]
 5:24.66   225 |           float srcAsFloat[MaxElementsPerTexel];
 5:24.66       |                 ^~~~~~~~~~
 5:24.66 /home/lc/projekty/OpenKomodoIDE/mozilla/build/moz14000-ko14.10/mozilla/dom/canvas/WebGLTexelConversions.cpp:225:17: warning: 'srcAsFloat[1]' may be used uninitialized [-Wmaybe-uninitialized]
 5:24.66 In file included from /home/lc/projekty/OpenKomodoIDE/mozilla/build/moz14000-ko14.10/mozilla/dom/canvas/WebGLContext.h:13,
 5:24.66                  from /home/lc/projekty/OpenKomodoIDE/mozilla/build/moz14000-ko14.10/mozilla/dom/canvas/WebGLQuery.cpp:12,
 5:24.66                  from Unified_cpp_dom_canvas3.cpp:2:
 5:24.66 In constructor 'constexpr mozilla::color::avec<TT, NN>::avec(const std::array<TT, N>&) [with TT = float; int NN = 3]',
 5:24.66     inlined from 'void mozilla::{anonymous}::WebGLImageConverter::run() [with mozilla::WebGLTexelFormat SrcFormat = mozilla::WebGLTexelFormat::A16F; mozilla::WebGLTexelFormat DstFormat = mozilla::WebGLTexelFormat::A16F; mozilla::WebGLTexelPremultiplicationOp PremultiplicationOp = mozilla::WebGLTexelPremultiplicationOp::None; mozilla::dom::PredefinedColorSpace SrcColorSpace = mozilla::dom::PredefinedColorSpace::Srgb; mozilla::dom::PredefinedColorSpace DstColorSpace = mozilla::dom::PredefinedColorSpace::Display_p3]' at /home/lc/projekty/OpenKomodoIDE/mozilla/build/moz14000-ko14.10/mozilla/dom/canvas/WebGLTexelConversions.cpp:227:16:
 5:24.66 /home/lc/projekty/OpenKomodoIDE/mozilla/build/moz14000-ko14.10/mozilla/gfx/gl/Colorspaces.h:252:5: warning: 'srcAsFloat[2]' may be used uninitialized [-Wmaybe-uninitialized]
 5:24.66   252 |     this->data = data;
 5:24.66       |     ^~~~
 5:24.66 /home/lc/projekty/OpenKomodoIDE/mozilla/build/moz14000-ko14.10/mozilla/dom/canvas/WebGLTexelConversions.cpp: In member function 'void mozilla::{anonymous}::WebGLImageConverter::run() [with mozilla::WebGLTexelFormat SrcFormat = mozilla::WebGLTexelFormat::A16F; mozilla::WebGLTexelFormat DstFormat = mozilla::WebGLTexelFormat::A16F; mozilla::WebGLTexelPremultiplicationOp PremultiplicationOp = mozilla::WebGLTexelPremultiplicationOp::None; mozilla::dom::PredefinedColorSpace SrcColorSpace = mozilla::dom::PredefinedColorSpace::Srgb; mozilla::dom::PredefinedColorSpace DstColorSpace = mozilla::dom::PredefinedColorSpace::Display_p3]':
 5:24.66 /home/lc/projekty/OpenKomodoIDE/mozilla/build/moz14000-ko14.10/mozilla/dom/canvas/WebGLTexelConversions.cpp:225:17: note: 'srcAsFloat[2]' was declared here
 5:24.66   225 |           float srcAsFloat[MaxElementsPerTexel];
 5:24.66       |                 ^~~~~~~~~~
 5:24.70 /home/lc/projekty/OpenKomodoIDE/mozilla/build/moz14000-ko14.10/mozilla/dom/canvas/WebGLTexelConversions.cpp: In member function 'void mozilla::{anonymous}::WebGLImageConverter::run() [with mozilla::WebGLTexelFormat SrcFormat = mozilla::WebGLTexelFormat::A16F; mozilla::WebGLTexelFormat DstFormat = mozilla::WebGLTexelFormat::A16F; mozilla::WebGLTexelPremultiplicationOp PremultiplicationOp = mozilla::WebGLTexelPremultiplicationOp::None; mozilla::dom::PredefinedColorSpace SrcColorSpace = mozilla::dom::PredefinedColorSpace::Display_p3; mozilla::dom::PredefinedColorSpace DstColorSpace = mozilla::dom::PredefinedColorSpace::Srgb]':
 5:24.70 /home/lc/projekty/OpenKomodoIDE/mozilla/build/moz14000-ko14.10/mozilla/dom/canvas/WebGLTexelConversions.cpp:225:17: warning: 'srcAsFloat[0]' may be used uninitialized [-Wmaybe-uninitialized]
 5:24.70 /home/lc/projekty/OpenKomodoIDE/mozilla/build/moz14000-ko14.10/mozilla/dom/canvas/WebGLTexelConversions.cpp:225:17: warning: 'srcAsFloat[1]' may be used uninitialized [-Wmaybe-uninitialized]
 5:24.70 In constructor 'constexpr mozilla::color::avec<TT, NN>::avec(const std::array<TT, N>&) [with TT = float; int NN = 3]',
 5:24.70     inlined from 'void mozilla::{anonymous}::WebGLImageConverter::run() [with mozilla::WebGLTexelFormat SrcFormat = mozilla::WebGLTexelFormat::A16F; mozilla::WebGLTexelFormat DstFormat = mozilla::WebGLTexelFormat::A16F; mozilla::WebGLTexelPremultiplicationOp PremultiplicationOp = mozilla::WebGLTexelPremultiplicationOp::None; mozilla::dom::PredefinedColorSpace SrcColorSpace = mozilla::dom::PredefinedColorSpace::Display_p3; mozilla::dom::PredefinedColorSpace DstColorSpace = mozilla::dom::PredefinedColorSpace::Srgb]' at /home/lc/projekty/OpenKomodoIDE/mozilla/build/moz14000-ko14.10/mozilla/dom/canvas/WebGLTexelConversions.cpp:227:16:
 5:24.70 /home/lc/projekty/OpenKomodoIDE/mozilla/build/moz14000-ko14.10/mozilla/gfx/gl/Colorspaces.h:252:5: warning: 'srcAsFloat[2]' may be used uninitialized [-Wmaybe-uninitialized]
 5:24.70   252 |     this->data = data;
 5:24.70       |     ^~~~
 5:24.70 /home/lc/projekty/OpenKomodoIDE/mozilla/build/moz14000-ko14.10/mozilla/dom/canvas/WebGLTexelConversions.cpp: In member function 'void mozilla::{anonymous}::WebGLImageConverter::run() [with mozilla::WebGLTexelFormat SrcFormat = mozilla::WebGLTexelFormat::A16F; mozilla::WebGLTexelFormat DstFormat = mozilla::WebGLTexelFormat::A16F; mozilla::WebGLTexelPremultiplicationOp PremultiplicationOp = mozilla::WebGLTexelPremultiplicationOp::None; mozilla::dom::PredefinedColorSpace SrcColorSpace = mozilla::dom::PredefinedColorSpace::Display_p3; mozilla::dom::PredefinedColorSpace DstColorSpace = mozilla::dom::PredefinedColorSpace::Srgb]':
 5:24.70 /home/lc/projekty/OpenKomodoIDE/mozilla/build/moz14000-ko14.10/mozilla/dom/canvas/WebGLTexelConversions.cpp:225:17: note: 'srcAsFloat[2]' was declared here
 5:24.70   225 |           float srcAsFloat[MaxElementsPerTexel];
 5:24.70       |                 ^~~~~~~~~~
 5:24.89 /home/lc/projekty/OpenKomodoIDE/mozilla/build/moz14000-ko14.10/mozilla/dom/canvas/WebGLTexelConversions.cpp: In member function 'void mozilla::{anonymous}::WebGLImageConverter::run() [with mozilla::WebGLTexelFormat SrcFormat = mozilla::WebGLTexelFormat::R16F; mozilla::WebGLTexelFormat DstFormat = mozilla::WebGLTexelFormat::R16F; mozilla::WebGLTexelPremultiplicationOp PremultiplicationOp = mozilla::WebGLTexelPremultiplicationOp::None; mozilla::dom::PredefinedColorSpace SrcColorSpace = mozilla::dom::PredefinedColorSpace::Srgb; mozilla::dom::PredefinedColorSpace DstColorSpace = mozilla::dom::PredefinedColorSpace::Display_p3]':
 5:24.89 /home/lc/projekty/OpenKomodoIDE/mozilla/build/moz14000-ko14.10/mozilla/dom/canvas/WebGLTexelConversions.cpp:225:17: warning: 'srcAsFloat[0]' may be used uninitialized [-Wmaybe-uninitialized]
 5:24.89 /home/lc/projekty/OpenKomodoIDE/mozilla/build/moz14000-ko14.10/mozilla/dom/canvas/WebGLTexelConversions.cpp:225:17: warning: 'srcAsFloat[1]' may be used uninitialized [-Wmaybe-uninitialized]
 5:24.89 In constructor 'constexpr mozilla::color::avec<TT, NN>::avec(const std::array<TT, N>&) [with TT = float; int NN = 3]',
 5:24.89     inlined from 'void mozilla::{anonymous}::WebGLImageConverter::run() [with mozilla::WebGLTexelFormat SrcFormat = mozilla::WebGLTexelFormat::R16F; mozilla::WebGLTexelFormat DstFormat = mozilla::WebGLTexelFormat::R16F; mozilla::WebGLTexelPremultiplicationOp PremultiplicationOp = mozilla::WebGLTexelPremultiplicationOp::None; mozilla::dom::PredefinedColorSpace SrcColorSpace = mozilla::dom::PredefinedColorSpace::Srgb; mozilla::dom::PredefinedColorSpace DstColorSpace = mozilla::dom::PredefinedColorSpace::Display_p3]' at /home/lc/projekty/OpenKomodoIDE/mozilla/build/moz14000-ko14.10/mozilla/dom/canvas/WebGLTexelConversions.cpp:227:16:
 5:24.89 /home/lc/projekty/OpenKomodoIDE/mozilla/build/moz14000-ko14.10/mozilla/gfx/gl/Colorspaces.h:252:5: warning: 'srcAsFloat[2]' may be used uninitialized [-Wmaybe-uninitialized]
 5:24.89   252 |     this->data = data;
 5:24.89       |     ^~~~
 5:24.89 /home/lc/projekty/OpenKomodoIDE/mozilla/build/moz14000-ko14.10/mozilla/dom/canvas/WebGLTexelConversions.cpp: In member function 'void mozilla::{anonymous}::WebGLImageConverter::run() [with mozilla::WebGLTexelFormat SrcFormat = mozilla::WebGLTexelFormat::R16F; mozilla::WebGLTexelFormat DstFormat = mozilla::WebGLTexelFormat::R16F; mozilla::WebGLTexelPremultiplicationOp PremultiplicationOp = mozilla::WebGLTexelPremultiplicationOp::None; mozilla::dom::PredefinedColorSpace SrcColorSpace = mozilla::dom::PredefinedColorSpace::Srgb; mozilla::dom::PredefinedColorSpace DstColorSpace = mozilla::dom::PredefinedColorSpace::Display_p3]':
 5:24.89 /home/lc/projekty/OpenKomodoIDE/mozilla/build/moz14000-ko14.10/mozilla/dom/canvas/WebGLTexelConversions.cpp:225:17: note: 'srcAsFloat[2]' was declared here
 5:24.89   225 |           float srcAsFloat[MaxElementsPerTexel];
 5:24.89       |                 ^~~~~~~~~~
 5:24.93 /home/lc/projekty/OpenKomodoIDE/mozilla/build/moz14000-ko14.10/mozilla/dom/canvas/WebGLTexelConversions.cpp: In member function 'void mozilla::{anonymous}::WebGLImageConverter::run() [with mozilla::WebGLTexelFormat SrcFormat = mozilla::WebGLTexelFormat::R16F; mozilla::WebGLTexelFormat DstFormat = mozilla::WebGLTexelFormat::R16F; mozilla::WebGLTexelPremultiplicationOp PremultiplicationOp = mozilla::WebGLTexelPremultiplicationOp::None; mozilla::dom::PredefinedColorSpace SrcColorSpace = mozilla::dom::PredefinedColorSpace::Display_p3; mozilla::dom::PredefinedColorSpace DstColorSpace = mozilla::dom::PredefinedColorSpace::Srgb]':
 5:24.93 /home/lc/projekty/OpenKomodoIDE/mozilla/build/moz14000-ko14.10/mozilla/dom/canvas/WebGLTexelConversions.cpp:225:17: warning: 'srcAsFloat[0]' may be used uninitialized [-Wmaybe-uninitialized]
 5:24.93 /home/lc/projekty/OpenKomodoIDE/mozilla/build/moz14000-ko14.10/mozilla/dom/canvas/WebGLTexelConversions.cpp:225:17: warning: 'srcAsFloat[1]' may be used uninitialized [-Wmaybe-uninitialized]
 5:24.93 In constructor 'constexpr mozilla::color::avec<TT, NN>::avec(const std::array<TT, N>&) [with TT = float; int NN = 3]',
 5:24.93     inlined from 'void mozilla::{anonymous}::WebGLImageConverter::run() [with mozilla::WebGLTexelFormat SrcFormat = mozilla::WebGLTexelFormat::R16F; mozilla::WebGLTexelFormat DstFormat = mozilla::WebGLTexelFormat::R16F; mozilla::WebGLTexelPremultiplicationOp PremultiplicationOp = mozilla::WebGLTexelPremultiplicationOp::None; mozilla::dom::PredefinedColorSpace SrcColorSpace = mozilla::dom::PredefinedColorSpace::Display_p3; mozilla::dom::PredefinedColorSpace DstColorSpace = mozilla::dom::PredefinedColorSpace::Srgb]' at /home/lc/projekty/OpenKomodoIDE/mozilla/build/moz14000-ko14.10/mozilla/dom/canvas/WebGLTexelConversions.cpp:227:16:
 5:24.93 /home/lc/projekty/OpenKomodoIDE/mozilla/build/moz14000-ko14.10/mozilla/gfx/gl/Colorspaces.h:252:5: warning: 'srcAsFloat[2]' may be used uninitialized [-Wmaybe-uninitialized]
 5:24.93   252 |     this->data = data;
 5:24.93       |     ^~~~
 5:24.93 /home/lc/projekty/OpenKomodoIDE/mozilla/build/moz14000-ko14.10/mozilla/dom/canvas/WebGLTexelConversions.cpp: In member function 'void mozilla::{anonymous}::WebGLImageConverter::run() [with mozilla::WebGLTexelFormat SrcFormat = mozilla::WebGLTexelFormat::R16F; mozilla::WebGLTexelFormat DstFormat = mozilla::WebGLTexelFormat::R16F; mozilla::WebGLTexelPremultiplicationOp PremultiplicationOp = mozilla::WebGLTexelPremultiplicationOp::None; mozilla::dom::PredefinedColorSpace SrcColorSpace = mozilla::dom::PredefinedColorSpace::Display_p3; mozilla::dom::PredefinedColorSpace DstColorSpace = mozilla::dom::PredefinedColorSpace::Srgb]':
 5:24.93 /home/lc/projekty/OpenKomodoIDE/mozilla/build/moz14000-ko14.10/mozilla/dom/canvas/WebGLTexelConversions.cpp:225:17: note: 'srcAsFloat[2]' was declared here
 5:24.93   225 |           float srcAsFloat[MaxElementsPerTexel];
 5:24.93       |                 ^~~~~~~~~~
 5:25.27 /home/lc/projekty/OpenKomodoIDE/mozilla/build/moz14000-ko14.10/mozilla/dom/canvas/WebGLTexelConversions.cpp: In member function 'void mozilla::{anonymous}::WebGLImageConverter::run() [with mozilla::WebGLTexelFormat SrcFormat = mozilla::WebGLTexelFormat::RA16F; mozilla::WebGLTexelFormat DstFormat = mozilla::WebGLTexelFormat::RA16F; mozilla::WebGLTexelPremultiplicationOp PremultiplicationOp = mozilla::WebGLTexelPremultiplicationOp::None; mozilla::dom::PredefinedColorSpace SrcColorSpace = mozilla::dom::PredefinedColorSpace::Srgb; mozilla::dom::PredefinedColorSpace DstColorSpace = mozilla::dom::PredefinedColorSpace::Display_p3]':
 5:25.27 /home/lc/projekty/OpenKomodoIDE/mozilla/build/moz14000-ko14.10/mozilla/dom/canvas/WebGLTexelConversions.cpp:225:17: warning: 'srcAsFloat[0]' may be used uninitialized [-Wmaybe-uninitialized]
 5:25.27 /home/lc/projekty/OpenKomodoIDE/mozilla/build/moz14000-ko14.10/mozilla/dom/canvas/WebGLTexelConversions.cpp:225:17: warning: 'srcAsFloat[1]' may be used uninitialized [-Wmaybe-uninitialized]
 5:25.27 In constructor 'constexpr mozilla::color::avec<TT, NN>::avec(const std::array<TT, N>&) [with TT = float; int NN = 3]',
 5:25.27     inlined from 'void mozilla::{anonymous}::WebGLImageConverter::run() [with mozilla::WebGLTexelFormat SrcFormat = mozilla::WebGLTexelFormat::RA16F; mozilla::WebGLTexelFormat DstFormat = mozilla::WebGLTexelFormat::RA16F; mozilla::WebGLTexelPremultiplicationOp PremultiplicationOp = mozilla::WebGLTexelPremultiplicationOp::None; mozilla::dom::PredefinedColorSpace SrcColorSpace = mozilla::dom::PredefinedColorSpace::Srgb; mozilla::dom::PredefinedColorSpace DstColorSpace = mozilla::dom::PredefinedColorSpace::Display_p3]' at /home/lc/projekty/OpenKomodoIDE/mozilla/build/moz14000-ko14.10/mozilla/dom/canvas/WebGLTexelConversions.cpp:227:16:
 5:25.27 /home/lc/projekty/OpenKomodoIDE/mozilla/build/moz14000-ko14.10/mozilla/gfx/gl/Colorspaces.h:252:5: warning: 'srcAsFloat[2]' may be used uninitialized [-Wmaybe-uninitialized]
 5:25.27   252 |     this->data = data;
 5:25.27       |     ^~~~
 5:25.27 /home/lc/projekty/OpenKomodoIDE/mozilla/build/moz14000-ko14.10/mozilla/dom/canvas/WebGLTexelConversions.cpp: In member function 'void mozilla::{anonymous}::WebGLImageConverter::run() [with mozilla::WebGLTexelFormat SrcFormat = mozilla::WebGLTexelFormat::RA16F; mozilla::WebGLTexelFormat DstFormat = mozilla::WebGLTexelFormat::RA16F; mozilla::WebGLTexelPremultiplicationOp PremultiplicationOp = mozilla::WebGLTexelPremultiplicationOp::None; mozilla::dom::PredefinedColorSpace SrcColorSpace = mozilla::dom::PredefinedColorSpace::Srgb; mozilla::dom::PredefinedColorSpace DstColorSpace = mozilla::dom::PredefinedColorSpace::Display_p3]':
 5:25.27 /home/lc/projekty/OpenKomodoIDE/mozilla/build/moz14000-ko14.10/mozilla/dom/canvas/WebGLTexelConversions.cpp:225:17: note: 'srcAsFloat[2]' was declared here
 5:25.27   225 |           float srcAsFloat[MaxElementsPerTexel];
 5:25.27       |                 ^~~~~~~~~~
 5:25.31 /home/lc/projekty/OpenKomodoIDE/mozilla/build/moz14000-ko14.10/mozilla/dom/canvas/WebGLTexelConversions.cpp: In member function 'void mozilla::{anonymous}::WebGLImageConverter::run() [with mozilla::WebGLTexelFormat SrcFormat = mozilla::WebGLTexelFormat::RA16F; mozilla::WebGLTexelFormat DstFormat = mozilla::WebGLTexelFormat::RA16F; mozilla::WebGLTexelPremultiplicationOp PremultiplicationOp = mozilla::WebGLTexelPremultiplicationOp::None; mozilla::dom::PredefinedColorSpace SrcColorSpace = mozilla::dom::PredefinedColorSpace::Display_p3; mozilla::dom::PredefinedColorSpace DstColorSpace = mozilla::dom::PredefinedColorSpace::Srgb]':
 5:25.31 /home/lc/projekty/OpenKomodoIDE/mozilla/build/moz14000-ko14.10/mozilla/dom/canvas/WebGLTexelConversions.cpp:225:17: warning: 'srcAsFloat[0]' may be used uninitialized [-Wmaybe-uninitialized]
 5:25.31 /home/lc/projekty/OpenKomodoIDE/mozilla/build/moz14000-ko14.10/mozilla/dom/canvas/WebGLTexelConversions.cpp:225:17: warning: 'srcAsFloat[1]' may be used uninitialized [-Wmaybe-uninitialized]
 5:25.31 In constructor 'constexpr mozilla::color::avec<TT, NN>::avec(const std::array<TT, N>&) [with TT = float; int NN = 3]',
 5:25.31     inlined from 'void mozilla::{anonymous}::WebGLImageConverter::run() [with mozilla::WebGLTexelFormat SrcFormat = mozilla::WebGLTexelFormat::RA16F; mozilla::WebGLTexelFormat DstFormat = mozilla::WebGLTexelFormat::RA16F; mozilla::WebGLTexelPremultiplicationOp PremultiplicationOp = mozilla::WebGLTexelPremultiplicationOp::None; mozilla::dom::PredefinedColorSpace SrcColorSpace = mozilla::dom::PredefinedColorSpace::Display_p3; mozilla::dom::PredefinedColorSpace DstColorSpace = mozilla::dom::PredefinedColorSpace::Srgb]' at /home/lc/projekty/OpenKomodoIDE/mozilla/build/moz14000-ko14.10/mozilla/dom/canvas/WebGLTexelConversions.cpp:227:16:
 5:25.31 /home/lc/projekty/OpenKomodoIDE/mozilla/build/moz14000-ko14.10/mozilla/gfx/gl/Colorspaces.h:252:5: warning: 'srcAsFloat[2]' may be used uninitialized [-Wmaybe-uninitialized]
 5:25.31   252 |     this->data = data;
 5:25.31       |     ^~~~
 5:25.31 /home/lc/projekty/OpenKomodoIDE/mozilla/build/moz14000-ko14.10/mozilla/dom/canvas/WebGLTexelConversions.cpp: In member function 'void mozilla::{anonymous}::WebGLImageConverter::run() [with mozilla::WebGLTexelFormat SrcFormat = mozilla::WebGLTexelFormat::RA16F; mozilla::WebGLTexelFormat DstFormat = mozilla::WebGLTexelFormat::RA16F; mozilla::WebGLTexelPremultiplicationOp PremultiplicationOp = mozilla::WebGLTexelPremultiplicationOp::None; mozilla::dom::PredefinedColorSpace SrcColorSpace = mozilla::dom::PredefinedColorSpace::Display_p3; mozilla::dom::PredefinedColorSpace DstColorSpace = mozilla::dom::PredefinedColorSpace::Srgb]':
 5:25.31 /home/lc/projekty/OpenKomodoIDE/mozilla/build/moz14000-ko14.10/mozilla/dom/canvas/WebGLTexelConversions.cpp:225:17: note: 'srcAsFloat[2]' was declared here
 5:25.31   225 |           float srcAsFloat[MaxElementsPerTexel];
 5:25.31       |                 ^~~~~~~~~~
 5:25.40 /home/lc/projekty/OpenKomodoIDE/mozilla/build/moz14000-ko14.10/mozilla/dom/canvas/WebGLTexelConversions.cpp: In member function 'void mozilla::{anonymous}::WebGLImageConverter::run() [with mozilla::WebGLTexelFormat SrcFormat = mozilla::WebGLTexelFormat::RA16F; mozilla::WebGLTexelFormat DstFormat = mozilla::WebGLTexelFormat::RA16F; mozilla::WebGLTexelPremultiplicationOp PremultiplicationOp = mozilla::WebGLTexelPremultiplicationOp::Premultiply; mozilla::dom::PredefinedColorSpace SrcColorSpace = mozilla::dom::PredefinedColorSpace::Srgb; mozilla::dom::PredefinedColorSpace DstColorSpace = mozilla::dom::PredefinedColorSpace::Display_p3]':
 5:25.40 /home/lc/projekty/OpenKomodoIDE/mozilla/build/moz14000-ko14.10/mozilla/dom/canvas/WebGLTexelConversions.cpp:225:17: warning: 'srcAsFloat[0]' is used uninitialized [-Wuninitialized]
 5:25.40 /home/lc/projekty/OpenKomodoIDE/mozilla/build/moz14000-ko14.10/mozilla/dom/canvas/WebGLTexelConversions.cpp:225:17: warning: 'srcAsFloat[1]' is used uninitialized [-Wuninitialized]
 5:25.40 In constructor 'constexpr mozilla::color::avec<TT, NN>::avec(const std::array<TT, N>&) [with TT = float; int NN = 3]',
 5:25.40     inlined from 'void mozilla::{anonymous}::WebGLImageConverter::run() [with mozilla::WebGLTexelFormat SrcFormat = mozilla::WebGLTexelFormat::RA16F; mozilla::WebGLTexelFormat DstFormat = mozilla::WebGLTexelFormat::RA16F; mozilla::WebGLTexelPremultiplicationOp PremultiplicationOp = mozilla::WebGLTexelPremultiplicationOp::Premultiply; mozilla::dom::PredefinedColorSpace SrcColorSpace = mozilla::dom::PredefinedColorSpace::Srgb; mozilla::dom::PredefinedColorSpace DstColorSpace = mozilla::dom::PredefinedColorSpace::Display_p3]' at /home/lc/projekty/OpenKomodoIDE/mozilla/build/moz14000-ko14.10/mozilla/dom/canvas/WebGLTexelConversions.cpp:227:16:
 5:25.40 /home/lc/projekty/OpenKomodoIDE/mozilla/build/moz14000-ko14.10/mozilla/gfx/gl/Colorspaces.h:252:5: warning: 'srcAsFloat[2]' may be used uninitialized [-Wmaybe-uninitialized]
 5:25.40   252 |     this->data = data;
 5:25.40       |     ^~~~
 5:25.40 /home/lc/projekty/OpenKomodoIDE/mozilla/build/moz14000-ko14.10/mozilla/dom/canvas/WebGLTexelConversions.cpp: In member function 'void mozilla::{anonymous}::WebGLImageConverter::run() [with mozilla::WebGLTexelFormat SrcFormat = mozilla::WebGLTexelFormat::RA16F; mozilla::WebGLTexelFormat DstFormat = mozilla::WebGLTexelFormat::RA16F; mozilla::WebGLTexelPremultiplicationOp PremultiplicationOp = mozilla::WebGLTexelPremultiplicationOp::Premultiply; mozilla::dom::PredefinedColorSpace SrcColorSpace = mozilla::dom::PredefinedColorSpace::Srgb; mozilla::dom::PredefinedColorSpace DstColorSpace = mozilla::dom::PredefinedColorSpace::Display_p3]':
 5:25.40 /home/lc/projekty/OpenKomodoIDE/mozilla/build/moz14000-ko14.10/mozilla/dom/canvas/WebGLTexelConversions.cpp:225:17: note: 'srcAsFloat[2]' was declared here
 5:25.40   225 |           float srcAsFloat[MaxElementsPerTexel];
 5:25.40       |                 ^~~~~~~~~~
 5:25.45 /home/lc/projekty/OpenKomodoIDE/mozilla/build/moz14000-ko14.10/mozilla/dom/canvas/WebGLTexelConversions.cpp: In member function 'void mozilla::{anonymous}::WebGLImageConverter::run() [with mozilla::WebGLTexelFormat SrcFormat = mozilla::WebGLTexelFormat::RA16F; mozilla::WebGLTexelFormat DstFormat = mozilla::WebGLTexelFormat::RA16F; mozilla::WebGLTexelPremultiplicationOp PremultiplicationOp = mozilla::WebGLTexelPremultiplicationOp::Premultiply; mozilla::dom::PredefinedColorSpace SrcColorSpace = mozilla::dom::PredefinedColorSpace::Display_p3; mozilla::dom::PredefinedColorSpace DstColorSpace = mozilla::dom::PredefinedColorSpace::Srgb]':
 5:25.45 /home/lc/projekty/OpenKomodoIDE/mozilla/build/moz14000-ko14.10/mozilla/dom/canvas/WebGLTexelConversions.cpp:225:17: warning: 'srcAsFloat[0]' is used uninitialized [-Wuninitialized]
 5:25.45 /home/lc/projekty/OpenKomodoIDE/mozilla/build/moz14000-ko14.10/mozilla/dom/canvas/WebGLTexelConversions.cpp:225:17: warning: 'srcAsFloat[1]' is used uninitialized [-Wuninitialized]
 5:25.45 In constructor 'constexpr mozilla::color::avec<TT, NN>::avec(const std::array<TT, N>&) [with TT = float; int NN = 3]',
 5:25.45     inlined from 'void mozilla::{anonymous}::WebGLImageConverter::run() [with mozilla::WebGLTexelFormat SrcFormat = mozilla::WebGLTexelFormat::RA16F; mozilla::WebGLTexelFormat DstFormat = mozilla::WebGLTexelFormat::RA16F; mozilla::WebGLTexelPremultiplicationOp PremultiplicationOp = mozilla::WebGLTexelPremultiplicationOp::Premultiply; mozilla::dom::PredefinedColorSpace SrcColorSpace = mozilla::dom::PredefinedColorSpace::Display_p3; mozilla::dom::PredefinedColorSpace DstColorSpace = mozilla::dom::PredefinedColorSpace::Srgb]' at /home/lc/projekty/OpenKomodoIDE/mozilla/build/moz14000-ko14.10/mozilla/dom/canvas/WebGLTexelConversions.cpp:227:16:
 5:25.45 /home/lc/projekty/OpenKomodoIDE/mozilla/build/moz14000-ko14.10/mozilla/gfx/gl/Colorspaces.h:252:5: warning: 'srcAsFloat[2]' may be used uninitialized [-Wmaybe-uninitialized]
 5:25.45   252 |     this->data = data;
 5:25.45       |     ^~~~
 5:25.45 /home/lc/projekty/OpenKomodoIDE/mozilla/build/moz14000-ko14.10/mozilla/dom/canvas/WebGLTexelConversions.cpp: In member function 'void mozilla::{anonymous}::WebGLImageConverter::run() [with mozilla::WebGLTexelFormat SrcFormat = mozilla::WebGLTexelFormat::RA16F; mozilla::WebGLTexelFormat DstFormat = mozilla::WebGLTexelFormat::RA16F; mozilla::WebGLTexelPremultiplicationOp PremultiplicationOp = mozilla::WebGLTexelPremultiplicationOp::Premultiply; mozilla::dom::PredefinedColorSpace SrcColorSpace = mozilla::dom::PredefinedColorSpace::Display_p3; mozilla::dom::PredefinedColorSpace DstColorSpace = mozilla::dom::PredefinedColorSpace::Srgb]':
 5:25.45 /home/lc/projekty/OpenKomodoIDE/mozilla/build/moz14000-ko14.10/mozilla/dom/canvas/WebGLTexelConversions.cpp:225:17: note: 'srcAsFloat[2]' was declared here
 5:25.45   225 |           float srcAsFloat[MaxElementsPerTexel];
 5:25.45       |                 ^~~~~~~~~~
 5:29.23 /home/lc/projekty/OpenKomodoIDE/mozilla/build/moz14000-ko14.10/mozilla/dom/canvas/WebGLTexelConversions.cpp: In member function 'void mozilla::{anonymous}::WebGLImageConverter::run() [with mozilla::WebGLTexelFormat SrcFormat = mozilla::WebGLTexelFormat::RGB16F; mozilla::WebGLTexelFormat DstFormat = mozilla::WebGLTexelFormat::RGB16F; mozilla::WebGLTexelPremultiplicationOp PremultiplicationOp = mozilla::WebGLTexelPremultiplicationOp::None; mozilla::dom::PredefinedColorSpace SrcColorSpace = mozilla::dom::PredefinedColorSpace::Srgb; mozilla::dom::PredefinedColorSpace DstColorSpace = mozilla::dom::PredefinedColorSpace::Display_p3]':
 5:29.23 /home/lc/projekty/OpenKomodoIDE/mozilla/build/moz14000-ko14.10/mozilla/dom/canvas/WebGLTexelConversions.cpp:225:17: warning: 'srcAsFloat[0]' may be used uninitialized [-Wmaybe-uninitialized]
 5:29.23 /home/lc/projekty/OpenKomodoIDE/mozilla/build/moz14000-ko14.10/mozilla/dom/canvas/WebGLTexelConversions.cpp:225:17: warning: 'srcAsFloat[1]' may be used uninitialized [-Wmaybe-uninitialized]
 5:29.23 In constructor 'constexpr mozilla::color::avec<TT, NN>::avec(const std::array<TT, N>&) [with TT = float; int NN = 3]',
 5:29.23     inlined from 'void mozilla::{anonymous}::WebGLImageConverter::run() [with mozilla::WebGLTexelFormat SrcFormat = mozilla::WebGLTexelFormat::RGB16F; mozilla::WebGLTexelFormat DstFormat = mozilla::WebGLTexelFormat::RGB16F; mozilla::WebGLTexelPremultiplicationOp PremultiplicationOp = mozilla::WebGLTexelPremultiplicationOp::None; mozilla::dom::PredefinedColorSpace SrcColorSpace = mozilla::dom::PredefinedColorSpace::Srgb; mozilla::dom::PredefinedColorSpace DstColorSpace = mozilla::dom::PredefinedColorSpace::Display_p3]' at /home/lc/projekty/OpenKomodoIDE/mozilla/build/moz14000-ko14.10/mozilla/dom/canvas/WebGLTexelConversions.cpp:227:16:
 5:29.23 /home/lc/projekty/OpenKomodoIDE/mozilla/build/moz14000-ko14.10/mozilla/gfx/gl/Colorspaces.h:252:5: warning: 'srcAsFloat[2]' may be used uninitialized [-Wmaybe-uninitialized]
 5:29.23   252 |     this->data = data;
 5:29.23       |     ^~~~
 5:29.23 /home/lc/projekty/OpenKomodoIDE/mozilla/build/moz14000-ko14.10/mozilla/dom/canvas/WebGLTexelConversions.cpp: In member function 'void mozilla::{anonymous}::WebGLImageConverter::run() [with mozilla::WebGLTexelFormat SrcFormat = mozilla::WebGLTexelFormat::RGB16F; mozilla::WebGLTexelFormat DstFormat = mozilla::WebGLTexelFormat::RGB16F; mozilla::WebGLTexelPremultiplicationOp PremultiplicationOp = mozilla::WebGLTexelPremultiplicationOp::None; mozilla::dom::PredefinedColorSpace SrcColorSpace = mozilla::dom::PredefinedColorSpace::Srgb; mozilla::dom::PredefinedColorSpace DstColorSpace = mozilla::dom::PredefinedColorSpace::Display_p3]':
 5:29.23 /home/lc/projekty/OpenKomodoIDE/mozilla/build/moz14000-ko14.10/mozilla/dom/canvas/WebGLTexelConversions.cpp:225:17: note: 'srcAsFloat[2]' was declared here
 5:29.23   225 |           float srcAsFloat[MaxElementsPerTexel];
 5:29.23       |                 ^~~~~~~~~~
 5:29.27 /home/lc/projekty/OpenKomodoIDE/mozilla/build/moz14000-ko14.10/mozilla/dom/canvas/WebGLTexelConversions.cpp: In member function 'void mozilla::{anonymous}::WebGLImageConverter::run() [with mozilla::WebGLTexelFormat SrcFormat = mozilla::WebGLTexelFormat::RGB16F; mozilla::WebGLTexelFormat DstFormat = mozilla::WebGLTexelFormat::RGB16F; mozilla::WebGLTexelPremultiplicationOp PremultiplicationOp = mozilla::WebGLTexelPremultiplicationOp::None; mozilla::dom::PredefinedColorSpace SrcColorSpace = mozilla::dom::PredefinedColorSpace::Display_p3; mozilla::dom::PredefinedColorSpace DstColorSpace = mozilla::dom::PredefinedColorSpace::Srgb]':
 5:29.27 /home/lc/projekty/OpenKomodoIDE/mozilla/build/moz14000-ko14.10/mozilla/dom/canvas/WebGLTexelConversions.cpp:225:17: warning: 'srcAsFloat[0]' may be used uninitialized [-Wmaybe-uninitialized]
 5:29.27 /home/lc/projekty/OpenKomodoIDE/mozilla/build/moz14000-ko14.10/mozilla/dom/canvas/WebGLTexelConversions.cpp:225:17: warning: 'srcAsFloat[1]' may be used uninitialized [-Wmaybe-uninitialized]
 5:29.27 In constructor 'constexpr mozilla::color::avec<TT, NN>::avec(const std::array<TT, N>&) [with TT = float; int NN = 3]',
 5:29.27     inlined from 'void mozilla::{anonymous}::WebGLImageConverter::run() [with mozilla::WebGLTexelFormat SrcFormat = mozilla::WebGLTexelFormat::RGB16F; mozilla::WebGLTexelFormat DstFormat = mozilla::WebGLTexelFormat::RGB16F; mozilla::WebGLTexelPremultiplicationOp PremultiplicationOp = mozilla::WebGLTexelPremultiplicationOp::None; mozilla::dom::PredefinedColorSpace SrcColorSpace = mozilla::dom::PredefinedColorSpace::Display_p3; mozilla::dom::PredefinedColorSpace DstColorSpace = mozilla::dom::PredefinedColorSpace::Srgb]' at /home/lc/projekty/OpenKomodoIDE/mozilla/build/moz14000-ko14.10/mozilla/dom/canvas/WebGLTexelConversions.cpp:227:16:
 5:29.27 /home/lc/projekty/OpenKomodoIDE/mozilla/build/moz14000-ko14.10/mozilla/gfx/gl/Colorspaces.h:252:5: warning: 'srcAsFloat[2]' may be used uninitialized [-Wmaybe-uninitialized]
 5:29.27   252 |     this->data = data;
 5:29.27       |     ^~~~
 5:29.27 /home/lc/projekty/OpenKomodoIDE/mozilla/build/moz14000-ko14.10/mozilla/dom/canvas/WebGLTexelConversions.cpp: In member function 'void mozilla::{anonymous}::WebGLImageConverter::run() [with mozilla::WebGLTexelFormat SrcFormat = mozilla::WebGLTexelFormat::RGB16F; mozilla::WebGLTexelFormat DstFormat = mozilla::WebGLTexelFormat::RGB16F; mozilla::WebGLTexelPremultiplicationOp PremultiplicationOp = mozilla::WebGLTexelPremultiplicationOp::None; mozilla::dom::PredefinedColorSpace SrcColorSpace = mozilla::dom::PredefinedColorSpace::Display_p3; mozilla::dom::PredefinedColorSpace DstColorSpace = mozilla::dom::PredefinedColorSpace::Srgb]':
 5:29.27 /home/lc/projekty/OpenKomodoIDE/mozilla/build/moz14000-ko14.10/mozilla/dom/canvas/WebGLTexelConversions.cpp:225:17: note: 'srcAsFloat[2]' was declared here
 5:29.27   225 |           float srcAsFloat[MaxElementsPerTexel];
 5:29.27       |                 ^~~~~~~~~~
 5:39.79 /home/lc/projekty/OpenKomodoIDE/mozilla/build/moz14000-ko14.10/mozilla/dom/canvas/WebGLTexelConversions.cpp: In member function 'void mozilla::{anonymous}::WebGLImageConverter::run() [with mozilla::WebGLTexelFormat SrcFormat = mozilla::WebGLTexelFormat::RGBA16F; mozilla::WebGLTexelFormat DstFormat = mozilla::WebGLTexelFormat::RGBA16F; mozilla::WebGLTexelPremultiplicationOp PremultiplicationOp = mozilla::WebGLTexelPremultiplicationOp::None; mozilla::dom::PredefinedColorSpace SrcColorSpace = mozilla::dom::PredefinedColorSpace::Srgb; mozilla::dom::PredefinedColorSpace DstColorSpace = mozilla::dom::PredefinedColorSpace::Display_p3]':
 5:39.79 /home/lc/projekty/OpenKomodoIDE/mozilla/build/moz14000-ko14.10/mozilla/dom/canvas/WebGLTexelConversions.cpp:225:17: warning: 'srcAsFloat[0]' may be used uninitialized [-Wmaybe-uninitialized]
 5:39.79 /home/lc/projekty/OpenKomodoIDE/mozilla/build/moz14000-ko14.10/mozilla/dom/canvas/WebGLTexelConversions.cpp:225:17: warning: 'srcAsFloat[1]' may be used uninitialized [-Wmaybe-uninitialized]
 5:39.79 In constructor 'constexpr mozilla::color::avec<TT, NN>::avec(const std::array<TT, N>&) [with TT = float; int NN = 3]',
 5:39.79     inlined from 'void mozilla::{anonymous}::WebGLImageConverter::run() [with mozilla::WebGLTexelFormat SrcFormat = mozilla::WebGLTexelFormat::RGBA16F; mozilla::WebGLTexelFormat DstFormat = mozilla::WebGLTexelFormat::RGBA16F; mozilla::WebGLTexelPremultiplicationOp PremultiplicationOp = mozilla::WebGLTexelPremultiplicationOp::None; mozilla::dom::PredefinedColorSpace SrcColorSpace = mozilla::dom::PredefinedColorSpace::Srgb; mozilla::dom::PredefinedColorSpace DstColorSpace = mozilla::dom::PredefinedColorSpace::Display_p3]' at /home/lc/projekty/OpenKomodoIDE/mozilla/build/moz14000-ko14.10/mozilla/dom/canvas/WebGLTexelConversions.cpp:227:16:
 5:39.79 /home/lc/projekty/OpenKomodoIDE/mozilla/build/moz14000-ko14.10/mozilla/gfx/gl/Colorspaces.h:252:5: warning: 'srcAsFloat[2]' may be used uninitialized [-Wmaybe-uninitialized]
 5:39.79   252 |     this->data = data;
 5:39.80       |     ^~~~
 5:39.80 /home/lc/projekty/OpenKomodoIDE/mozilla/build/moz14000-ko14.10/mozilla/dom/canvas/WebGLTexelConversions.cpp: In member function 'void mozilla::{anonymous}::WebGLImageConverter::run() [with mozilla::WebGLTexelFormat SrcFormat = mozilla::WebGLTexelFormat::RGBA16F; mozilla::WebGLTexelFormat DstFormat = mozilla::WebGLTexelFormat::RGBA16F; mozilla::WebGLTexelPremultiplicationOp PremultiplicationOp = mozilla::WebGLTexelPremultiplicationOp::None; mozilla::dom::PredefinedColorSpace SrcColorSpace = mozilla::dom::PredefinedColorSpace::Srgb; mozilla::dom::PredefinedColorSpace DstColorSpace = mozilla::dom::PredefinedColorSpace::Display_p3]':
 5:39.80 /home/lc/projekty/OpenKomodoIDE/mozilla/build/moz14000-ko14.10/mozilla/dom/canvas/WebGLTexelConversions.cpp:225:17: note: 'srcAsFloat[2]' was declared here
 5:39.80   225 |           float srcAsFloat[MaxElementsPerTexel];
 5:39.80       |                 ^~~~~~~~~~
 5:39.83 /home/lc/projekty/OpenKomodoIDE/mozilla/build/moz14000-ko14.10/mozilla/dom/canvas/WebGLTexelConversions.cpp: In member function 'void mozilla::{anonymous}::WebGLImageConverter::run() [with mozilla::WebGLTexelFormat SrcFormat = mozilla::WebGLTexelFormat::RGBA16F; mozilla::WebGLTexelFormat DstFormat = mozilla::WebGLTexelFormat::RGBA16F; mozilla::WebGLTexelPremultiplicationOp PremultiplicationOp = mozilla::WebGLTexelPremultiplicationOp::None; mozilla::dom::PredefinedColorSpace SrcColorSpace = mozilla::dom::PredefinedColorSpace::Display_p3; mozilla::dom::PredefinedColorSpace DstColorSpace = mozilla::dom::PredefinedColorSpace::Srgb]':
 5:39.83 /home/lc/projekty/OpenKomodoIDE/mozilla/build/moz14000-ko14.10/mozilla/dom/canvas/WebGLTexelConversions.cpp:225:17: warning: 'srcAsFloat[0]' may be used uninitialized [-Wmaybe-uninitialized]
 5:39.83 /home/lc/projekty/OpenKomodoIDE/mozilla/build/moz14000-ko14.10/mozilla/dom/canvas/WebGLTexelConversions.cpp:225:17: warning: 'srcAsFloat[1]' may be used uninitialized [-Wmaybe-uninitialized]
 5:39.83 In constructor 'constexpr mozilla::color::avec<TT, NN>::avec(const std::array<TT, N>&) [with TT = float; int NN = 3]',
 5:39.83     inlined from 'void mozilla::{anonymous}::WebGLImageConverter::run() [with mozilla::WebGLTexelFormat SrcFormat = mozilla::WebGLTexelFormat::RGBA16F; mozilla::WebGLTexelFormat DstFormat = mozilla::WebGLTexelFormat::RGBA16F; mozilla::WebGLTexelPremultiplicationOp PremultiplicationOp = mozilla::WebGLTexelPremultiplicationOp::None; mozilla::dom::PredefinedColorSpace SrcColorSpace = mozilla::dom::PredefinedColorSpace::Display_p3; mozilla::dom::PredefinedColorSpace DstColorSpace = mozilla::dom::PredefinedColorSpace::Srgb]' at /home/lc/projekty/OpenKomodoIDE/mozilla/build/moz14000-ko14.10/mozilla/dom/canvas/WebGLTexelConversions.cpp:227:16:
 5:39.83 /home/lc/projekty/OpenKomodoIDE/mozilla/build/moz14000-ko14.10/mozilla/gfx/gl/Colorspaces.h:252:5: warning: 'srcAsFloat[2]' may be used uninitialized [-Wmaybe-uninitialized]
 5:39.83   252 |     this->data = data;
 5:39.83       |     ^~~~
 5:39.83 /home/lc/projekty/OpenKomodoIDE/mozilla/build/moz14000-ko14.10/mozilla/dom/canvas/WebGLTexelConversions.cpp: In member function 'void mozilla::{anonymous}::WebGLImageConverter::run() [with mozilla::WebGLTexelFormat SrcFormat = mozilla::WebGLTexelFormat::RGBA16F; mozilla::WebGLTexelFormat DstFormat = mozilla::WebGLTexelFormat::RGBA16F; mozilla::WebGLTexelPremultiplicationOp PremultiplicationOp = mozilla::WebGLTexelPremultiplicationOp::None; mozilla::dom::PredefinedColorSpace SrcColorSpace = mozilla::dom::PredefinedColorSpace::Display_p3; mozilla::dom::PredefinedColorSpace DstColorSpace = mozilla::dom::PredefinedColorSpace::Srgb]':
 5:39.83 /home/lc/projekty/OpenKomodoIDE/mozilla/build/moz14000-ko14.10/mozilla/dom/canvas/WebGLTexelConversions.cpp:225:17: note: 'srcAsFloat[2]' was declared here
 5:39.83   225 |           float srcAsFloat[MaxElementsPerTexel];
 5:39.83       |                 ^~~~~~~~~~
 5:39.94 /home/lc/projekty/OpenKomodoIDE/mozilla/build/moz14000-ko14.10/mozilla/dom/canvas/WebGLTexelConversions.cpp: In member function 'void mozilla::{anonymous}::WebGLImageConverter::run() [with mozilla::WebGLTexelFormat SrcFormat = mozilla::WebGLTexelFormat::RGBA16F; mozilla::WebGLTexelFormat DstFormat = mozilla::WebGLTexelFormat::RGBA16F; mozilla::WebGLTexelPremultiplicationOp PremultiplicationOp = mozilla::WebGLTexelPremultiplicationOp::Premultiply; mozilla::dom::PredefinedColorSpace SrcColorSpace = mozilla::dom::PredefinedColorSpace::Srgb; mozilla::dom::PredefinedColorSpace DstColorSpace = mozilla::dom::PredefinedColorSpace::Display_p3]':
 5:39.94 /home/lc/projekty/OpenKomodoIDE/mozilla/build/moz14000-ko14.10/mozilla/dom/canvas/WebGLTexelConversions.cpp:225:17: warning: 'srcAsFloat[0]' is used uninitialized [-Wuninitialized]
 5:39.94 /home/lc/projekty/OpenKomodoIDE/mozilla/build/moz14000-ko14.10/mozilla/dom/canvas/WebGLTexelConversions.cpp:225:17: warning: 'srcAsFloat[1]' is used uninitialized [-Wuninitialized]
 5:39.94 In constructor 'constexpr mozilla::color::avec<TT, NN>::avec(const std::array<TT, N>&) [with TT = float; int NN = 3]',
 5:39.94     inlined from 'void mozilla::{anonymous}::WebGLImageConverter::run() [with mozilla::WebGLTexelFormat SrcFormat = mozilla::WebGLTexelFormat::RGBA16F; mozilla::WebGLTexelFormat DstFormat = mozilla::WebGLTexelFormat::RGBA16F; mozilla::WebGLTexelPremultiplicationOp PremultiplicationOp = mozilla::WebGLTexelPremultiplicationOp::Premultiply; mozilla::dom::PredefinedColorSpace SrcColorSpace = mozilla::dom::PredefinedColorSpace::Srgb; mozilla::dom::PredefinedColorSpace DstColorSpace = mozilla::dom::PredefinedColorSpace::Display_p3]' at /home/lc/projekty/OpenKomodoIDE/mozilla/build/moz14000-ko14.10/mozilla/dom/canvas/WebGLTexelConversions.cpp:227:16:
 5:39.94 /home/lc/projekty/OpenKomodoIDE/mozilla/build/moz14000-ko14.10/mozilla/gfx/gl/Colorspaces.h:252:5: warning: 'srcAsFloat[2]' may be used uninitialized [-Wmaybe-uninitialized]
 5:39.94   252 |     this->data = data;
 5:39.94       |     ^~~~
 5:39.94 /home/lc/projekty/OpenKomodoIDE/mozilla/build/moz14000-ko14.10/mozilla/dom/canvas/WebGLTexelConversions.cpp: In member function 'void mozilla::{anonymous}::WebGLImageConverter::run() [with mozilla::WebGLTexelFormat SrcFormat = mozilla::WebGLTexelFormat::RGBA16F; mozilla::WebGLTexelFormat DstFormat = mozilla::WebGLTexelFormat::RGBA16F; mozilla::WebGLTexelPremultiplicationOp PremultiplicationOp = mozilla::WebGLTexelPremultiplicationOp::Premultiply; mozilla::dom::PredefinedColorSpace SrcColorSpace = mozilla::dom::PredefinedColorSpace::Srgb; mozilla::dom::PredefinedColorSpace DstColorSpace = mozilla::dom::PredefinedColorSpace::Display_p3]':
 5:39.94 /home/lc/projekty/OpenKomodoIDE/mozilla/build/moz14000-ko14.10/mozilla/dom/canvas/WebGLTexelConversions.cpp:225:17: note: 'srcAsFloat[2]' was declared here
 5:39.94   225 |           float srcAsFloat[MaxElementsPerTexel];
 5:39.94       |                 ^~~~~~~~~~
 5:40.01 /home/lc/projekty/OpenKomodoIDE/mozilla/build/moz14000-ko14.10/mozilla/dom/canvas/WebGLTexelConversions.cpp: In member function 'void mozilla::{anonymous}::WebGLImageConverter::run() [with mozilla::WebGLTexelFormat SrcFormat = mozilla::WebGLTexelFormat::RGBA16F; mozilla::WebGLTexelFormat DstFormat = mozilla::WebGLTexelFormat::RGBA16F; mozilla::WebGLTexelPremultiplicationOp PremultiplicationOp = mozilla::WebGLTexelPremultiplicationOp::Premultiply; mozilla::dom::PredefinedColorSpace SrcColorSpace = mozilla::dom::PredefinedColorSpace::Display_p3; mozilla::dom::PredefinedColorSpace DstColorSpace = mozilla::dom::PredefinedColorSpace::Srgb]':
 5:40.01 /home/lc/projekty/OpenKomodoIDE/mozilla/build/moz14000-ko14.10/mozilla/dom/canvas/WebGLTexelConversions.cpp:225:17: warning: 'srcAsFloat[0]' is used uninitialized [-Wuninitialized]
 5:40.01 /home/lc/projekty/OpenKomodoIDE/mozilla/build/moz14000-ko14.10/mozilla/dom/canvas/WebGLTexelConversions.cpp:225:17: warning: 'srcAsFloat[1]' is used uninitialized [-Wuninitialized]
 5:40.01 In constructor 'constexpr mozilla::color::avec<TT, NN>::avec(const std::array<TT, N>&) [with TT = float; int NN = 3]',
 5:40.01     inlined from 'void mozilla::{anonymous}::WebGLImageConverter::run() [with mozilla::WebGLTexelFormat SrcFormat = mozilla::WebGLTexelFormat::RGBA16F; mozilla::WebGLTexelFormat DstFormat = mozilla::WebGLTexelFormat::RGBA16F; mozilla::WebGLTexelPremultiplicationOp PremultiplicationOp = mozilla::WebGLTexelPremultiplicationOp::Premultiply; mozilla::dom::PredefinedColorSpace SrcColorSpace = mozilla::dom::PredefinedColorSpace::Display_p3; mozilla::dom::PredefinedColorSpace DstColorSpace = mozilla::dom::PredefinedColorSpace::Srgb]' at /home/lc/projekty/OpenKomodoIDE/mozilla/build/moz14000-ko14.10/mozilla/dom/canvas/WebGLTexelConversions.cpp:227:16:
 5:40.01 /home/lc/projekty/OpenKomodoIDE/mozilla/build/moz14000-ko14.10/mozilla/gfx/gl/Colorspaces.h:252:5: warning: 'srcAsFloat[2]' may be used uninitialized [-Wmaybe-uninitialized]
 5:40.01   252 |     this->data = data;
 5:40.01       |     ^~~~
 5:40.01 /home/lc/projekty/OpenKomodoIDE/mozilla/build/moz14000-ko14.10/mozilla/dom/canvas/WebGLTexelConversions.cpp: In member function 'void mozilla::{anonymous}::WebGLImageConverter::run() [with mozilla::WebGLTexelFormat SrcFormat = mozilla::WebGLTexelFormat::RGBA16F; mozilla::WebGLTexelFormat DstFormat = mozilla::WebGLTexelFormat::RGBA16F; mozilla::WebGLTexelPremultiplicationOp PremultiplicationOp = mozilla::WebGLTexelPremultiplicationOp::Premultiply; mozilla::dom::PredefinedColorSpace SrcColorSpace = mozilla::dom::PredefinedColorSpace::Display_p3; mozilla::dom::PredefinedColorSpace DstColorSpace = mozilla::dom::PredefinedColorSpace::Srgb]':
 5:40.01 /home/lc/projekty/OpenKomodoIDE/mozilla/build/moz14000-ko14.10/mozilla/dom/canvas/WebGLTexelConversions.cpp:225:17: note: 'srcAsFloat[2]' was declared here
 5:40.01   225 |           float srcAsFloat[MaxElementsPerTexel];
 5:40.01       |                 ^~~~~~~~~~
 5:58.77 gmake[2]: *** [/home/lc/projekty/OpenKomodoIDE/mozilla/build/moz14000-ko14.10/mozilla/config/recurse.mk:34: compile] Error 2
 5:58.78 gmake[1]: *** [/home/lc/projekty/OpenKomodoIDE/mozilla/build/moz14000-ko14.10/mozilla/config/rules.mk:359: default] Error 2
 5:58.78 gmake: *** [client.mk:60: build] Error 2
 5:58.91 W 36 compiler warnings present.
 5:59.08 W Notification center failed: Install notify-send (usually part of the libnotify package) to get a notification when the build finishes.
/home/lc/projekty/OpenKomodoIDE/mozilla/build/moz-state/srcdirs/mozilla-a75811c90ce1/_virtualenvs/mach/lib/python3.13/site-packages/psutil/_pslinux.py:513: RuntimeWarning: shared, active, inactive memory stats couldn't be determined and were set to 0
  warnings.warn(msg, RuntimeWarning)
  Parallelism determined by memory: using 8 jobs for 8 cores based on 15.7 GiB RAM and estimated job size of 2.0 GiB
Traceback (most recent call last):
  File "/home/lc/projekty/OpenKomodoIDE/mozilla/build.py", line 3259, in <module>
    sys.exit( main(sys.argv) )
              ~~~~^^^^^^^^^^
  File "/home/lc/projekty/OpenKomodoIDE/mozilla/build.py", line 3255, in main
    return build(args)
  File "/home/lc/projekty/OpenKomodoIDE/mozilla/build.py", line 3080, in build
    newArgv = targetFunc(argv)
  File "/home/lc/projekty/OpenKomodoIDE/mozilla/build.py", line 2670, in target_mozilla
    _run_in_dir("python3 mach --log-file %s build %s" %
    ~~~~~~~~~~~^^^^^^^^^^^^^^^^^^^^^^^^^^^^^^^^^^^^^^^^
                    (join(buildDir, "mach.log"), build_args),
                    ^^^^^^^^^^^^^^^^^^^^^^^^^^^^^^^^^^^^^^^^^
                buildDir, log.info)
                ^^^^^^^^^^^^^^^^^^^
  File "/home/lc/projekty/OpenKomodoIDE/mozilla/build.py", line 272, in _run_in_dir
    _run(cmd, logstream=None)
    ~~~~^^^^^^^^^^^^^^^^^^^^^
  File "/home/lc/projekty/OpenKomodoIDE/mozilla/build.py", line 254, in _run
    raise OSError("error running '%s': %r" % (cmd, status))
OSError: error running 'python3 mach --log-file /home/lc/projekty/OpenKomodoIDE/mozilla/build/moz14000-ko14.10/mozilla/mach.log build ': 2
